screen_seq,record_id,doi,arxiv_id,title,authors,year,venue,venue_tier,lineages,screen_score,abstract_available,decision,reason_code,note,lineage_final,screened_utc,screener
1,doi:10.20965/jrm.2025.p0284,10.20965/jrm.2025.p0284,,Object Detection for Product Arrangement Robot Using Anomaly Detection,Ryota Kondo; Tsuyoshi Tasaki,2025,Journal of Robotics and Mechatronics,other,L10_cross_robot_few_shot; L5_lie_geometry_equivariant; L7_mtsad_context_ood_sequential; L8_public_benchmarks_transfer; L9_foundation_multimodal; L_killer_precision; L_recent_2025_2026,28.0,true,EXCLUDE,NOT_FAULT_ANOMALY_TOPIC,Vision-based product-state detection for shelf arrangement; not robot health/fault monitoring,,2026-08-24T03:12:11+00:00,claude_fable_5_paper_reset_v2
2,doi:10.1109/tro.2023.3332224,10.1109/tro.2023.3332224,2311.04765v1,The voraus-AD Dataset for Anomaly Detection in Robot Applications,Jan Thieß Brockmann; Marco Rudolph; Bodo Rosenhahn; Bastian Wandt,2023,IEEE Transactions on Robotics,R,L7_mtsad_context_ood_sequential; L8_public_benchmarks_transfer; L_killer_precision; L_recent_2025_2026,25.327,true,INCLUDE_PRIORITY,DATASET_OR_CODE_PAPER,"voraus-AD dataset + MVT-Flow native baseline; mandatory dataset paper (already carded in V1, recount under V2)",L8_public_benchmarks_transfer,2026-08-24T03:12:11+00:00,claude_fable_5_paper_reset_v2
3,doi:10.1109/access.2023.3289068,10.1109/access.2023.3289068,,An Experimental Comparison of Anomaly Detection Methods for Collaborative Robot Manipulators,Søren Goddiksen Graabæk; Emil Vincent Ancker; Andreas Rune Fugl; Anders Lyhne Christensen,2023,IEEE Access,other,L5_lie_geometry_equivariant; L7_mtsad_context_ood_sequential; L8_public_benchmarks_transfer; L9_foundation_multimodal; L_killer_precision,24.827,true,INCLUDE_PRIORITY,DATASET_OR_CODE_PAPER,UR5e anomaly comparison (Graabaek); supplementary dataset + broad method comparison on real cobot,L8_public_benchmarks_transfer,2026-08-24T03:12:11+00:00,claude_fable_5_paper_reset_v2
4,doi:10.1109/tro.2021.3129630,10.1109/tro.2021.3129630,,Transferable Collision Detection Learning for Collaborative Manipulator Using Versatile Modularized Neural Network,Donghyeon Kim; Daegyu Lim; Jaeheung Park,2021,IEEE Transactions on Robotics,R,L3_learned_momentum_observer; L4_structured_chain_graph_dynamics; L_killer_precision; L_recent_2025_2026,23.757,true,INCLUDE_PRIORITY,KILLER_CANDIDATE,Kim-Lim-Park transferable modularized collision detection; contract-listed killer paper,L6_contact_collision_localization,2026-08-24T03:12:11+00:00,claude_fable_5_paper_reset_v2
5,doi:10.1109/sensors56945.2023.10325098,10.1109/sensors56945.2023.10325098,,Smart Fault Detection Approach Leveraging Soft Sensor and Model-Free Control: Application to Robot Manipulator,Heni Belgacem; Atal Anil Kumar; Inès Chihi; Lilia Sidhom,2023,2023 IEEE SENSORS,other,L11_active_diagnosis; L2_manipulator_actuator_sensor_fdi; L5_lie_geometry_equivariant; L_killer_precision,22.075,true,INCLUDE_FULLTEXT,LINEAGE_QUOTA,"Model-free FDD on manipulator; L2 quota candidate, modest venue",L2_manipulator_actuator_sensor_fdi,2026-08-24T03:12:11+00:00,claude_fable_5_paper_reset_v2
6,doi:10.1109/lra.2022.3153989,10.1109/lra.2022.3153989,,Proactive Anomaly Detection for Robot Navigation With Multi-Sensor Fusion,Tianchen Ji; Arun N. Sivakumar; Girish Chowdhary; Katherine Driggs-Campbell,2022,IEEE Robotics and Automation Letters,R,L7_mtsad_context_ood_sequential; L8_public_benchmarks_transfer; L_killer_precision,22.0,true,INCLUDE_BACKGROUND,CONTEXT_RELEVANT,"Navigation anomaly (mobile robot), multi-sensor; robot-AD context, not manipulator",L7_mtsad_context_ood_sequential,2026-08-24T03:12:11+00:00,claude_fable_5_paper_reset_v2
7,doi:10.21203/rs.3.rs-9502784/v1,10.21203/rs.3.rs-9502784/v1,,Dual-Branch Collaborative Framework for Robust Visual Anomaly Detection in Mobile Robot Inspection,Xuesong Zhang; Min Wu; Hua Jin; Jing Wang,2026,,other,L7_mtsad_context_ood_sequential; L8_public_benchmarks_transfer; L9_foundation_multimodal; L_killer_precision; L_recent_2025_2026,21.5,false,EXCLUDE,WRONG_OBJECT,"Visual anomaly detection for mobile inspection robot; preprint server, no abstract",,2026-08-24T03:12:11+00:00,claude_fable_5_paper_reset_v2
8,doi:10.3390/s21124235,10.3390/s21124235,,A Simple Neural Network for Collision Detection of Collaborative Robots,Michał Czubenko; Zdzisław Kowalczuk,2021,Sensors,MDPI,L2_manipulator_actuator_sensor_fdi; L3_learned_momentum_observer; L4_structured_chain_graph_dynamics; L6_contact_collision_localization,21.167,true,INCLUDE_BACKGROUND,VENUE_EXCLUDED_MDPI,Learning collision detection on cobot; topically in-scope but MDPI cannot anchor novelty (contract 4.4),L6_contact_collision_localization,2026-08-24T03:12:11+00:00,claude_fable_5_paper_reset_v2
9,doi:10.1016/j.rcim.2023.102684,10.1016/j.rcim.2023.102684,,Manipulator joint fault localization for intelligent flexible manufacturing based on reinforcement learning and robot dynamics,ShiJie Wang; JianFeng Tao; QinCheng Jiang; Wei Chen; ChengLiang Liu,2024,Robotics and Computer-Integrated Manufacturing,other,L2_manipulator_actuator_sensor_fdi; L5_lie_geometry_equivariant; L_killer_precision; L_recent_2025_2026,21.02,false,INCLUDE_FULLTEXT,LINEAGE_QUOTA,"Joint fault localization with RL + robot dynamics (RCIM); L2 quota, no abstract in index",L2_manipulator_actuator_sensor_fdi,2026-08-24T03:12:11+00:00,claude_fable_5_paper_reset_v2
10,doi:10.1109/aero53065.2022.9843528,10.1109/aero53065.2022.9843528,,Intelligent Anomaly Detection of Robot Manipulator based on Energy Consumption Auditing,Seong Hyeon Hong; Tristan Kyzer; Jackson Cornelius; Feraidoon Zahiri; Yi Wang,2022,2022 IEEE Aerospace Conference (AERO),other,L10_cross_robot_few_shot; L7_mtsad_context_ood_sequential; L9_foundation_multimodal; L_killer_precision,20.939,true,INCLUDE_BACKGROUND,CONTEXT_RELEVANT,"Side-channel energy auditing anomaly for manipulator; security angle, weak tie to proprioceptive FDI",L7_mtsad_context_ood_sequential,2026-08-24T03:12:11+00:00,claude_fable_5_paper_reset_v2
11,doi:10.1016/j.ymssp.2019.106587,10.1016/j.ymssp.2019.106587,,Applications of machine learning to machine fault diagnosis: A review and roadmap,Yaguo Lei; Bin Yang; Xinwei Jiang; Feng Jia; Naipeng Li; Asoke K. Nandi,2020,Mechanical Systems and Signal Processing,C,L10_cross_robot_few_shot; L11_active_diagnosis; L2_manipulator_actuator_sensor_fdi; L4_structured_chain_graph_dynamics,20.5,false,INCLUDE_BACKGROUND,CONTEXT_RELEVANT,Lei et al. ML fault diagnosis review (rotating machinery); framing background only,L2_manipulator_actuator_sensor_fdi,2026-08-24T03:12:11+00:00,claude_fable_5_paper_reset_v2
12,doi:10.1016/j.heliyon.2023.e13359,10.1016/j.heliyon.2023.e13359,,"Towards next generation digital twin in robotics: Trends, scopes, challenges, and future",Arif Hossain Mazumder; M.F. Sahed; Zinat Tasneem; Prangon Das; Faisal R. Badal; Md. Firoj Ali; Md. Hafiz Ahamed; Shinu Abhi; Subrata K. Sarker; Sumit Kumar Das; Md Mehedi Hasan; Md Munjurul Islam; Md. Robiul Islam,2023,Heliyon,other,L10_cross_robot_few_shot; L2_manipulator_actuator_sensor_fdi; L8_public_benchmarks_transfer; L9_foundation_multimodal,20.0,true,EXCLUDE,SURVEY_TANGENTIAL,Digital-twin-in-robotics survey; no fault/anomaly method content,,2026-08-24T03:12:11+00:00,claude_fable_5_paper_reset_v2
13,doi:10.1007/s10846-021-01317-1,10.1007/s10846-021-01317-1,,Fault Tolerant Control and Reconfiguration of Mobile Manipulator,Vitalram Rayankula; Pushparaj Mani Pathak,2021,Journal of Intelligent &amp; Robotic Systems,other,L2_manipulator_actuator_sensor_fdi; L5_lie_geometry_equivariant; L_killer_precision,19.583,false,INCLUDE_BACKGROUND,CONTEXT_RELEVANT,"FTC/reconfiguration of mobile manipulator; control-centric, detection secondary",L2_manipulator_actuator_sensor_fdi,2026-08-24T03:12:11+00:00,claude_fable_5_paper_reset_v2
14,doi:10.1038/s41598-024-79151-2,10.1038/s41598-024-79151-2,,Deep learning based approaches for intelligent industrial machinery health management and fault diagnosis in resource-constrained environments,Ali Saeed; Muazzam A. Khan; Usman Akram; Waeal J. Obidallah; Soyiba Jawed; Awais Ahmad,2025,Scientific Reports,other,L10_cross_robot_few_shot; L11_active_diagnosis; L2_manipulator_actuator_sensor_fdi; L4_structured_chain_graph_dynamics,19.5,true,EXCLUDE,PROCESS_MACHINERY_ONLY,Generic industrial machinery health management; not manipulator-specific,,2026-08-24T03:12:11+00:00,claude_fable_5_paper_reset_v2
15,doi:10.1109/iros47612.2022.9981767,10.1109/iros47612.2022.9981767,,Collision detection and identification for a legged manipulator,Jessie Van Dam; Andreea Tulbure; Maria Vittoria Minniti; Firas Abi-Farraj; Marco Hutter,2022,2022 IEEE/RSJ International Conference on Intelligent Robots and Systems (IROS),R,L6_contact_collision_localization; L_killer_precision,19.234,true,INCLUDE_FULLTEXT,LINEAGE_QUOTA,"Collision detection+identification for legged manipulator; L6, floating-base variant of our question",L6_contact_collision_localization,2026-08-24T03:12:11+00:00,claude_fable_5_paper_reset_v2
16,doi:10.1007/s10845-023-02165-6,10.1007/s10845-023-02165-6,,Fault diagnosis and self-healing for smart manufacturing: a review,Joma Aldrini; Inès Chihi; Lilia Sidhom,2023,Journal of Intelligent Manufacturing,other,L10_cross_robot_few_shot; L11_active_diagnosis; L2_manipulator_actuator_sensor_fdi; L5_lie_geometry_equivariant,19.0,true,EXCLUDE,SURVEY_TANGENTIAL,Smart-manufacturing fault diagnosis/self-healing review; too broad,,2026-08-24T03:12:11+00:00,claude_fable_5_paper_reset_v2
17,doi:10.1186/s42400-021-00077-7,10.1186/s42400-021-00077-7,,"A critical review of intrusion detection systems in the internet of things: techniques, deployment strategy, validation strategy, attacks, public datasets and challenges",Ansam Khraisat; Ammar Alazab,2021,Cybersecurity,other,L10_cross_robot_few_shot; L7_mtsad_context_ood_sequential; L8_public_benchmarks_transfer; L_killer_precision,19.0,true,EXCLUDE,NOT_ROBOT_DOMAIN,IoT intrusion detection review,,2026-08-24T03:12:11+00:00,claude_fable_5_paper_reset_v2
18,doi:10.3390/s21196340,10.3390/s21196340,,A Survey on AI-Driven Digital Twins in Industry 4.0: Smart Manufacturing and Advanced Robotics,Ziqi Huang; Yang Shen; Jiayi Li; Marcel Fey; Christian Brecher,2021,Sensors,MDPI,L10_cross_robot_few_shot; L4_structured_chain_graph_dynamics; L7_mtsad_context_ood_sequential; L8_public_benchmarks_transfer; L9_foundation_multimodal,19.0,true,EXCLUDE,SURVEY_TANGENTIAL,AI digital-twin survey (MDPI); off-question,,2026-08-24T03:12:11+00:00,claude_fable_5_paper_reset_v2
19,doi:10.1504/ijdsss.2021.114560,10.1504/ijdsss.2021.114560,,Fault detection and isolation using sliding mode observers with sensor fault in robot manipulator,Khaoula Oulidi Omali; Mohammed Nabil Kabbaj; Mohammed Benbrahim,2021,International Journal of Digital Signals and Smart Systems,other,L2_manipulator_actuator_sensor_fdi; L5_lie_geometry_equivariant; L_killer_precision,18.832,true,INCLUDE_BACKGROUND,CONTEXT_RELEVANT,"Sliding-mode observer FDI for manipulator sensor faults; classic model-based line, weak venue",L2_manipulator_actuator_sensor_fdi,2026-08-24T03:12:11+00:00,claude_fable_5_paper_reset_v2
20,doi:10.23919/ccc55666.2022.9901736,10.23919/ccc55666.2022.9901736,,Fixed-Time Fault-Tolerant Sliding Mode Control for Robot Manipulator,Rong Cheng; Lizhen Li; Haoyun Li; Songsong Cheng; Xiaohan Fang; Yuan Fan,2022,2022 41st Chinese Control Conference (CCC),other,L2_manipulator_actuator_sensor_fdi; L5_lie_geometry_equivariant; L_killer_precision,18.832,true,EXCLUDE,OFF_TOPIC_OTHER,Fixed-time FTC controller synthesis; no detection/diagnosis contribution,,2026-08-24T03:12:11+00:00,claude_fable_5_paper_reset_v2
21,doi:10.1109/icrca64997.2025.11011097,10.1109/icrca64997.2025.11011097,,Fault Model Establishment and Hybrid Neural Network Diagnosis for Manipulator,Yongbo Chen; Zhang Ting,2025,"2025 9th International Conference on Robotics, Control and Automation (ICRCA)",other,L2_manipulator_actuator_sensor_fdi; L4_structured_chain_graph_dynamics; L_killer_precision,18.5,true,INCLUDE_BACKGROUND,CONTEXT_RELEVANT,"Manipulator fault diagnosis, sim-generated data + hybrid NN; weak conference",L2_manipulator_actuator_sensor_fdi,2026-08-24T03:12:11+00:00,claude_fable_5_paper_reset_v2
22,doi:10.1109/smartindustrycon61328.2024.10516172,10.1109/smartindustrycon61328.2024.10516172,,Synthesis and Experimental Research of Fault Detection System for Actuators of Robot Manipulator by Technical Vision,Vladimir Filaretov; Alexander Zuev; Alexander Protsenko,2024,2024 International Russian Smart Industry Conference (SmartIndustryCon),other,L2_manipulator_actuator_sensor_fdi; L5_lie_geometry_equivariant; L_killer_precision,18.416,true,INCLUDE_BACKGROUND,CONTEXT_RELEVANT,Vision-based actuator/sensor fault detection for manipulator; different sensing modality,L2_manipulator_actuator_sensor_fdi,2026-08-24T03:12:11+00:00,claude_fable_5_paper_reset_v2
23,doi:10.3389/frobt.2023.1190296,10.3389/frobt.2023.1190296,,Exploiting redundancy for UWB anomaly detection in infrastructure-free multi-robot relative localization,Sahar Salimpour; Paola Torrico Morón; Xianjia Yu; Tomi Westerlund; Jorge Peña-Queralta,2023,Frontiers in Robotics and AI,other,L7_mtsad_context_ood_sequential; L8_public_benchmarks_transfer; L_killer_precision,18.168,true,EXCLUDE,WRONG_OBJECT,UWB relative localization anomaly for multi-robot; not manipulator health,,2026-08-24T03:12:11+00:00,claude_fable_5_paper_reset_v2
24,doi:10.1109/access.2022.3210550,10.1109/access.2022.3210550,,Disturbance Observer-Based Force Estimation and Fault Detection for Robotic Manipulator in Radioactive Environments,Huaimin Liu; Xiangjiang Wang; Liuyang Chen,2022,IEEE Access,other,L3_learned_momentum_observer; L5_lie_geometry_equivariant; L6_contact_collision_localization,18.075,true,INCLUDE_FULLTEXT,LINEAGE_QUOTA,Disturbance-observer external force estimation + force-sensor fault detection on serial arm; L3,L3_learned_momentum_observer,2026-08-24T03:12:11+00:00,claude_fable_5_paper_reset_v2
25,doi:10.1007/s40747-023-01173-6,10.1007/s40747-023-01173-6,,Computer vision-based hand gesture recognition for human-robot interaction: a review,Jing Qi; Li Ma; Zhenchao Cui; Yushu Yu,2023,Complex & Intelligent Systems,other,L10_cross_robot_few_shot; L7_mtsad_context_ood_sequential; L8_public_benchmarks_transfer; L9_foundation_multimodal,18.0,true,EXCLUDE,NOT_FAULT_ANOMALY_TOPIC,Hand-gesture recognition review,,2026-08-24T03:12:11+00:00,claude_fable_5_paper_reset_v2
26,doi:10.1109/access.2021.3107975,10.1109/access.2021.3107975,,"Deep Learning for Anomaly Detection in Time-Series Data: Review, Analysis, and Guidelines",Kukjin Choi; Jihun Yi; Changhwa Park; Sungroh Yoon,2021,IEEE Access,other,L10_cross_robot_few_shot; L7_mtsad_context_ood_sequential; L8_public_benchmarks_transfer; L9_foundation_multimodal,18.0,true,INCLUDE_BACKGROUND,CONTEXT_RELEVANT,Time-series DL anomaly detection review; L7 framing background,L7_mtsad_context_ood_sequential,2026-08-24T03:12:11+00:00,claude_fable_5_paper_reset_v2
27,doi:10.1109/ojvt.2024.3422253,10.1109/ojvt.2024.3422253,,Deep Learning in the Fast Lane: A Survey on Advanced Intrusion Detection Systems for Intelligent Vehicle Networks,Mohammed Almehdhar; Abdullatif Albaseer; Muhammad Asif Khan; Mohamed Abdallah; Hamid Menouar; Saif Al‐Kuwari; Ala Al‐Fuqaha,2024,IEEE Open Journal of Vehicular Technology,other,L10_cross_robot_few_shot; L5_lie_geometry_equivariant; L7_mtsad_context_ood_sequential; L_killer_precision,18.0,true,EXCLUDE,NOT_ROBOT_DOMAIN,Vehicle-network intrusion detection survey,,2026-08-24T03:12:11+00:00,claude_fable_5_paper_reset_v2
28,doi:10.1109/tase.2021.3131011,10.1109/tase.2021.3131011,,"Control Techniques for Safe, Ergonomic, and Efficient Human-Robot Collaboration in the Digital Industry: A Survey",Silvia Proia; Raffaele Carli; Graziana Cavone; Mariagrazia Dotoli,2021,IEEE Transactions on Automation Science and Engineering,C,L3_learned_momentum_observer; L4_structured_chain_graph_dynamics; L6_contact_collision_localization,18.0,true,INCLUDE_BACKGROUND,CONTEXT_RELEVANT,HRC safety/control survey (TASE); collision-detection section is context,L6_contact_collision_localization,2026-08-24T03:12:11+00:00,claude_fable_5_paper_reset_v2
29,doi:10.1109/lra.2022.3154040,10.1109/lra.2022.3154040,,Adaptive Center-of-Mass Relocation for Aerial Manipulator Fault Tolerance,Claudio Pose; Juan Giribet; Ignacio Mas,2022,IEEE Robotics and Automation Letters,R,L5_lie_geometry_equivariant; L_killer_precision,17.939,true,EXCLUDE,WRONG_OBJECT,Aerial manipulator motor-failure tolerance via CoM relocation; FTC on aerial platform,,2026-08-24T03:12:11+00:00,claude_fable_5_paper_reset_v2
30,doi:10.1109/lra.2025.3575326,10.1109/lra.2025.3575326,2505.08334v2,Fast Contact Detection Via Fusion of Joint and Inertial Sensors for Parallel Robots in Human-Robot Collaboration,Aran Mohammad; Jan Piosik; Dustin Lehmann; Thomas Seel; Moritz Schappler,2025,IEEE Robotics and Automation Letters,R,L3_learned_momentum_observer; L6_contact_collision_localization,17.659,true,INCLUDE_PRIORITY,DIRECT_NEIGHBOR_CANDIDATE,2025 RAL fast contact detection fusing joint+IMU for parallel robots in HRC; proprioceptive contact line,L6_contact_collision_localization,2026-08-24T03:12:11+00:00,claude_fable_5_paper_reset_v2
31,doi:10.3390/act11070195,10.3390/act11070195,,An Active Fault-Tolerant Control Based on Synchronous Fast Terminal Sliding Mode for a Robot Manipulator,Quang Dan Le; Hee-Jun Kang,2022,Actuators,MDPI,L2_manipulator_actuator_sensor_fdi; L5_lie_geometry_equivariant; L_killer_precision,17.583,true,EXCLUDE,OFF_TOPIC_OTHER,"Active FTC controller (MDPI Actuators); control synthesis, not detection",,2026-08-24T03:12:11+00:00,claude_fable_5_paper_reset_v2
32,doi:10.1109/access.2021.3099287,10.1109/access.2021.3099287,,Human-Robot Interaction Review: Challenges and Solutions for Modern Industrial Environments,Diego Rodriguez-Guerra; Gorka Sorrosal; Itziar Cabanes; Carlos Calleja,2021,IEEE Access,other,L2_manipulator_actuator_sensor_fdi; L3_learned_momentum_observer; L6_contact_collision_localization,17.5,true,EXCLUDE,SURVEY_TANGENTIAL,HRI industrial review; no method content on FDI,,2026-08-24T03:12:11+00:00,claude_fable_5_paper_reset_v2
33,doi:10.1007/979-8-8688-0008-5_1,10.1007/979-8-8688-0008-5_1,,Introduction to Anomaly Detection,Suman Kalyan Adari; Sridhar Alla,2024,Beginning Anomaly Detection Using Python-Based Deep Learning,other,L4_structured_chain_graph_dynamics; L7_mtsad_context_ood_sequential; L8_public_benchmarks_transfer; L_killer_precision,17.416,true,EXCLUDE,OFF_TOPIC_OTHER,Textbook chapter on anomaly detection basics,,2026-08-24T03:12:11+00:00,claude_fable_5_paper_reset_v2
34,doi:10.1109/ro-man60168.2024.10731184,10.1109/ro-man60168.2024.10731184,,Learning Anomaly Detection Models for Human-Robot Interaction,Shota Mochizuki; Sanae Yamashita; Reiko Yuasa; Tomonori Kubota; Kohei Ogawa; Ryuichiro Higashinaka,2024,2024 33rd IEEE International Conference on Robot and Human Interactive Communication (ROMAN),other,L7_mtsad_context_ood_sequential; L8_public_benchmarks_transfer; L_killer_precision,17.416,true,EXCLUDE,WRONG_OBJECT,Dialogue HRI anomaly dataset; social robots,,2026-08-24T03:12:11+00:00,claude_fable_5_paper_reset_v2
35,doi:10.1109/tro.2021.3084395,10.1109/tro.2021.3084395,,"Past, Present, and Future of Aerial Robotic Manipulators",Anı́bal Ollero; Marco Tognon; Alejandro Suárez; Dongjun Lee; Antonio Franchi,2021,IEEE Transactions on Robotics,R,L11_active_diagnosis; L4_structured_chain_graph_dynamics; L5_lie_geometry_equivariant,17.0,true,EXCLUDE,SURVEY_TANGENTIAL,Aerial manipulation survey; not fault/anomaly,,2026-08-24T03:12:11+00:00,claude_fable_5_paper_reset_v2
36,doi:10.2172/2204657,10.2172/2204657,,Low Energy LArTPC Signal Detection Using Anomaly Detection,Jovan Mitrevski,2023,Low Energy LArTPC Signal Detection Using Anomaly Detection,other,L4_structured_chain_graph_dynamics; L7_mtsad_context_ood_sequential; L8_public_benchmarks_transfer; L_killer_precision,17.0,true,EXCLUDE,NOT_ROBOT_DOMAIN,Particle-detector signal extraction,,2026-08-24T03:12:11+00:00,claude_fable_5_paper_reset_v2
37,doi:10.1109/iros51168.2021.9636868,10.1109/iros51168.2021.9636868,,Soft Manipulator Fault Detection and Identification Using ANC-based LSTM,Haoyuan Gu; Hanjiang Hu; Hesheng Wang; Weidong Chen,2021,2021 IEEE/RSJ International Conference on Intelligent Robots and Systems (IROS),R,L2_manipulator_actuator_sensor_fdi; L5_lie_geometry_equivariant,16.748,true,INCLUDE_BACKGROUND,CONTEXT_RELEVANT,"Soft-manipulator FDI via LSTM; different mechanism class (no rigid chain), context only",L2_manipulator_actuator_sensor_fdi,2026-08-24T03:12:11+00:00,claude_fable_5_paper_reset_v2
38,doi:10.1177/02783649241260428,10.1177/02783649241260428,2402.11221v2,MOB-Net: Limb-modularized uncertainty torque learning of humanoids for sensorless external torque estimation,Daegyu Lim; Myeong-Ju Kim; Junhyeok Cha; Jaeheung Park,2024,The International Journal of Robotics Research,R,L3_learned_momentum_observer; L4_structured_chain_graph_dynamics; L6_contact_collision_localization,16.575,true,INCLUDE_PRIORITY,KILLER_CANDIDATE,MOB-Net (IJRR 2024) limb-modularized uncertainty torque learning; contract-listed killer paper,L3_learned_momentum_observer,2026-08-24T03:12:11+00:00,claude_fable_5_paper_reset_v2
39,doi:10.1109/access.2024.3363657,10.1109/access.2024.3363657,,"Security Considerations in AI-Robotics: A Survey of Current Methods, Challenges, and Opportunities",Subash Neupane; Shaswata Mitra; Ivan Fernandez; Swayamjit Saha; Sudip Mittal; Jingdao Chen; Nisha Pillai; Shahram Rahimi,2024,IEEE Access,other,L2_manipulator_actuator_sensor_fdi; L8_public_benchmarks_transfer; L9_foundation_multimodal,16.393,true,EXCLUDE,NOT_FAULT_ANOMALY_TOPIC,AI-robotics security survey,,2026-08-24T03:12:11+00:00,claude_fable_5_paper_reset_v2
40,doi:10.1007/s10207-021-00545-8,10.1007/s10207-021-00545-8,,"Robotics cyber security: vulnerabilities, attacks, countermeasures, and recommendations",Jean-Paul A. Yaacoub; Hassan Noura; Ola Salman; Ali Chehab,2021,International Journal of Information Security,other,L10_cross_robot_few_shot; L8_public_benchmarks_transfer; L9_foundation_multimodal,16.0,false,EXCLUDE,NOT_ROBOT_DOMAIN,"Robotics cybersecurity review; attack surface, not physical fault detection",,2026-08-24T03:12:11+00:00,claude_fable_5_paper_reset_v2
41,doi:10.1109/hdis56859.2022.9991376,10.1109/hdis56859.2022.9991376,,Robot Manipulator Disturbance Observation and Servo-Fault Diagnosis without Speed Sensor,Shaoxun Liu; Xue Xia; Shiyu Zhou; Zhihua Niu; Rongrong Wang,2022,2022 International Conference on High Performance Big Data and Intelligent Systems (HDIS),other,L2_manipulator_actuator_sensor_fdi; L_killer_precision,15.966,true,INCLUDE_BACKGROUND,CONTEXT_RELEVANT,SMO-based disturbance observation + servo fault diagnosis with position-only sensing; weak conference,L2_manipulator_actuator_sensor_fdi,2026-08-24T03:12:11+00:00,claude_fable_5_paper_reset_v2
42,doi:10.1007/s40435-025-01746-y,10.1007/s40435-025-01746-y,,Fault diagnosis for variable-period multi-interconnected flexible manipulator systems,Jianxiang Zhang; Yu Song; Yanli Gan,2025,International Journal of Dynamics and Control,other,L2_manipulator_actuator_sensor_fdi; L_killer_precision,15.916,false,INCLUDE_BACKGROUND,CONTEXT_RELEVANT,"Flexible interconnected manipulator FD; weak venue, no abstract",L2_manipulator_actuator_sensor_fdi,2026-08-24T03:12:11+00:00,claude_fable_5_paper_reset_v2
43,doi:10.1038/s41598-022-22171-7,10.1038/s41598-022-22171-7,,Deep residual neural-network-based robot joint fault diagnosis method,Jinghui Pan; Lili Qu; Kaixiang Peng,2022,Scientific Reports,other,L4_structured_chain_graph_dynamics; L_killer_precision,15.855,true,INCLUDE_FULLTEXT,LINEAGE_QUOTA,"Supervised DRNN joint fault diagnosis (gain/offset/malfunction, sensors+actuators); paradigm contrast for L2",L2_manipulator_actuator_sensor_fdi,2026-08-24T03:12:11+00:00,claude_fable_5_paper_reset_v2
44,doi:10.1109/icra48891.2023.10161173,10.1109/icra48891.2023.10161173,,Proprioceptive Sensor-Based Simultaneous Multi-Contact Point Localization and Force Identification for Robotic Arms,Seo Wook Han; Min Jun Kim,2023,2023 IEEE International Conference on Robotics and Automation (ICRA),R,L6_contact_collision_localization; L_killer_precision,15.668,true,INCLUDE_PRIORITY,DIRECT_NEIGHBOR_CANDIDATE,Proprioceptive multi-contact localization + force identification (ICRA23); direct L6 neighbor,L6_contact_collision_localization,2026-08-24T03:12:11+00:00,claude_fable_5_paper_reset_v2
45,doi:10.1109/asyu62119.2024.10757097,10.1109/asyu62119.2024.10757097,,Siber Fiziksel Robot Kolunda Makine Öğrenmesi Bazlı Optimizasyon ve Anomali Tespiti Machine Learning Based Optimization and Anomaly Detection in a Cyber-Physical Robot Arm,Figen Özen,2024,2024 Innovations in Intelligent Systems and Applications Conference (ASYU),other,L8_public_benchmarks_transfer; L_killer_precision,15.659,true,INCLUDE_BACKGROUND,CONTEXT_RELEVANT,"PSO feature selection + Extra Trees AD on robot arm; weak venue, feature-selection study",L7_mtsad_context_ood_sequential,2026-08-24T03:12:11+00:00,claude_fable_5_paper_reset_v2
46,doi:10.1016/j.cja.2021.04.022,10.1016/j.cja.2021.04.022,,A review on fault-tolerant cooperative control of multiple unmanned aerial vehicles,Ziquan Yu; Youmin Zhang; Bin Jiang; Jun Fu; Ying Jin,2021,Chinese Journal of Aeronautics,other,L11_active_diagnosis; L4_structured_chain_graph_dynamics; L6_contact_collision_localization,15.5,true,EXCLUDE,WRONG_OBJECT,Multi-UAV fault-tolerant cooperative control review,,2026-08-24T03:12:11+00:00,claude_fable_5_paper_reset_v2
47,doi:10.3390/app13042304,10.3390/app13042304,,Robots in Inspection and Monitoring of Buildings and Infrastructure: A Systematic Review,Srijeet Halder; Kereshmeh Afsari,2023,Applied Sciences,MDPI,L7_mtsad_context_ood_sequential; L8_public_benchmarks_transfer; L9_foundation_multimodal,15.5,true,EXCLUDE,SURVEY_TANGENTIAL,Robotic building inspection review (MDPI),,2026-08-24T03:12:11+00:00,claude_fable_5_paper_reset_v2
48,doi:10.2139/ssrn.4206497,10.2139/ssrn.4206497,,Neural Networks for Robot Collision Estimation and Detection,Abdel-Nasser Sharkawy,2022,,other,L3_learned_momentum_observer; L4_structured_chain_graph_dynamics; L7_mtsad_context_ood_sequential,15.416,false,EXCLUDE,METADATA_TOO_THIN,"SSRN stub, no abstract/venue; on-topic title would resurface via citation chains if real",,2026-08-24T03:12:11+00:00,claude_fable_5_paper_reset_v2
49,doi:10.1109/lra.2023.3296935,10.1109/lra.2023.3296935,,Cascade RDN: Towards Accurate Localization in Industrial Visual Anomaly Detection With Structural Anomaly Generation,Jian Zhang; Ge Yang; Runwei Ding; Yidi Li,2023,IEEE Robotics and Automation Letters,R,L8_public_benchmarks_transfer; L_killer_precision,15.159,true,EXCLUDE,WRONG_OBJECT,Industrial visual (image) anomaly localization; not robot-signal health,,2026-08-24T03:12:11+00:00,claude_fable_5_paper_reset_v2
50,doi:10.1002/rob.22231,10.1002/rob.22231,,Autonomous aerial robotics for package delivery: A technical review,Jack Saunders; Sajad Saeedi; Wenbin Li,2023,Journal of Field Robotics,other,L10_cross_robot_few_shot; L7_mtsad_context_ood_sequential; L8_public_benchmarks_transfer,15.0,true,EXCLUDE,WRONG_OBJECT,Aerial package delivery review,,2026-08-24T03:12:11+00:00,claude_fable_5_paper_reset_v2
51,doi:10.1088/1742-6596/2383/1/012062,10.1088/1742-6596/2383/1/012062,,Research on fault diagnosis of hot die forging multi-station feeding manipulator,Dong Yang,2022,Journal of Physics: Conference Series,other,L2_manipulator_actuator_sensor_fdi; L_killer_precision,15.0,true,EXCLUDE,PROCESS_MACHINERY_ONLY,Expert-system fault tree for forging feeder mechanism,,2026-08-24T03:12:11+00:00,claude_fable_5_paper_reset_v2
52,doi:10.1109/access.2021.3110947,10.1109/access.2021.3110947,,Deep Learning-Based Fault Diagnosis of Photovoltaic Systems: A Comprehensive Review and Enhancement Prospects,Majdi Mansouri; Mohamed Trabelsi; Hazem Nounou; Mohamed Nounou,2021,IEEE Access,other,L10_cross_robot_few_shot; L11_active_diagnosis; L4_structured_chain_graph_dynamics,15.0,true,EXCLUDE,NOT_ROBOT_DOMAIN,Photovoltaic fault diagnosis review,,2026-08-24T03:12:11+00:00,claude_fable_5_paper_reset_v2
53,doi:10.1109/csis-iac63491.2024.10919436,10.1109/csis-iac63491.2024.10919436,,Fault Diagnosis of Central Rigid Body-Flexible Manipulator Based on Iterative Learning Control,Jianxiang Zhang; Yu Song; Yanli Gan,2024,2024 International Annual Conference on Complex Systems and Intelligent Science (CSIS-IAC),other,L2_manipulator_actuator_sensor_fdi; L_killer_precision,15.0,true,INCLUDE_BACKGROUND,CONTEXT_RELEVANT,ILC-based actuator fault estimator for rigid-flexible manipulator; weak conference,L2_manipulator_actuator_sensor_fdi,2026-08-24T03:12:11+00:00,claude_fable_5_paper_reset_v2
54,doi:10.1145/3691338,10.1145/3691338,,Deep Learning for Time Series Anomaly Detection: A Survey,Zahra Zamanzadeh Darban; Geoffrey I. Webb; Shirui Pan; Charų C. Aggarwal; Mahsa Salehi,2024,ACM Computing Surveys,other,L10_cross_robot_few_shot; L7_mtsad_context_ood_sequential; L8_public_benchmarks_transfer,15.0,true,INCLUDE_FULLTEXT,LINEAGE_QUOTA,ACM Computing Surveys 2024 deep TSAD survey; L7 landscape + baseline-selection evidence,L7_mtsad_context_ood_sequential,2026-08-24T03:12:11+00:00,claude_fable_5_paper_reset_v2
55,doi:10.1186/s13007-021-00722-9,10.1186/s13007-021-00722-9,,Plant diseases and pests detection based on deep learning: a review,Jun Liu; Xuewei Wang,2021,Plant Methods,other,L10_cross_robot_few_shot; L8_public_benchmarks_transfer; L9_foundation_multimodal,15.0,true,EXCLUDE,NOT_ROBOT_DOMAIN,Plant disease detection review,,2026-08-24T03:12:11+00:00,claude_fable_5_paper_reset_v2
56,doi:10.2139/ssrn.4855654,10.2139/ssrn.4855654,,Global Convolutional Network and Sample Imbalance Loss for the Robust Gear Fault Diagnosis of Reciprocating Manipulator,Yilin Jiang; Xiao Zhou; Manyi Wang; Tianming Chen; Longmiao Chen,2024,,other,L2_manipulator_actuator_sensor_fdi; L_killer_precision,15.0,false,EXCLUDE,PROCESS_MACHINERY_ONLY,Gear fault diagnosis (SSRN stub); component-level rotating machinery,,2026-08-24T03:12:11+00:00,claude_fable_5_paper_reset_v2
57,doi:10.32920/ryerson.14651937,10.32920/ryerson.14651937,,Multiple Working Mode Based Door Opening Control and Fault Detection of Mobile Modular and Reconfigurable Robot,Saleh Ahmad Ali,2021,,other,L2_manipulator_actuator_sensor_fdi; L_killer_precision,15.0,true,EXCLUDE,OFF_TOPIC_OTHER,"MSc thesis on door-opening control with fault detection; not a paper, control-centric",,2026-08-24T03:12:11+00:00,claude_fable_5_paper_reset_v2
58,doi:10.3390/computers13120336,10.3390/computers13120336,,"The YOLO Framework: A Comprehensive Review of Evolution, Applications, and Benchmarks in Object Detection",Momina Liaqat Ali; Zhou Zhang,2024,Computers,other,L10_cross_robot_few_shot; L8_public_benchmarks_transfer; L9_foundation_multimodal,15.0,true,EXCLUDE,NOT_ROBOT_DOMAIN,YOLO object detection review,,2026-08-24T03:12:11+00:00,claude_fable_5_paper_reset_v2
59,doi:10.1109/aris59192.2023.10268533,10.1109/aris59192.2023.10268533,,Fast Collision Detection for Robot Manipulator Path: an Approach Based on Implicit Neural Representation of Multiple Swept Volumes,Ming-Hsiu Lee; Jing-Sin Liu,2023,2023 International Conference on Advanced Robotics and Intelligent Systems (ARIS),other,L4_structured_chain_graph_dynamics; L_killer_precision,14.966,true,EXCLUDE,NOT_FAULT_ANOMALY_TOPIC,"Swept-volume geometric collision checking for path planning, not physical contact detection",,2026-08-24T03:12:11+00:00,claude_fable_5_paper_reset_v2
60,doi:10.48550/arxiv.2501.17773,10.48550/arxiv.2501.17773,2501.17773v3,SafePR: Unified Approach for Safe Parallel Robots by Contact Detection and Reaction with Redundancy Resolution,Aran Mohammad; Tim-Lukas Habich; Thomas Seel; Moritz Schappler,2025,arXiv (Cornell University),other,L3_learned_momentum_observer; L6_contact_collision_localization,14.916,true,INCLUDE_FULLTEXT,LINEAGE_QUOTA,"SafePR: contact detection+reaction for parallel robots (2025); L6 line, Hannover PR group",L6_contact_collision_localization,2026-08-24T03:12:11+00:00,claude_fable_5_paper_reset_v2
61,doi:10.23919/ecc54610.2021.9654913,10.23919/ecc54610.2021.9654913,2104.01817v1,Fault-tolerant Control of Robot Manipulators with Sensory Faults using Unbiased Active Inference,Mohamed Baioumy; Corrado Pezzato; Riccardo Ferrari; Carlos Hernández; Nick Hawes,2021,2021 European Control Conference (ECC),other,L2_manipulator_actuator_sensor_fdi; L5_lie_geometry_equivariant,14.7,true,INCLUDE_FULLTEXT,LINEAGE_QUOTA,Active-inference unbiased state estimation for manipulator sensory-fault tolerance; distinctive L2 probabilistic-threshold line,L2_manipulator_actuator_sensor_fdi,2026-08-24T03:12:11+00:00,claude_fable_5_paper_reset_v2
62,doi:10.1002/rob.22125,10.1002/rob.22125,,Research on robotic manipulator fault detection and diagnosis technology based on machine vision in complex environments,Jinghui Pan; Lili Qu; Kaixiang Peng,2022,Journal of Field Robotics,other,L2_manipulator_actuator_sensor_fdi; L5_lie_geometry_equivariant,14.539,true,INCLUDE_BACKGROUND,CONTEXT_RELEVANT,Machine-vision manipulator fault detection; different modality from proprioceptive line,L2_manipulator_actuator_sensor_fdi,2026-08-24T03:12:11+00:00,claude_fable_5_paper_reset_v2
63,doi:10.1016/j.apenergy.2021.116601,10.1016/j.apenergy.2021.116601,,"Artificial intelligence based anomaly detection of energy consumption in buildings: A review, current trends and new perspectives",Yassine Himeur; Khalida Ghanem; Abdullah Alsalemi; Fayçal Bensaali; Abbes Amira,2021,Applied Energy,other,L7_mtsad_context_ood_sequential; L8_public_benchmarks_transfer; L9_foundation_multimodal,14.5,true,EXCLUDE,NOT_ROBOT_DOMAIN,Building energy anomaly review,,2026-08-24T03:12:11+00:00,claude_fable_5_paper_reset_v2
64,doi:10.1017/s0140525x12000477,10.1017/s0140525x12000477,,"Whatever next? Predictive brains, situated agents, and the future of cognitive science",Andy Clark,2013,Behavioral and Brain Sciences,other,L5_lie_geometry_equivariant; L6_contact_collision_localization; L9_foundation_multimodal,14.5,true,EXCLUDE,PRE_WINDOW_NOT_CLASSIC,Predictive-processing cognitive science essay; not a robotics FDI classic,,2026-08-24T03:12:11+00:00,claude_fable_5_paper_reset_v2
65,doi:10.1109/access.2023.3237554,10.1109/access.2023.3237554,,Distributed Anomaly Detection in Smart Grids: A Federated Learning-Based Approach,J. Jithish; Bithin Alangot; Nagarajan Mahalingam; Kiat Seng Yeo,2023,IEEE Access,other,L7_mtsad_context_ood_sequential; L8_public_benchmarks_transfer; L9_foundation_multimodal,14.5,true,EXCLUDE,NOT_ROBOT_DOMAIN,Smart-grid federated anomaly detection,,2026-08-24T03:12:11+00:00,claude_fable_5_paper_reset_v2
66,doi:10.1109/access.2023.3282993,10.1109/access.2023.3282993,,A Survey on Unsupervised Anomaly Detection Algorithms for Industrial Images,Yajie Cui; Zhaoxiang Liu; Shiguo Lian,2023,IEEE Access,other,L7_mtsad_context_ood_sequential; L8_public_benchmarks_transfer; L9_foundation_multimodal,14.5,true,EXCLUDE,NOT_ROBOT_DOMAIN,Industrial image anomaly survey,,2026-08-24T03:12:11+00:00,claude_fable_5_paper_reset_v2
67,doi:10.3390/data11070165,10.3390/data11070165,,A Pilot-Real-Calibrated Indoor Robotic IoT Benchmark Dataset for Edge-Assisted Mobile Robot Navigation and Anomaly Detection,Burak Aggul,2026,Data,MDPI,L8_public_benchmarks_transfer; L_killer_precision; L_recent_2025_2026,14.5,true,INCLUDE_BACKGROUND,VENUE_EXCLUDED_MDPI,"Mobile-robot IoT anomaly benchmark (MDPI Data); dataset-landscape context only, wrong platform",L8_public_benchmarks_transfer,2026-08-24T03:12:11+00:00,claude_fable_5_paper_reset_v2
68,doi:10.1016/j.engappai.2025.111310,10.1016/j.engappai.2025.111310,,A real-time anomaly detection method for robots based on a flexible and sparse latent space,Taewook Kang; Bum-Jae You; Juyoun Park; Yisoo Lee,2025,Engineering Applications of Artificial Intelligence,other,L8_public_benchmarks_transfer; L9_foundation_multimodal,14.466,false,INCLUDE_FULLTEXT,LINEAGE_QUOTA,2025 EAAI real-time robot AD with flexible sparse latent space; recent robot-AD method (no abstract indexed),L7_mtsad_context_ood_sequential,2026-08-24T03:12:11+00:00,claude_fable_5_paper_reset_v2
69,doi:10.1109/ccdc62350.2024.10588355,10.1109/ccdc62350.2024.10588355,,Adaptive fault-tolerant visual control of robot manipulator based on unequal-actuation scheme,Heng Yang; Wei Shu; Liang Yang; Yong Chen,2024,2024 36th Chinese Control and Decision Conference (CCDC),other,L5_lie_geometry_equivariant; L_killer_precision,14.416,true,EXCLUDE,OFF_TOPIC_OTHER,Adaptive FT visual servo control; controller synthesis,,2026-08-24T03:12:11+00:00,claude_fable_5_paper_reset_v2
70,doi:10.1177/01423312241239375,10.1177/01423312241239375,,Adaptive collision detection algorithm design for six-axis industrial manipulator with accurate payload estimation,Shan Chen; Xinfu Zhang; Heng Zhang; Haijun Liu; Fangfang Dong; Jiang Han,2024,Transactions of the Institute of Measurement and Control,other,L2_manipulator_actuator_sensor_fdi; L3_learned_momentum_observer,14.416,true,INCLUDE_PRIORITY,DIRECT_NEIGHBOR_CANDIDATE,Collision detection under payload variation with adaptive threshold; exactly the context-shift failure mode our question targets,L6_contact_collision_localization,2026-08-24T03:12:11+00:00,claude_fable_5_paper_reset_v2
71,doi:10.1002/rob.22114,10.1002/rob.22114,,Actuator fault detection for masonry robot manipulator arm with the interval observer,Jinbao Zhao; Ke Zhang; Maxiao Hou; Hao Zhang; Yunfei Bai; Yanzheng Huang; Jianan Li,2022,Journal of Field Robotics,other,L2_manipulator_actuator_sensor_fdi; L5_lie_geometry_equivariant,14.248,true,INCLUDE_BACKGROUND,CONTEXT_RELEVANT,Interval-observer actuator FD for masonry arm; niche application of observer FDI,L2_manipulator_actuator_sensor_fdi,2026-08-24T03:12:11+00:00,claude_fable_5_paper_reset_v2
72,doi:10.1016/j.mechatronics.2021.102603,10.1016/j.mechatronics.2021.102603,,A nonlinear momentum observer for sensorless robot collision detection under model uncertainties,Yi Li; Yanhui Li; Mingchao Zhu; Zhenbang Xu; Deqiang Mu,2021,Mechatronics,other,L3_learned_momentum_observer; L7_mtsad_context_ood_sequential,14.228,false,INCLUDE_PRIORITY,DIRECT_NEIGHBOR_CANDIDATE,Nonlinear momentum observer for sensorless collision detection under model uncertainty; core L3 line,L3_learned_momentum_observer,2026-08-24T03:12:11+00:00,claude_fable_5_paper_reset_v2
73,doi:10.1016/j.cviu.2022.103525,10.1016/j.cviu.2022.103525,,Deep learning for deepfakes creation and detection: A survey,Thanh Thi Nguyen; Thanh Thi Nguyen; Quoc Viet Hung Nguyen; Dung T. Nguyen; Duc Thanh Nguyen; Thien Huynh‐The; Saeid Nahavandi; Thanh Thi Nguyen; Thành Tâm Nguyên; Quoc‐Viet Pham; Cuong Nguyen,2022,Computer Vision and Image Understanding,other,L10_cross_robot_few_shot; L7_mtsad_context_ood_sequential; L8_public_benchmarks_transfer,14.0,false,EXCLUDE,NOT_ROBOT_DOMAIN,Deepfake detection survey,,2026-08-24T03:12:11+00:00,claude_fable_5_paper_reset_v2
74,doi:10.2139/ssrn.4792062,10.2139/ssrn.4792062,,Multi-Domain Neural Process Model Based on Source Attention for Industrial Robot Anomaly Detection,Bo Yang; Yuhang Huang; Jian Jiao; Wenlong Xu; Lei Liu; Keqiang Xie; Nan Dong,2024,,other,L9_foundation_multimodal; L_killer_precision,14.0,false,INCLUDE_FULLTEXT,LINEAGE_QUOTA,"Multi-domain neural process for industrial robot AD; L10 cross-domain candidate, SSRN access to be attempted",L10_cross_robot_few_shot,2026-08-24T03:12:11+00:00,claude_fable_5_paper_reset_v2
75,doi:10.2139/ssrn.5365526,10.2139/ssrn.5365526,,A Cross-Environment Transfer Learning Method for Industrial Robot State Perception: Anomaly Detection Research from Laboratory to Factory Settings,Jiale Feng; Bo Yang; Shilong Wang; Sibao Wang; Yucheng Zhang; Weishan Long; Heyao Wang,2025,,other,L10_cross_robot_few_shot; L8_public_benchmarks_transfer,14.0,false,INCLUDE_FULLTEXT,LINEAGE_QUOTA,"Cross-environment (lab-to-factory) transfer AD for industrial robot state; L10 candidate, SSRN access to be attempted",L10_cross_robot_few_shot,2026-08-24T03:12:11+00:00,claude_fable_5_paper_reset_v2
76,doi:10.2139/ssrn.6993291,10.2139/ssrn.6993291,,Cross-Environment Transfer-Learning Method for Industrial-Robot State Perception: Anomaly-Detection Research from Laboratory to Factory Settings,Jiale Feng; Bo Yang; Shilong Wang; Sibao Wang; Yucheng Zhang; Weishan Long; Heyao Wang,2026,,other,L10_cross_robot_few_shot; L8_public_benchmarks_transfer,14.0,false,EXCLUDE,DUPLICATE_VARIANT,Same title/topic as ssrn.5365526 (2025); later SSRN duplicate,,2026-08-24T03:12:11+00:00,claude_fable_5_paper_reset_v2
77,doi:10.32920/ryerson.14651667.v1,10.32920/ryerson.14651667.v1,,Power efficiency estimation based health monitoring and fault detection of modular and reconfigurable robot,Jing Yaun,2021,,other,L5_lie_geometry_equivariant; L_killer_precision,14.0,true,EXCLUDE,OFF_TOPIC_OTHER,"MSc thesis, power-efficiency health monitoring of modular robot",,2026-08-24T03:12:11+00:00,claude_fable_5_paper_reset_v2
78,doi:10.36306/konjes.760789,10.36306/konjes.760789,,EXTREMUM SEEKING BASED FAULT ESTIMATION FOR OUTPUT FEEDBACK CONTROL OF FLEXIBLE-JOINT ROBOT MANIPULATOR,Selami BEYHAN,2021,Konya Journal of Engineering Sciences,other,L5_lie_geometry_equivariant; L_killer_precision,14.0,true,EXCLUDE,OFF_TOPIC_OTHER,"Extremum-seeking fault estimation for output-feedback control; control-centric, weak venue",,2026-08-24T03:12:11+00:00,claude_fable_5_paper_reset_v2
79,doi:10.48550/arxiv.2308.09656,10.48550/arxiv.2308.09656,,Safe Collision and Clamping Reaction for Parallel Robots During Human-Robot Collaboration,Aran Mohammad; Moritz Schappler; Tim-Lukas Habich; Tobias Ortmaier,2023,arXiv (Cornell University),other,L3_learned_momentum_observer; L6_contact_collision_localization,14.0,true,INCLUDE_FULLTEXT,LINEAGE_QUOTA,Collision/clamping discrimination + reaction on real planar parallel robot; L6,L6_contact_collision_localization,2026-08-24T03:12:11+00:00,claude_fable_5_paper_reset_v2
80,doi:10.48550/arxiv.2402.10350,10.48550/arxiv.2402.10350,,Large Language Models for Forecasting and Anomaly Detection: A Systematic Literature Review,Jing Su; Chufeng Jiang; Xin Jin; Yuxin Qiao; Tingsong Xiao; Hongda Ma; Rong Wei; Zhi Jing; Jiajun Xu; Junhong Lin,2024,arXiv (Cornell University),other,L10_cross_robot_few_shot; L7_mtsad_context_ood_sequential; L9_foundation_multimodal,14.0,true,INCLUDE_BACKGROUND,CONTEXT_RELEVANT,LLM forecasting/AD literature review; L9 foundation-model landscape context,L9_foundation_multimodal,2026-08-24T03:12:11+00:00,claude_fable_5_paper_reset_v2
81,doi:10.9734/bpi/naer/v13/12724d,10.9734/bpi/naer/v13/12724d,,Implementation of Fault-Tolerant Control for a Robot Manipulator Based on Synchronous Sliding Mode Control: An Advanced Study,Quang Dan Le; Hee-Jun Kang,2021,New Approaches in Engineering Research Vol. 13,other,L5_lie_geometry_equivariant; L_killer_precision,14.0,true,EXCLUDE,OFF_TOPIC_OTHER,Book-chapter reprint of FTC sliding-mode controller,,2026-08-24T03:12:11+00:00,claude_fable_5_paper_reset_v2
82,doi:10.1002/rob.22583,10.1002/rob.22583,,Fault Detection and Diagnosis of Multi‐Joint Manipulator Based on Multi‐Information Fusion and Deep‐Learning Machine Vision,Jinghui Pan,2025,Journal of Field Robotics,other,L2_manipulator_actuator_sensor_fdi; L5_lie_geometry_equivariant,13.916,true,INCLUDE_BACKGROUND,CONTEXT_RELEVANT,Vision+fusion FDD for multi-joint manipulator; different modality,L2_manipulator_actuator_sensor_fdi,2026-08-24T03:12:11+00:00,claude_fable_5_paper_reset_v2
83,doi:10.1109/phm-hangzhou58797.2023.10482745,10.1109/phm-hangzhou58797.2023.10482745,,Cross-Device Anomaly Detection of Health Status for Industrial Robot Joints Based on SWDCGAN-Deep CORAL,Hailong Zhao; Lei Xiao; Biyue Zhang,2023,2023 Global Reliability and Prognostics and Health Management Conference (PHM-Hangzhou),other,L10_cross_robot_few_shot; L8_public_benchmarks_transfer,13.916,true,INCLUDE_FULLTEXT,LINEAGE_QUOTA,Cross-device robot-joint AD via DCGAN + Deep CORAL; direct L10 (cross-device transfer with few anomalies),L10_cross_robot_few_shot,2026-08-24T03:12:11+00:00,claude_fable_5_paper_reset_v2
84,doi:10.1109/icra48506.2021.9561667,10.1109/icra48506.2021.9561667,,Momentum Observer-Based Collision Detection Using LSTM for Model Uncertainty Learning,Daegyu Lim; Donghyeon Kim; Jaeheung Park,2021,2021 IEEE International Conference on Robotics and Automation (ICRA),R,L3_learned_momentum_observer; L7_mtsad_context_ood_sequential,13.667,true,INCLUDE_PRIORITY,DIRECT_NEIGHBOR_CANDIDATE,MOB + LSTM learned model-uncertainty for collision detection (ICRA21); core L3 learned-residual line,L3_learned_momentum_observer,2026-08-24T03:12:11+00:00,claude_fable_5_paper_reset_v2
85,doi:10.1007/s42979-021-00592-x,10.1007/s42979-021-00592-x,,"Machine Learning: Algorithms, Real-World Applications and Research Directions",Iqbal H. Sarker,2021,SN Computer Science,other,L5_lie_geometry_equivariant; L7_mtsad_context_ood_sequential; L8_public_benchmarks_transfer,13.5,false,EXCLUDE,NOT_ROBOT_DOMAIN,Generic ML overview,,2026-08-24T03:12:11+00:00,claude_fable_5_paper_reset_v2
86,doi:10.2172/1825324,10.2172/1825324,,A Temporal Approach to Unsupervised Anomaly Detection,Ashlae Blum,2021,A Temporal Approach to Unsupervised Anomaly Detection,other,L4_structured_chain_graph_dynamics; L7_mtsad_context_ood_sequential; L_killer_precision,13.416,true,EXCLUDE,NOT_ROBOT_DOMAIN,Network-traffic anomaly detection tech report,,2026-08-24T03:12:11+00:00,claude_fable_5_paper_reset_v2
87,doi:10.3390/app13148493,10.3390/app13148493,,FPGA-Based Methodology for Detecting Positional Accuracy Degradation in Industrial Robots,Ervin Galan-Uribe; Luis Morales-Velázquez; Roque A. Osornio‐Rios,2023,Applied Sciences,MDPI,L4_structured_chain_graph_dynamics; L_killer_precision,13.248,true,INCLUDE_BACKGROUND,VENUE_EXCLUDED_MDPI,"FPGA online detection of positional-accuracy degradation; degradation-fault context, MDPI",L2_manipulator_actuator_sensor_fdi,2026-08-24T03:12:11+00:00,claude_fable_5_paper_reset_v2
88,doi:10.1109/globconet56651.2023.10149985,10.1109/globconet56651.2023.10149985,,Research on Collision Detection of Collaborative Robot using improved Momentum-based Observer,Yang Jiang; Yao Wu; Xingmao Wu; Bin Zhao,2023,2023 IEEE IAS Global Conference on Emerging Technologies (GlobConET),other,L3_learned_momentum_observer; L7_mtsad_context_ood_sequential,13.168,true,INCLUDE_BACKGROUND,CONTEXT_RELEVANT,Improved momentum observer with compensation/variable damping; weak conference MOB variant,L3_learned_momentum_observer,2026-08-24T03:12:11+00:00,claude_fable_5_paper_reset_v2
89,doi:10.1016/j.rcim.2025.103093,10.1016/j.rcim.2025.103093,,Improved deep Lagragian network-enabled momentum observer for collision detection during human-robot collaboration,Yudie Hu; Weidong Li; Yong Zhou; Duc Truong Pham,2026,Robotics and Computer-Integrated Manufacturing,other,L3_learned_momentum_observer; L7_mtsad_context_ood_sequential,13.159,false,INCLUDE_PRIORITY,DIRECT_NEIGHBOR_CANDIDATE,"Deep Lagrangian network (DeLaN)-enabled MOB for HRC collision detection (RCIM 2026); physics-structured learned residual, core L3",L3_learned_momentum_observer,2026-08-24T03:12:11+00:00,claude_fable_5_paper_reset_v2
90,doi:10.3934/electreng.2024011,10.3934/electreng.2024011,,Collision detection and external force estimation for robot manipulators using a composite momentum observer,Benaoumeur Ibari; Mourad Hebali; Baghdadi Rezali; Menouer Bennaoum,2024,AIMS Electronics and Electrical Engineering,other,L3_learned_momentum_observer; L7_mtsad_context_ood_sequential,13.075,true,INCLUDE_BACKGROUND,CONTEXT_RELEVANT,Composite MOB for collision detection + force estimation; weak venue,L3_learned_momentum_observer,2026-08-24T03:12:11+00:00,claude_fable_5_paper_reset_v2
91,doi:10.1007/s11633-025-1542-8,10.1007/s11633-025-1542-8,,A Survey of Embodied Learning for Object-centric Robotic Manipulation,Ying Zheng; Lei Yao; Yuejiao Su; Yi Zhang; Yi Wang; Sicheng Zhao; Yiyi Zhang; Lap‐Pui Chau,2025,Machine Intelligence Research,other,L5_lie_geometry_equivariant; L_killer_precision,13.039,true,EXCLUDE,SURVEY_TANGENTIAL,Embodied-learning manipulation survey; no fault/anomaly focus,,2026-08-24T03:12:11+00:00,claude_fable_5_paper_reset_v2
92,doi:10.1038/s41467-024-49019-0,10.1038/s41467-024-49019-0,,Robotic wireless capsule endoscopy: recent advances and upcoming technologies,Qing Cao; Runyi Deng; Yue Pan; Ruijie Liu; Yicheng Chen; Guofang Gong; Jun Zou; Huayong Yang; Dong Han,2024,Nature Communications,S,L10_cross_robot_few_shot; L7_mtsad_context_ood_sequential,13.0,true,EXCLUDE,WRONG_OBJECT,Capsule endoscopy review,,2026-08-24T03:12:11+00:00,claude_fable_5_paper_reset_v2
93,doi:10.1088/1361-6501/ae5416/v1/decision1,10.1088/1361-6501/ae5416/v1/decision1,,"Decision letter for ""Uncertainty-aware domain adaptation: a novel framework for cross domain intelligent bearing fault diagnosis""",,2026,,other,L10_cross_robot_few_shot; L_killer_precision; L_recent_2025_2026,13.0,false,EXCLUDE,OFF_TOPIC_OTHER,"Peer-review decision letter artifact, not a paper",,2026-08-24T03:12:11+00:00,claude_fable_5_paper_reset_v2
94,doi:10.1088/1361-6501/ae5416/v2/review2,10.1088/1361-6501/ae5416/v2/review2,,"Review for ""Uncertainty-aware domain adaptation: a novel framework for cross domain intelligent bearing fault diagnosis""",,2026,,other,L10_cross_robot_few_shot; L_killer_precision; L_recent_2025_2026,13.0,false,EXCLUDE,OFF_TOPIC_OTHER,"Peer-review report artifact, not a paper",,2026-08-24T03:12:11+00:00,claude_fable_5_paper_reset_v2
95,doi:10.1109/access.2021.3071263,10.1109/access.2021.3071263,,A Review of Rule Learning-Based Intrusion Detection Systems and Their Prospects in Smart Grids,Qi Liu; Veit Hagenmeyer; Hubert B. Keller,2021,IEEE Access,other,L10_cross_robot_few_shot; L5_lie_geometry_equivariant; L7_mtsad_context_ood_sequential,13.0,true,EXCLUDE,NOT_ROBOT_DOMAIN,Smart-grid IDS review,,2026-08-24T03:12:11+00:00,claude_fable_5_paper_reset_v2
96,doi:10.21203/rs.3.rs-7379709/v2,10.21203/rs.3.rs-7379709/v2,,Cross-Modal Deep Metric Learning for Time Series Anomaly Detection,Wei Li; Zheze Yang,2025,,other,L10_cross_robot_few_shot; L7_mtsad_context_ood_sequential; L8_public_benchmarks_transfer,13.0,false,EXCLUDE,METADATA_TOO_THIN,"Research Square stub, generic cross-modal TSAD, no abstract",,2026-08-24T03:12:11+00:00,claude_fable_5_paper_reset_v2
97,doi:10.1109/tmech.2021.3119057,10.1109/tmech.2021.3119057,,Collision Detection for Robot Manipulators Using Unsupervised Anomaly Detection Algorithms,Kyu Min Park; Younghyo Park; Sangwoong Yoon; Frank Park,2022,IEEE/ASME Transactions on Mechatronics,C,L_killer_precision,12.936,true,INCLUDE_PRIORITY,KILLER_CANDIDATE,"Park-line unsupervised collision detection without JTS (TMech 2022); contract-listed killer, V1 FULLTEXT_UNAVAILABLE — retry ladder",L6_contact_collision_localization,2026-08-24T03:12:11+00:00,claude_fable_5_paper_reset_v2
98,doi:10.1002/9781119882350,10.1002/9781119882350,,Diagnosis and Fault‐tolerant Control 2,,2021,,other,L2_manipulator_actuator_sensor_fdi; L_killer_precision,12.832,true,EXCLUDE,OFF_TOPIC_OTHER,Edited book on diagnosis and FTC; classics quota is for papers,,2026-08-24T03:12:11+00:00,claude_fable_5_paper_reset_v2
99,doi:10.3389/fnbot.2021.655330,10.3389/fnbot.2021.655330,,Echo State Networks for Estimating Exteroceptive Conditions From Proprioceptive States in Quadruped Robots,Mario Calandra; Luca Patané; Tao Sun; Paolo Arena; Poramate Manoonpong,2021,Frontiers in Neurorobotics,other,L2_manipulator_actuator_sensor_fdi; L3_learned_momentum_observer,12.664,true,INCLUDE_BACKGROUND,CONTEXT_RELEVANT,Reservoir computing proprioception-to-exteroception mapping on quadruped; adjacent modality-inference idea,L9_foundation_multimodal,2026-08-24T03:12:11+00:00,claude_fable_5_paper_reset_v2
100,doi:10.1007/978-3-032-20817-0_8,10.1007/978-3-032-20817-0_8,,Improved Deep Lagrangian Network-Enabled Momentum Observer for Collision Detection During Human–Robot Collaboration,Weidong Li; Yudie Hu; Yong Zhou; Duc Truong Pham,2026,Springer Series in Advanced Manufacturing,other,L3_learned_momentum_observer; L7_mtsad_context_ood_sequential,12.5,false,EXCLUDE,DUPLICATE_VARIANT,Springer-chapter duplicate of rcim.2025.103093 (DeLaN MOB),,2026-08-24T03:12:11+00:00,claude_fable_5_paper_reset_v2
101,doi:10.1007/s11633-023-1459-z,10.1007/s11633-023-1459-z,,Deep Industrial Image Anomaly Detection: A Survey,Jiaqi Liu; Guoyang Xie; Jinbao Wang; Shangnian Li; Chengjie Wang; Feng Zheng; Yaochu Jin,2024,Machine Intelligence Research,other,L8_public_benchmarks_transfer; L9_foundation_multimodal,12.5,true,EXCLUDE,NOT_ROBOT_DOMAIN,Industrial image AD survey,,2026-08-24T03:12:11+00:00,claude_fable_5_paper_reset_v2
102,doi:10.1016/j.rcim.2022.102510,10.1016/j.rcim.2022.102510,,"Proactive human–robot collaboration: Mutual-cognitive, predictable, and self-organising perspectives",Shufei Li; Pai Zheng; Sichao Liu; Zuoxu Wang; Xi Vincent Wang; Lianyu Zheng; Lihui Wang,2022,Robotics and Computer-Integrated Manufacturing,other,L2_manipulator_actuator_sensor_fdi; L4_structured_chain_graph_dynamics,12.5,true,EXCLUDE,SURVEY_TANGENTIAL,Proactive HRC perspective piece,,2026-08-24T03:12:11+00:00,claude_fable_5_paper_reset_v2
103,doi:10.1016/j.ress.2023.109319,10.1016/j.ress.2023.109319,,FGDAE: A new machinery anomaly detection method towards complex operating conditions,Shen Yan; Haidong Shao; Zhishan Min; Jiangji Peng; Baoping Cai; Bin Liu,2023,Reliability Engineering & System Safety,other,L8_public_benchmarks_transfer; L9_foundation_multimodal,12.5,false,INCLUDE_FULLTEXT,LINEAGE_QUOTA,FGDAE machinery AD under complex operating conditions (RESS); condition-shift AD methodology relevant to context-conditioned health line,L7_mtsad_context_ood_sequential,2026-08-24T03:12:11+00:00,claude_fable_5_paper_reset_v2
104,doi:10.1038/s41586-020-03171-x,10.1038/s41586-020-03171-x,,Survey of spiking in the mouse visual system reveals functional hierarchy,Joshua H. Siegle; Xiaoxuan Jia; Séverine Durand; Sam Gale; Corbett Bennett; Nile Graddis; Greggory Heller; Tamina K. Ramirez; Hannah Choi; Jennifer Luviano; Peter A. Groblewski; Ruweida Ahmed; Anton Arkhipov; Amy Bernard; Yazan N. Billeh; Dillan Brown; Michael A. Buice; Nicolas Cain; Shiella Caldejon; Linzy Casal; Andrew Cho; Maggie Chvilicek; Timothy C. Cox; Kael Dai; Daniel J. Denman; Saskia de Vries; Roald Dietzman; Luke Esposito; Colin Farrell; David Feng; John Galbraith; Marina Garrett; Emily Gelfand; Nicole Hancock; Julie A. Harris; Robert Howard; Brian Hu; Ross Hytnen; Ramakrishnan Iyer; Erika Jessett; Katelyn Johnson; India Kato; Justin Kiggins; Sophie Lambert; Jérôme Lecoq; Peter Ledochowitsch; Jung H. Lee; Arielle Leon; Yang Li; Elizabeth Liang; Fuhui Long; Kyla Mace; Jose Melchior; Daniel Millman; Tyler Mollenkopf; Chelsea Nayan; Lydia Ng; Kiet Ngo; Thuyahn Nguyen; Philip R. Nicovich; Kat North; Gabriel Koch Ocker; Doug Ollerenshaw; Michael Oliver; Marius Pachitariu; Jed Perkins; Melissa Reding; David Reid; Miranda Robertson; Kara Ronellenfitch; Sam Seid; Cliff Slaughterbeck; Michelle Stoecklin; David Sullivan; Ben Sutton; Jackie Swapp; Carol L. Thompson; Kristen M. Turner; Wayne Wakeman; Jennifer D. Whitesell; Derric Williams; Ali Williford; Rob Young; Hongkui Zeng; Sarah A. Naylor; John W. Phillips; R. Clay Reid; Ştefan Mihalaş; Shawn R. Olsen; Christof Koch,2021,Nature,other,L5_lie_geometry_equivariant; L_killer_precision,12.5,false,EXCLUDE,NOT_ROBOT_DOMAIN,Mouse visual neuroscience,,2026-08-24T03:12:11+00:00,claude_fable_5_paper_reset_v2
105,doi:10.1109/access.2024.3395051,10.1109/access.2024.3395051,,Anomaly Detection in Smart Environments: A Comprehensive Survey,Daniel Fährmann; Laura Martín; Luı́s Sánchez; Naser Damer,2024,IEEE Access,other,L7_mtsad_context_ood_sequential; L8_public_benchmarks_transfer; L_recent_2025_2026,12.5,true,EXCLUDE,SURVEY_TANGENTIAL,Smart-environment AD survey; generic streams,,2026-08-24T03:12:11+00:00,claude_fable_5_paper_reset_v2
106,doi:10.1109/jproc.2022.3180350,10.1109/jproc.2022.3180350,,Robot-Assisted Minimally Invasive Surgery—Surgical Robotics in the Data Age,Tamás Haidegger; Stefanie Speidel; Danail Stoyanov; Richard M. Satava,2022,Proceedings of the IEEE,other,L8_public_benchmarks_transfer; L9_foundation_multimodal,12.5,true,EXCLUDE,SURVEY_TANGENTIAL,Surgical robotics overview,,2026-08-24T03:12:11+00:00,claude_fable_5_paper_reset_v2
107,doi:10.1186/s40854-023-00470-w,10.1186/s40854-023-00470-w,,Online payment fraud: from anomaly detection to risk management,Paolo Vanini; Sebastiano Rossi; Ermin Zvizdic; Thomas Domenig,2023,Financial Innovation,other,L8_public_benchmarks_transfer; L9_foundation_multimodal,12.5,true,EXCLUDE,NOT_ROBOT_DOMAIN,Payment fraud detection,,2026-08-24T03:12:11+00:00,claude_fable_5_paper_reset_v2
108,doi:10.15607/rss.2024.xx.045,10.15607/rss.2024.xx.045,,Universal Manipulation Interface: In-The-Wild Robot Teaching Without In-The-Wild Robots,Cheng Chi; Zhenjia Xu; Chuer Pan; Eric Cousineau; Benjamin Burchfiel; Siyuan Feng; Russ Tedrake; Shuran Song,2024,arXiv (Cornell University),other,L2_manipulator_actuator_sensor_fdi; L5_lie_geometry_equivariant,12.5,false,EXCLUDE,NOT_FAULT_ANOMALY_TOPIC,UMI robot teaching interface,,2026-08-24T03:12:11+00:00,claude_fable_5_paper_reset_v2
109,doi:10.1609/aaai.v36i7.20680,10.1609/aaai.v36i7.20680,,Towards a Rigorous Evaluation of Time-Series Anomaly Detection,Siwon Kim; Kukjin Choi; Hyun-Soo Choi; Byunghan Lee; Sungroh Yoon,2022,Proceedings of the AAAI Conference on Artificial Intelligence,other,L8_public_benchmarks_transfer; L9_foundation_multimodal,12.5,true,INCLUDE_FULLTEXT,METHOD_RELEVANT,Canonical point-adjustment critique (AAAI22); underpins our frozen no-PA metric protocol,L7_mtsad_context_ood_sequential,2026-08-24T03:12:11+00:00,claude_fable_5_paper_reset_v2
110,doi:10.3390/electronics12153300,10.3390/electronics12153300,,Anomaly Detection in 6G Networks Using Machine Learning Methods,Mamoon M. Saeed; Rashid A. Saeed; Maha Abdelhaq; Raed Alsaqour; Mohammad Kamrul Hasan; Rania A. Mokhtar,2023,Electronics,MDPI,L5_lie_geometry_equivariant; L7_mtsad_context_ood_sequential; L8_public_benchmarks_transfer,12.5,true,EXCLUDE,NOT_ROBOT_DOMAIN,6G network AD (MDPI),,2026-08-24T03:12:11+00:00,claude_fable_5_paper_reset_v2
111,doi:10.6028/nist.ai.100-2e2023,10.6028/nist.ai.100-2e2023,,Adversarial machine learning :,Apostol Vassilev; Alina Oprea; Alie Jean Fordyce; Hyrum S. Anderson,2024,,other,L5_lie_geometry_equivariant; L_killer_precision,12.5,true,EXCLUDE,NOT_ROBOT_DOMAIN,NIST adversarial-ML taxonomy,,2026-08-24T03:12:11+00:00,claude_fable_5_paper_reset_v2
112,doi:10.1002/9781119882350.ch1,10.1002/9781119882350.ch1,,Nonlinear Methods for Fault Diagnosis,Silvio Simani; Paolo Castaldi,2021,Diagnosis and Fault‐tolerant Control 2,other,L2_manipulator_actuator_sensor_fdi; L_killer_precision,12.416,true,EXCLUDE,OFF_TOPIC_OTHER,Book chapter overview of nonlinear FD; classic FDI is covered by curated classics track,,2026-08-24T03:12:11+00:00,claude_fable_5_paper_reset_v2
113,doi:10.1016/b978-0-323-89783-9.00002-3,10.1016/b978-0-323-89783-9.00002-3,,Earth fault loop impedance measurement in circuits with residual current devices,Stanislaw Czapp,2022,Residual Current Devices,other,L2_manipulator_actuator_sensor_fdi; L_killer_precision,12.416,false,EXCLUDE,NOT_ROBOT_DOMAIN,Electrical installation fault chapter,,2026-08-24T03:12:11+00:00,claude_fable_5_paper_reset_v2
114,doi:10.3390/e23060751,10.3390/e23060751,,Sensor and Actuator Fault Diagnosis for Robot Joint Based on Deep CNN,Jinghui Pan; Lili Qu; Kaixiang Peng,2021,Entropy,MDPI,L11_active_diagnosis; L4_structured_chain_graph_dynamics,12.404,true,INCLUDE_BACKGROUND,VENUE_EXCLUDED_MDPI,Deep CNN sensor/actuator joint fault diagnosis (Entropy); same line as Sci-Rep DRNN paper,L2_manipulator_actuator_sensor_fdi,2026-08-24T03:12:11+00:00,claude_fable_5_paper_reset_v2
115,doi:10.1109/iecon51785.2023.10311726,10.1109/iecon51785.2023.10311726,,Robotic Arm Dataset (RoAD): A Dataset to Support the Design and Test of Machine Learning-Driven Anomaly Detection in a Production Line,Alessio Mascolini; Sebastiano Gaiardelli; Francesco Ponzio; Nicola Dall’Ora; Enrico Macii; Sara Vinco; Santa Di Cataldo; Franco Fummi,2023,IECON 2023- 49th Annual Conference of the IEEE Industrial Electronics Society,other,L8_public_benchmarks_transfer,12.248,true,INCLUDE_PRIORITY,DATASET_OR_CODE_PAPER,"RoAD dataset paper (IECON23); mandatory dataset, native-baseline source of truth",L8_public_benchmarks_transfer,2026-08-24T03:12:11+00:00,claude_fable_5_paper_reset_v2
116,doi:10.1016/j.ast.2021.107050,10.1016/j.ast.2021.107050,,A 6-DOF sliding mode fault tolerant control solution for in-orbit autonomous rendezvous,David Henry; Jazmín Zenteno-Torres; Jérôme Cieslak; Alejandra Ferreira de Loza; Jorge Dávila,2021,Aerospace Science and Technology,other,L2_manipulator_actuator_sensor_fdi; L4_structured_chain_graph_dynamics,12.183,false,EXCLUDE,WRONG_OBJECT,Spacecraft rendezvous FTC,,2026-08-24T03:12:11+00:00,claude_fable_5_paper_reset_v2
117,doi:10.1109/lra.2025.3552318,10.1109/lra.2025.3552318,,Uncertainty-Aware Real-Time Visual Anomaly Detection With Conformal Prediction in Dynamic Indoor Environments,Arya Saboury; Mustafa Kemal Uyguroglu,2025,IEEE Robotics and Automation Letters,R,L5_lie_geometry_equivariant; L7_mtsad_context_ood_sequential,12.168,true,INCLUDE_BACKGROUND,CONTEXT_RELEVANT,"Conformal-prediction visual AD for navigation; calibration idea relevant, wrong modality/platform",L7_mtsad_context_ood_sequential,2026-08-24T03:12:11+00:00,claude_fable_5_paper_reset_v2
118,doi:10.1109/robosoft63089.2025.11020943,10.1109/robosoft63089.2025.11020943,,Proprioceptive Origami Manipulator,Aida Parvaresh; Arman Goshtasbi; Jonathan Tirado; Ahmad Rafsanjani,2025,2025 IEEE 8th International Conference on Soft Robotics (RoboSoft),other,L2_manipulator_actuator_sensor_fdi; L6_contact_collision_localization,12.159,true,EXCLUDE,NOT_FAULT_ANOMALY_TOPIC,Origami manipulator proprioceptive sensing design,,2026-08-24T03:12:11+00:00,claude_fable_5_paper_reset_v2
119,doi:10.1109/icra48891.2023.10160661,10.1109/icra48891.2023.10160661,,Collision Detection and Contact Point Estimation Using Virtual Joint Torque Sensing Applied to a Cobot,Dario Zurlo; Tom Heitmann; Merlin Morlock; Alessandro De Luca,2023,2023 IEEE International Conference on Robotics and Automation (ICRA),R,L6_contact_collision_localization,12.083,true,INCLUDE_PRIORITY,DIRECT_NEIGHBOR_CANDIDATE,Energy+momentum combined collision detection with contact-point estimation on industrial cobot (ICRA23); direct L6,L6_contact_collision_localization,2026-08-24T03:12:11+00:00,claude_fable_5_paper_reset_v2
120,doi:10.1016/j.engappai.2023.107141,10.1016/j.engappai.2023.107141,,Adaptive technique for physical human–robot interaction handling using proprioceptive sensors,Dmitry Popov; Anatol Pashkevich; Alexandr Klimchik,2023,Engineering Applications of Artificial Intelligence,other,L2_manipulator_actuator_sensor_fdi; L6_contact_collision_localization,12.075,true,INCLUDE_FULLTEXT,LINEAGE_QUOTA,Proprioceptive DRNN+FSM interaction-mode discrimination (EAAI); L6 contact-vs-interaction classification,L6_contact_collision_localization,2026-08-24T03:12:11+00:00,claude_fable_5_paper_reset_v2
121,doi:10.1109/icra48891.2023.10161217,10.1109/icra48891.2023.10161217,,"Towards Human-Robot Collaboration with Parallel Robots by Kinetostatic Analysis, Impedance Control and Contact Detection",Aran Mohammad; Moritz Schappler; Tobias Ortmaier,2023,2023 IEEE International Conference on Robotics and Automation (ICRA),R,L6_contact_collision_localization,12.039,true,INCLUDE_FULLTEXT,LINEAGE_QUOTA,Kinetostatic contact detection for parallel robots (ICRA23); L6 Hannover PR line,L6_contact_collision_localization,2026-08-24T03:12:11+00:00,claude_fable_5_paper_reset_v2
122,doi:10.1007/s00521-023-08459-3,10.1007/s00521-023-08459-3,,Data Augmentation techniques in time series domain: a survey and taxonomy,Guillermo Iglesias; Edgar Talavera; Ángel González-Prieto; Alberto Mozó; Sandra Gómez-Canaval,2023,Neural Computing and Applications,other,L10_cross_robot_few_shot; L8_public_benchmarks_transfer,12.0,true,EXCLUDE,SURVEY_TANGENTIAL,Generic TS data-augmentation survey,,2026-08-24T03:12:11+00:00,claude_fable_5_paper_reset_v2
123,doi:10.1016/b978-0-44-344291-9.00011-4,10.1016/b978-0-44-344291-9.00011-4,,Generalized zero-sample industrial fault diagnosis under cross-domain scenarios,Hongpeng Yin; Li Cai; Peng Zhang,2026,INTELLIGENT FAULT DIAGNOSIS AND PROGNOSIS FOR INDUSTRIAL SYSTEMS,other,L10_cross_robot_few_shot; L_killer_precision,12.0,false,EXCLUDE,OFF_TOPIC_OTHER,Book chapter on zero-sample cross-domain industrial FD; journal original would resurface via citations,,2026-08-24T03:12:11+00:00,claude_fable_5_paper_reset_v2
124,doi:10.1016/j.eswa.2023.120696,10.1016/j.eswa.2023.120696,,Generalized MAML for few-shot cross-domain fault diagnosis of bearing driven by heterogeneous signals,Jian Lin; Haidong Shao; Xiangdong Zhou; Baoping Cai; Bin Liu,2023,Expert Systems with Applications,other,L10_cross_robot_few_shot; L11_active_diagnosis,12.0,false,INCLUDE_FULLTEXT,LINEAGE_QUOTA,Generalized MAML few-shot cross-domain FD (ESWA); representative few-shot cross-domain method for L10,L10_cross_robot_few_shot,2026-08-24T03:12:11+00:00,claude_fable_5_paper_reset_v2
125,doi:10.1109/access.2022.3180153,10.1109/access.2022.3180153,,Fault Diagnosis and Fault-Tolerant Control of PMSM Drives–State of the Art and Future Challenges,Teresa Orłowska-Kowalska; Marcin Wolkiewicz; Przemysław Pietrzak; Maciej Skowron; P. Ewert; Grzegorz Tarchała; Mateusz Krzysztofiak; C. T. Kowalski,2022,IEEE Access,other,L10_cross_robot_few_shot; L11_active_diagnosis,12.0,true,INCLUDE_BACKGROUND,CONTEXT_RELEVANT,PMSM drive FD review; actuator-level fault family background,L2_manipulator_actuator_sensor_fdi,2026-08-24T03:12:11+00:00,claude_fable_5_paper_reset_v2
126,doi:10.1109/jproc.2022.3171691,10.1109/jproc.2022.3171691,,A Comprehensive Review on Signal-Based and Model-Based Condition Monitoring of Wind Turbines: Fault Diagnosis and Lifetime Prognosis,Hamed Badihi; Youmin Zhang; Bin Jiang; Pragasen Pillay; Subhash Rakheja,2022,Proceedings of the IEEE,other,L10_cross_robot_few_shot; L11_active_diagnosis,12.0,true,EXCLUDE,PROCESS_MACHINERY_ONLY,Wind-turbine condition monitoring review,,2026-08-24T03:12:11+00:00,claude_fable_5_paper_reset_v2
127,doi:10.1145/3649448,10.1145/3649448,,Deep Learning for Time Series Classification and Extrinsic Regression: A Current Survey,Navid Mohammadi Foumani; Lynn Miller; Chang Wei Tan; Geoffrey I. Webb; Germain Forestier; Mahsa Salehi,2024,ACM Computing Surveys,other,L10_cross_robot_few_shot; L8_public_benchmarks_transfer,12.0,true,EXCLUDE,SURVEY_TANGENTIAL,TS classification/regression survey; not AD,,2026-08-24T03:12:11+00:00,claude_fable_5_paper_reset_v2
128,doi:10.3901/jme.2024.21.099,10.3901/jme.2024.21.099,,Robot Collision Detection Based on Bandpass Filtered Second-order Momentum Observer,,2024,Journal of Mechanical Engineering,other,L3_learned_momentum_observer; L7_mtsad_context_ood_sequential,12.0,true,INCLUDE_BACKGROUND,CONTEXT_RELEVANT,Bandpass-filtered 2nd-order MOB collision detection (Chinese JME); MOB engineering variant,L3_learned_momentum_observer,2026-08-24T03:12:11+00:00,claude_fable_5_paper_reset_v2
129,doi:10.1007/s00170-021-08047-6,10.1007/s00170-021-08047-6,,Technology development and commercial applications of industrial fault diagnosis system: a review,Chengze Liu; A. Cichoń; Grzegorz Królczyk; Zhixiong Li,2021,The International Journal of Advanced Manufacturing Technology,other,L10_cross_robot_few_shot; L11_active_diagnosis,11.957,true,EXCLUDE,PROCESS_MACHINERY_ONLY,CBM commercial systems review,,2026-08-24T03:12:11+00:00,claude_fable_5_paper_reset_v2
130,doi:10.3390/s21216979,10.3390/s21216979,,Predictive Maintenance: An Autoencoder Anomaly-Based Approach for a 3 DoF Delta Robot,Kiavash Fathi; Hans Wernher van de Venn; Marcel Honegger,2021,Sensors,MDPI,L7_mtsad_context_ood_sequential; L8_public_benchmarks_transfer,11.931,true,INCLUDE_BACKGROUND,VENUE_EXCLUDED_MDPI,"AE-based PdM on delta robot (Sensors); healthy-only AE line, MDPI",L7_mtsad_context_ood_sequential,2026-08-24T03:12:11+00:00,claude_fable_5_paper_reset_v2
131,doi:10.20944/preprints202509.1592.v1,10.20944/preprints202509.1592.v1,,An Adaptive External Torque Estimation Algorithm for Collision Detection in Robotic Arms,Cheng Yan; Ming Lyu; Yaowei Chen; Jie Zhang,2025,Sensors,MDPI,L3_learned_momentum_observer; L4_structured_chain_graph_dynamics,11.916,true,INCLUDE_BACKGROUND,VENUE_EXCLUDED_MDPI,Variational-Bayes KF external torque estimation (MDPI preprint),L3_learned_momentum_observer,2026-08-24T03:12:11+00:00,claude_fable_5_paper_reset_v2
132,doi:10.36227/techrxiv.174742058.83011810/v1,10.36227/techrxiv.174742058.83011810/v1,,Learning-Based Contact Interpretation with LSTM Networks: A Transferable Skill for Robots,Maryam Rezayati; Kyu Min Park; Hans Wernher van de Venn,2025,,other,L3_learned_momentum_observer; L8_public_benchmarks_transfer,11.916,true,INCLUDE_FULLTEXT,LINEAGE_QUOTA,"LSTM contact interpretation claimed transferable across robots/DoFs (TechRxiv); direct L10 topic, preprint status noted",L10_cross_robot_few_shot,2026-08-24T03:12:11+00:00,claude_fable_5_paper_reset_v2
133,doi:10.1017/s0263574723001091,10.1017/s0263574723001091,,A brief survey of observers for disturbance estimation and compensation,Teng Li; Hongjun Xing; Ehsan Hashemi; Hamid D. Taghirad; Mahdi Tavakoli,2023,Robotica,other,L2_manipulator_actuator_sensor_fdi; L3_learned_momentum_observer,11.827,true,INCLUDE_FULLTEXT,LINEAGE_QUOTA,Robotica survey of disturbance/uncertainty observers; L3 taxonomy grounding,L3_learned_momentum_observer,2026-08-24T03:12:11+00:00,claude_fable_5_paper_reset_v2
134,doi:10.3390/machines10090818,10.3390/machines10090818,,A Novel Sliding Mode Momentum Observer for Collaborative Robot Collision Detection,Shike Long; Xuanju Dang; Shanlin Sun; Yongjun Wang; Mingzhen Gui,2022,Machines,MDPI,L3_learned_momentum_observer; L7_mtsad_context_ood_sequential,11.797,true,INCLUDE_BACKGROUND,VENUE_EXCLUDED_MDPI,"Sliding-mode MOB (Machines); MOB variant, MDPI",L3_learned_momentum_observer,2026-08-24T03:12:11+00:00,claude_fable_5_paper_reset_v2
135,doi:10.3389/frobt.2022.982131,10.3389/frobt.2022.982131,,Occluded object detection and exposure in cluttered environments with automated hyperspectral anomaly detection,Nathaniel Hanson; Gary Lvov; Taşkın Padir,2022,Frontiers in Robotics and AI,other,L7_mtsad_context_ood_sequential; L_killer_precision,11.7,true,EXCLUDE,WRONG_OBJECT,Hyperspectral occluded-object detection,,2026-08-24T03:12:11+00:00,claude_fable_5_paper_reset_v2
136,doi:10.3390/s24041330,10.3390/s24041330,,Anomaly Detection Methods in Autonomous Robotic Missions,Shivoh Chirayil Nandakumar; Daniel Mitchell; Mustafa Suphi Erden; David Flynn; Theodore Lim,2024,Sensors,MDPI,L7_mtsad_context_ood_sequential; L8_public_benchmarks_transfer,11.664,true,INCLUDE_BACKGROUND,VENUE_EXCLUDED_MDPI,"Review of AD in autonomous robotic missions (Sensors); robot-AD landscape map, MDPI",L7_mtsad_context_ood_sequential,2026-08-24T03:12:11+00:00,claude_fable_5_paper_reset_v2
137,doi:10.1016/j.neunet.2020.11.018,10.1016/j.neunet.2020.11.018,,Artificial fly visual joint perception neural network inspired by multiple-regional collision detection,Lun Li; Zhuhong Zhang; Jiaxuan Lu,2021,Neural Networks,other,L3_learned_momentum_observer; L4_structured_chain_graph_dynamics,11.583,false,EXCLUDE,NOT_ROBOT_DOMAIN,Fly-visual bio-inspired collision perception,,2026-08-24T03:12:11+00:00,claude_fable_5_paper_reset_v2
138,doi:10.1007/s10462-023-10562-9,10.1007/s10462-023-10562-9,,A survey of uncertainty in deep neural networks,Jakob Gawlikowski; Cedrique Rovile Njieutcheu Tassi; Mohsin Ali; Jong‐Seok Lee; Matthias Humt; Jianxiang Feng; Anna Kruspe; Rudolph Triebel; Peter Jung; Ribana Roscher; Muhammad Shahzad; Wen Yang; Richard Bamler; Xiao Xiang Zhu,2023,Artificial Intelligence Review,other,L3_learned_momentum_observer; L5_lie_geometry_equivariant,11.5,true,INCLUDE_BACKGROUND,CONTEXT_RELEVANT,DNN uncertainty survey; calibration background,L7_mtsad_context_ood_sequential,2026-08-24T03:12:11+00:00,claude_fable_5_paper_reset_v2
139,doi:10.1007/s10462-024-11100-x,10.1007/s10462-024-11100-x,,"Deep learning and computer vision in plant disease detection: a comprehensive review of techniques, models, and trends in precision agriculture",Abhishek Upadhyay; Narendra Singh Chandel; Krishna Pratap Singh; Subir Kumar Chakraborty; B. M. Nandede; Mohit Kumar; A. Subeesh; Konga Upendar; Ali Salem; Ahmed Elbeltagi,2025,Artificial Intelligence Review,other,L10_cross_robot_few_shot; L9_foundation_multimodal,11.5,true,EXCLUDE,NOT_ROBOT_DOMAIN,Plant-disease CV review,,2026-08-24T03:12:11+00:00,claude_fable_5_paper_reset_v2
140,doi:10.1017/s0140525x04000093,10.1017/s0140525x04000093,,"The emulation theory of representation: Motor control, imagery, and perception",Rick Grush,2004,Behavioral and Brain Sciences,other,L5_lie_geometry_equivariant; L6_contact_collision_localization,11.5,true,EXCLUDE,PRE_WINDOW_NOT_CLASSIC,Emulation-theory cognitive science essay,,2026-08-24T03:12:11+00:00,claude_fable_5_paper_reset_v2
141,doi:10.1109/access.2021.3083060,10.1109/access.2021.3083060,,Machine Learning for Anomaly Detection: A Systematic Review,Ali Bou Nassif; Manar Abu Talib; Qassim Nasir; Fatima Dakalbab,2021,IEEE Access,other,L7_mtsad_context_ood_sequential; L8_public_benchmarks_transfer,11.5,true,EXCLUDE,SURVEY_TANGENTIAL,Generic ML-AD systematic review,,2026-08-24T03:12:11+00:00,claude_fable_5_paper_reset_v2
142,doi:10.1109/access.2023.3304992,10.1109/access.2023.3304992,,Intelligent Control of Multilegged Robot Smooth Motion: A Review,Yongyong Zhao; Jinghua Wang; Guohua Cao; Yi Yuan; Yao Xu; Luqiang Qi,2023,IEEE Access,other,L3_learned_momentum_observer; L7_mtsad_context_ood_sequential,11.5,true,EXCLUDE,WRONG_OBJECT,Multilegged locomotion control review,,2026-08-24T03:12:11+00:00,claude_fable_5_paper_reset_v2
143,doi:10.1109/comst.2023.3249835,10.1109/comst.2023.3249835,,"On the Road to 6G: Visions, Requirements, Key Technologies, and Testbeds",Cheng‐Xiang Wang; Xiaohu You; Xiqi Gao; Xiuming Zhu; Zixin Li; Chuan Zhang; Haiming Wang; Yongming Huang; Yunfei Chen; Harald Haas; John Thompson; Erik G. Larsson; Marco Di Renzo; Wen Tong; Peiying Zhu; Xuemin Shen; H. Vincent Poor; Lajos Hanzo,2023,IEEE Communications Surveys & Tutorials,other,L4_structured_chain_graph_dynamics; L6_contact_collision_localization,11.5,true,EXCLUDE,NOT_ROBOT_DOMAIN,6G survey,,2026-08-24T03:12:11+00:00,claude_fable_5_paper_reset_v2
144,doi:10.1109/icst49551.2021.00031,10.1109/icst49551.2021.00031,,Digital Twin-based Anomaly Detection in Cyber-physical Systems,Qinghua Xu; Shaukat Ali; Tao Yue,2021,,other,L7_mtsad_context_ood_sequential; L8_public_benchmarks_transfer,11.5,true,EXCLUDE,NOT_ROBOT_DOMAIN,Digital-twin AD on CPS testbeds,,2026-08-24T03:12:11+00:00,claude_fable_5_paper_reset_v2
145,doi:10.1109/tcyb.2023.3256080,10.1109/tcyb.2023.3256080,,Filter-Informed Spectral Graph Wavelet Networks for Multiscale Feature Extraction and Intelligent Fault Diagnosis,Tianfu Li; Chuang Sun; Olga Fink; Yuangui Yang; Xuefeng Chen; Ruqiang Yan,2023,IEEE Transactions on Cybernetics,other,L4_structured_chain_graph_dynamics; L5_lie_geometry_equivariant,11.5,true,INCLUDE_FULLTEXT,LINEAGE_QUOTA,Spectral graph wavelet network FD with sensor-graph inductive bias (TCYB); L4 graph-structure evidence,L4_structured_chain_graph_dynamics,2026-08-24T03:12:11+00:00,claude_fable_5_paper_reset_v2
146,doi:10.1109/tkde.2021.3112126,10.1109/tkde.2021.3112126,,Current Time Series Anomaly Detection Benchmarks are Flawed and are Creating the Illusion of Progress,Renjie Wu; Eamonn Keogh,2021,IEEE Transactions on Knowledge and Data Engineering,other,L7_mtsad_context_ood_sequential; L8_public_benchmarks_transfer,11.5,true,INCLUDE_FULLTEXT,METHOD_RELEVANT,Wu-Keogh flawed-benchmark critique (TKDE); protocol-defining for our benchmark gate,L7_mtsad_context_ood_sequential,2026-08-24T03:12:11+00:00,claude_fable_5_paper_reset_v2
147,doi:10.1145/3580305.3599295,10.1145/3580305.3599295,,DCdetector: Dual Attention Contrastive Representation Learning for Time Series Anomaly Detection,Yiyuan Yang; Chaoli Zhang; Tian Zhou; Qingsong Wen; Liang Sun,2023,,other,L7_mtsad_context_ood_sequential; L8_public_benchmarks_transfer,11.5,true,INCLUDE_FULLTEXT,METHOD_RELEVANT,"DCdetector (KDD23) contrastive TSAD; candidate for frozen recent-MTSAD baseline slot (code, PA usage to audit)",L7_mtsad_context_ood_sequential,2026-08-24T03:12:11+00:00,claude_fable_5_paper_reset_v2
148,doi:10.1145/3609333,10.1145/3609333,,A Survey on Explainable Anomaly Detection,Zhong Li; Yuxuan Zhu; Matthijs van Leeuwen,2023,ACM Transactions on Knowledge Discovery from Data,other,L7_mtsad_context_ood_sequential; L8_public_benchmarks_transfer,11.5,true,INCLUDE_BACKGROUND,CONTEXT_RELEVANT,Explainable-AD survey; interpretation background,L7_mtsad_context_ood_sequential,2026-08-24T03:12:11+00:00,claude_fable_5_paper_reset_v2
149,doi:10.1186/s12984-022-01065-9,10.1186/s12984-022-01065-9,,Upper limb soft robotic wearable devices: a systematic review,Elena Bardi; Marta Gandolla; Francesco Braghin; Ferruccio Resta; Alessandra Pedrocchi; Emilia Ambrosini,2022,Journal of NeuroEngineering and Rehabilitation,other,L4_structured_chain_graph_dynamics; L5_lie_geometry_equivariant,11.5,true,EXCLUDE,WRONG_OBJECT,Upper-limb exosuit review,,2026-08-24T03:12:11+00:00,claude_fable_5_paper_reset_v2
150,doi:10.2139/ssrn.5893822,10.2139/ssrn.5893822,,A Unified Adaptive IoT-Cloud Framework: Modular Smart Device Integration with Neural Network-Driven Anomaly Detection,Beverly Albert,2026,,other,L4_structured_chain_graph_dynamics; L_killer_precision,11.5,false,EXCLUDE,NOT_ROBOT_DOMAIN,IoT-cloud AD framework (SSRN stub),,2026-08-24T03:12:11+00:00,claude_fable_5_paper_reset_v2
151,doi:10.3390/electronics10212689,10.3390/electronics10212689,,Artificial Neural Networks Based Optimization Techniques: A Review,Maher G. M. Abdolrasol; S. M. Suhail Hussain; Taha Selim Ustun; Mahidur R. Sarker; M. A. Hannan; Ramizi Mohamed; Jamal Abd Ali; Saad Mekhilef; Abdalrhman Milad,2021,Electronics,MDPI,L11_active_diagnosis; L4_structured_chain_graph_dynamics; L5_lie_geometry_equivariant,11.5,true,EXCLUDE,NOT_ROBOT_DOMAIN,ANN optimization review (MDPI),,2026-08-24T03:12:11+00:00,claude_fable_5_paper_reset_v2
152,doi:10.48550/arxiv.2201.07284,10.48550/arxiv.2201.07284,,TranAD: Deep Transformer Networks for Anomaly Detection in Multivariate Time Series Data,Shreshth Tuli; Giuliano Casale; Nicholas R. Jennings,2022,arXiv (Cornell University),other,L7_mtsad_context_ood_sequential; L8_public_benchmarks_transfer,11.5,true,INCLUDE_FULLTEXT,METHOD_RELEVANT,TranAD (VLDB22) transformer MTSAD with code; candidate for frozen recent-MTSAD baseline slot,L7_mtsad_context_ood_sequential,2026-08-24T03:12:11+00:00,claude_fable_5_paper_reset_v2
153,doi:10.48550/arxiv.2405.14458,10.48550/arxiv.2405.14458,,YOLOv10: Real-Time End-to-End Object Detection,Ao Wang; Hui Chen; Lihao Liu; Kai Chen; Zijia Lin; Jungong Han; Guiguang Ding,2024,arXiv (Cornell University),other,L8_public_benchmarks_transfer; L9_foundation_multimodal,11.5,true,EXCLUDE,NOT_ROBOT_DOMAIN,YOLOv10,,2026-08-24T03:12:11+00:00,claude_fable_5_paper_reset_v2
154,tay:uncovering vulnerability of vision language action models under joint level physical faults|jo|2026,,2606.10501v1,Uncovering Vulnerability of Vision-Language-Action Models under Joint-Level Physical Faults,Minsoo Jo; 권태주; Junha Chun; Youngjoon Jeong; Taesup Kim,2026,arXiv (Cornell University),other,L2_manipulator_actuator_sensor_fdi; L6_contact_collision_localization,11.5,true,INCLUDE_PRIORITY,DIRECT_NEIGHBOR_CANDIDATE,"VLA policies probed under joint-level physical faults (2026); newest foundation-model x embodiment-fault intersection, L9",L9_foundation_multimodal,2026-08-24T03:12:11+00:00,claude_fable_5_paper_reset_v2
155,doi:10.24963/ijcai.2022/394,10.24963/ijcai.2022/394,,Neural Contextual Anomaly Detection for Time Series,Chris U. Carmona; François-Xavier Aubet; Valentín Flunkert; Jan Gasthaus,2022,,other,L7_mtsad_context_ood_sequential; L8_public_benchmarks_transfer,11.476,true,INCLUDE_FULLTEXT,METHOD_RELEVANT,NCAD contextual AD (IJCAI22); context-window formulation relevant to context-conditioned health line,L7_mtsad_context_ood_sequential,2026-08-24T03:12:11+00:00,claude_fable_5_paper_reset_v2
156,doi:10.1109/access.2022.3216007,10.1109/access.2022.3216007,,A Review of Neural Networks for Anomaly Detection,José Edson de Albuquerque Filho; Laislla Carolina Pinheiro Brandão; Bruno Fernandes; Alexandre Magno Andrade Maciel,2022,IEEE Access,other,L7_mtsad_context_ood_sequential; L8_public_benchmarks_transfer,11.457,true,EXCLUDE,SURVEY_TANGENTIAL,NN-AD model review,,2026-08-24T03:12:11+00:00,claude_fable_5_paper_reset_v2
157,doi:10.1145/3729222,10.1145/3729222,,Networking Systems for Video Anomaly Detection: A Tutorial and Survey,Jing Liu; Yang Liu; Jieyu Lin; Jielin Li; Liang Cao; Peng Sun; Bo Hu; Liang Song; Azzedine Boukerche; Victor C. M. Leung,2025,ACM Computing Surveys,other,L10_cross_robot_few_shot; L7_mtsad_context_ood_sequential,11.457,true,EXCLUDE,NOT_ROBOT_DOMAIN,Video AD survey,,2026-08-24T03:12:11+00:00,claude_fable_5_paper_reset_v2
158,doi:10.1007/978-981-96-4395-0_5,10.1007/978-981-96-4395-0_5,,Cross-Chain Traffic Anomaly Detection,Peng Jiang; Liehuang Zhu,2025,Blockchain Technology,other,L10_cross_robot_few_shot; L8_public_benchmarks_transfer,11.416,false,EXCLUDE,NOT_ROBOT_DOMAIN,Blockchain traffic AD chapter,,2026-08-24T03:12:11+00:00,claude_fable_5_paper_reset_v2
159,doi:10.1109/tase.2026.3660830,10.1109/tase.2026.3660830,,Toward Generalist Neural Motion Planners for Robotic Manipulators: Challenges and Opportunities,Davood Soleymanzadeh; Iván López-Sánchez; Hao Su; Yunzhu Li; Xiao Liang; Minghui Zheng,2026,IEEE Transactions on Automation Science and Engineering,C,L5_lie_geometry_equivariant; L9_foundation_multimodal,11.416,true,EXCLUDE,NOT_FAULT_ANOMALY_TOPIC,Neural motion planning perspective,,2026-08-24T03:12:11+00:00,claude_fable_5_paper_reset_v2
160,doi:10.48550/arxiv.2408.15831,10.48550/arxiv.2408.15831,,Towards Optimized Parallel Robots for Human-Robot Collaboration by Combined Structural and Dimensional Synthesis,Aran Mohammad; Thomas Seel; Moritz Schappler,2024,arXiv (Cornell University),other,L3_learned_momentum_observer; L6_contact_collision_localization,11.416,true,EXCLUDE,NOT_FAULT_ANOMALY_TOPIC,Parallel-robot structural synthesis for HRC,,2026-08-24T03:12:11+00:00,claude_fable_5_paper_reset_v2
161,doi:10.3389/frobt.2025.1604472,10.3389/frobt.2025.1604472,,Multimodal perception-driven decision-making for human-robot interaction: a survey,Wenzheng Zhao; Kruthika Gangaraju; Fengpei Yuan,2025,Frontiers in Robotics and AI,other,L5_lie_geometry_equivariant; L9_foundation_multimodal,11.355,true,EXCLUDE,SURVEY_TANGENTIAL,Multimodal HRI decision-making survey,,2026-08-24T03:12:11+00:00,claude_fable_5_paper_reset_v2
162,doi:10.1109/access.2026.3658108,10.1109/access.2026.3658108,,Zero-Shot Visual Anomaly Detection on a Quadruped Robot Using State of the Art Visual Language Models,Omur Aydogmus; Gullu Boztas,2026,IEEE Access,other,L_killer_precision; L_recent_2025_2026,11.332,true,INCLUDE_BACKGROUND,CONTEXT_RELEVANT,"VLM zero-shot visual AD on quadruped; foundation-model robot-AD trend, wrong modality/platform",L9_foundation_multimodal,2026-08-24T03:12:11+00:00,claude_fable_5_paper_reset_v2
163,doi:10.3390/machines13040334,10.3390/machines13040334,,MomentumNet-CD: Real-Time Collision Detection for Industrial Robots Based on Momentum Observer with Optimized BP Neural Network,Jinhua Ye; Yechen Fan; Quanjie Kang; Xiaohan Liu; Haibin Wu; Gengfeng Zheng,2025,Machines,MDPI,L3_learned_momentum_observer; L7_mtsad_context_ood_sequential,11.332,true,INCLUDE_BACKGROUND,VENUE_EXCLUDED_MDPI,MOB + optimized BP net collision detection (Machines 2025),L3_learned_momentum_observer,2026-08-24T03:12:11+00:00,claude_fable_5_paper_reset_v2
164,doi:10.1109/tmech.2025.3547909,10.1109/tmech.2025.3547909,,Dynamic Event-Triggered Fixed-Time Prescribed Performance Control for Uncertain Robot Manipulator With Actuator Faults,Ganghui Shen; Panfeng Huang; Jia Xu; Zhiqiang Ma; Yuanqing Xia,2025,IEEE/ASME Transactions on Mechatronics,C,L2_manipulator_actuator_sensor_fdi,11.318,true,EXCLUDE,OFF_TOPIC_OTHER,Event-triggered prescribed-performance FTC; controller synthesis,,2026-08-24T03:12:11+00:00,claude_fable_5_paper_reset_v2
165,doi:10.1371/journal.pone.0322484,10.1371/journal.pone.0322484,,Federated fault diagnosis method for collaborative self-diagnosis and cross-robot peer diagnosis,Yan Qin; Ouyang Wang,2025,PLOS One,other,L_killer_precision; L_recent_2025_2026,11.159,true,INCLUDE_FULLTEXT,LINEAGE_QUOTA,Federated self- and cross-robot peer fault diagnosis (2025); L10 cross-robot,L10_cross_robot_few_shot,2026-08-24T03:12:11+00:00,claude_fable_5_paper_reset_v2
166,doi:10.2172/1915406,10.2172/1915406,,Semi-Supervised Domain Adaptation for Cross-Survey Galaxy Morphology Classification and Anomaly Detection,Aleksandra Ćiprijanović; Ashia Lewis; Kevin Pedro; Sandeep Madireddy; Brian Nord; Gabriel Perdue; Stefan Wild,2023,Semi-Supervised Domain Adaptation for Cross-Survey Galaxy Morphology Classification and Anomaly Detection,other,L10_cross_robot_few_shot; L8_public_benchmarks_transfer,11.159,true,EXCLUDE,NOT_ROBOT_DOMAIN,Galaxy morphology domain adaptation,,2026-08-24T03:12:11+00:00,claude_fable_5_paper_reset_v2
167,doi:10.1016/j.engappai.2024.109323,10.1016/j.engappai.2024.109323,2408.03747v3,"Online model-based anomaly detection in multivariate time series: Taxonomy, survey, research challenges and future directions",Lucas Correia; Jan-Christoph Goos; Philipp Klein; Thomas Bäck; Anna V. Kononova,2024,Engineering Applications of Artificial Intelligence,other,L7_mtsad_context_ood_sequential; L8_public_benchmarks_transfer,11.133,true,INCLUDE_BACKGROUND,CONTEXT_RELEVANT,Online model-based MTSAD taxonomy survey (EAAI),L7_mtsad_context_ood_sequential,2026-08-24T03:12:11+00:00,claude_fable_5_paper_reset_v2
168,doi:10.1016/j.knosys.2023.110452,10.1016/j.knosys.2023.110452,,Residual shrinkage transformer relation network for intelligent fault detection of industrial robot with zero-fault samples,Zuoyi Chen; Ke Wu; Jun Wu; Chao Deng; Yuanhang Wang,2023,Knowledge-Based Systems,other,L_killer_precision,11.133,false,INCLUDE_FULLTEXT,LINEAGE_QUOTA,Zero-fault-sample industrial-robot fault detection via residual shrinkage transformer relation net (KBS); healthy-only L2,L2_manipulator_actuator_sensor_fdi,2026-08-24T03:12:11+00:00,claude_fable_5_paper_reset_v2
169,doi:10.15607/rss.2024.xx.114,10.15607/rss.2024.xx.114,,Real-Time Anomaly Detection and Reactive Planning with Large Language Models,Rohan Sinha; Amine Elhafsi; Christopher Agia; Matt Foutter; Edward Schmerling; Marco Pavone,2024,,other,L7_mtsad_context_ood_sequential; L8_public_benchmarks_transfer,11.133,true,INCLUDE_PRIORITY,DIRECT_NEIGHBOR_CANDIDATE,RSS24 LLM-based real-time robot anomaly detection + reactive planning; foundation-model runtime monitoring neighbor,L9_foundation_multimodal,2026-08-24T03:12:11+00:00,claude_fable_5_paper_reset_v2
170,doi:10.1007/978-981-96-4395-0_4,10.1007/978-981-96-4395-0_4,,Cross-Chain Network Anomaly Detection,Peng Jiang; Liehuang Zhu,2025,Blockchain Technology,other,L10_cross_robot_few_shot; L8_public_benchmarks_transfer,11.0,false,EXCLUDE,NOT_ROBOT_DOMAIN,Blockchain AD chapter,,2026-08-24T03:12:11+00:00,claude_fable_5_paper_reset_v2
171,doi:10.1007/s11831-021-09694-4,10.1007/s11831-021-09694-4,,Particle Swarm Optimization Algorithm and Its Applications: A Systematic Review,Ahmed G. Gad,2022,Archives of Computational Methods in Engineering,other,L10_cross_robot_few_shot; L11_active_diagnosis,11.0,true,EXCLUDE,NOT_ROBOT_DOMAIN,PSO review,,2026-08-24T03:12:11+00:00,claude_fable_5_paper_reset_v2
172,doi:10.1007/s43154-021-00057-2,10.1007/s43154-021-00057-2,,"Autonomy for Space Robots: Past, Present, and Future",Issa Nesnas; Lorraine Fesq; R. Volpe,2021,Current Robotics Reports,other,L10_cross_robot_few_shot; L7_mtsad_context_ood_sequential,11.0,true,EXCLUDE,SURVEY_TANGENTIAL,Space-robot autonomy review,,2026-08-24T03:12:11+00:00,claude_fable_5_paper_reset_v2
173,doi:10.1109/access.2023.3347989,10.1109/access.2023.3347989,,"Physics-Informed Machine Learning for Data Anomaly Detection, Classification, Localization, and Mitigation: A Review, Challenges, and Path Forward",Mehdi Jabbari Zideh; Paroma Chatterjee; Anurag K. Srivastava,2023,IEEE Access,other,L10_cross_robot_few_shot; L7_mtsad_context_ood_sequential,11.0,true,EXCLUDE,NOT_ROBOT_DOMAIN,Physics-informed ML for grid anomaly review,,2026-08-24T03:12:11+00:00,claude_fable_5_paper_reset_v2
174,doi:10.1109/iciea61579.2024.10665176,10.1109/iciea61579.2024.10665176,,Robot Anomaly Detection Using a Boosted Time Series Prediction Model,Yuan Miaolong; Yan Shijun; Liu Ning; Zhang Jie; Lee Kuo Wei,2024,2024 IEEE 19th Conference on Industrial Electronics and Applications (ICIEA),other,L7_mtsad_context_ood_sequential; L9_foundation_multimodal,11.0,true,INCLUDE_BACKGROUND,CONTEXT_RELEVANT,DCNN+LSTM boosted prediction for robot AD; weak conference,L7_mtsad_context_ood_sequential,2026-08-24T03:12:11+00:00,claude_fable_5_paper_reset_v2
175,doi:10.1145/3626235,10.1145/3626235,,Diffusion Models: A Comprehensive Survey of Methods and Applications,L. Yang; Zhilong Zhang; Yang Song; Shenda Hong; Runsheng Xu; Yue Zhao; Wentao Zhang; Bin Cui; Ming–Hsuan Yang,2023,ACM Computing Surveys,other,L10_cross_robot_few_shot; L9_foundation_multimodal,11.0,true,EXCLUDE,NOT_ROBOT_DOMAIN,Diffusion models survey,,2026-08-24T03:12:11+00:00,claude_fable_5_paper_reset_v2
176,doi:10.1186/s40537-023-00727-2,10.1186/s40537-023-00727-2,,"A survey on deep learning tools dealing with data scarcity: definitions, challenges, solutions, tips, and applications",Laith Alzubaidi; Jinshuai Bai; Aiman Al-Sabaawi; José Santamaría; A. S. Albahri; Bashar Sami Nayyef Al-dabbagh; Mohammed A. Fadhel; Mohamed Manoufali; Jinglan Zhang; Ali H. Al‐Timemy; Ye Duan; Amjed Abdullah; Laith Farhan; Yi Lu; Ashish Gupta; Felix Albu; Amin Abbosh; Yuantong Gu,2023,Journal Of Big Data,other,L10_cross_robot_few_shot; L4_structured_chain_graph_dynamics,11.0,true,EXCLUDE,SURVEY_TANGENTIAL,Data-scarcity DL survey,,2026-08-24T03:12:11+00:00,claude_fable_5_paper_reset_v2
177,doi:10.2139/ssrn.6826528,10.2139/ssrn.6826528,,A Cross-Layer Anomaly Detection Framework for WPA3 Networks Using RFE-Optimised Lightweight CNN,Naman Kumar,2026,,other,L10_cross_robot_few_shot; L8_public_benchmarks_transfer,11.0,false,EXCLUDE,NOT_ROBOT_DOMAIN,WPA3 network AD stub,,2026-08-24T03:12:11+00:00,claude_fable_5_paper_reset_v2
178,tay:aursad universal robot screwdriving anomaly detection dataset|leporowski|2021,,2102.01409v2,AURSAD: Universal Robot Screwdriving Anomaly Detection Dataset,Błażej Leporowski; Daniella Tola; Casper Hansen; Alexandros Iosifidis,2021,arXiv,other,L8_public_benchmarks_transfer,11.0,true,INCLUDE_PRIORITY,DATASET_OR_CODE_PAPER,"AURSAD dataset paper; mandatory dataset (carded in V1, recount under V2)",L8_public_benchmarks_transfer,2026-08-24T03:12:11+00:00,claude_fable_5_paper_reset_v2
179,doi:10.1109/access.2023.3333242,10.1109/access.2023.3333242,,Anomaly Detection in Industrial Machinery Using IoT Devices and Machine Learning: A Systematic Mapping,Sérgio F. Chevtchenko; Élisson da Silva Rocha; Monalisa Cristina Moura Dos Santos; Ricardo Lins Mota; Diego Moura Vieira; Ermeson Andrade; Danilo Ricardo Barbosa De Araújo,2023,IEEE Access,other,L10_cross_robot_few_shot; L7_mtsad_context_ood_sequential,10.995,true,EXCLUDE,PROCESS_MACHINERY_ONLY,IoT machinery AD systematic mapping,,2026-08-24T03:12:11+00:00,claude_fable_5_paper_reset_v2
180,doi:10.1109/lra.2023.3342558,10.1109/lra.2023.3342558,,Whole-Body Self-Collision Distance Detection for a Heavy-Duty Manipulator Using Neural Networks,Hua Liu; Hengsheng Wang; Xinping Guo,2024,IEEE Robotics and Automation Letters,R,L4_structured_chain_graph_dynamics,10.939,true,EXCLUDE,NOT_FAULT_ANOMALY_TOPIC,Geometric self-collision distance regression for planning,,2026-08-24T03:12:11+00:00,claude_fable_5_paper_reset_v2
181,doi:10.1002/aisy.202400576,10.1002/aisy.202400576,,Deep Learning Methods in Soft Robotics: Architectures and Applications,Tomáš Čakurda; M Trojanová; Pavlo Pomin; Alexander Hošovský,2024,Advanced Intelligent Systems,other,L5_lie_geometry_equivariant; L9_foundation_multimodal,10.931,true,EXCLUDE,SURVEY_TANGENTIAL,DL in soft robotics review,,2026-08-24T03:12:11+00:00,claude_fable_5_paper_reset_v2
182,doi:10.1115/1.4056830,10.1115/1.4056830,2304.00995v1,Kinetostatic Optimization for Kinematic Redundancy Planning of Nimbl’Bot Robot,Angelica Ginnante; Stéphane Caro; Enrico Simetti; François Leborne,2023,Journal of Mechanisms and Robotics,other,L4_structured_chain_graph_dynamics; L6_contact_collision_localization,10.832,true,EXCLUDE,NOT_FAULT_ANOMALY_TOPIC,Kinematic redundancy planning optimization,,2026-08-24T03:12:11+00:00,claude_fable_5_paper_reset_v2
183,doi:10.1016/j.engappai.2024.108996,10.1016/j.engappai.2024.108996,,"Knowledge-based anomaly detection: Survey, challenges, and future directions",Abdul Qadir Khan; Saad El Jaouhari; Nouredine Tamani; Lina Mroueh,2024,Engineering Applications of Artificial Intelligence,other,L10_cross_robot_few_shot; L7_mtsad_context_ood_sequential,10.784,false,EXCLUDE,SURVEY_TANGENTIAL,Knowledge-based AD survey,,2026-08-24T03:12:11+00:00,claude_fable_5_paper_reset_v2
184,doi:10.1109/tie.2020.3028813,10.1109/tie.2020.3028813,,Active Fault Detection of Soft Manipulator in Visual Servoing,Haoyuan Gu; Hesheng Wang; Fan Xu; Zhe Liu; Weidong Chen,2021,IEEE Transactions on Industrial Electronics,C,L5_lie_geometry_equivariant,10.683,true,INCLUDE_FULLTEXT,LINEAGE_QUOTA,Active fault detection with injected auxiliary signals for manipulator in visual servoing (TIE); L11 active-diagnosis quota,L11_active_diagnosis,2026-08-24T03:12:11+00:00,claude_fable_5_paper_reset_v2
185,doi:10.32604/cmc.2024.055538,10.32604/cmc.2024.055538,,Virtual Assembly Collision Detection Algorithm Using Backpropagation Neural Network,Baowei Wang; Wen You,2024,"Computers, Materials &amp; Continua",other,L3_learned_momentum_observer; L4_structured_chain_graph_dynamics,10.659,true,EXCLUDE,NOT_FAULT_ANOMALY_TOPIC,Virtual-assembly graphics collision detection,,2026-08-24T03:12:11+00:00,claude_fable_5_paper_reset_v2
186,doi:10.1007/s10462-023-10466-8,10.1007/s10462-023-10466-8,,"Deep learning modelling techniques: current progress, applications, advantages, and challenges",Shams Forruque Ahmed; Md. Sakib Bin Alam; Maruf Hassan; Mahtabin Rodela Rozbu; Taoseef Ishtiak; Nazifa Rafa; M. Mofijur; A. B. M. Shawkat Ali; Amir H. Gandomi,2023,Artificial Intelligence Review,other,L5_lie_geometry_equivariant; L9_foundation_multimodal,10.5,true,EXCLUDE,NOT_ROBOT_DOMAIN,Generic DL techniques review,,2026-08-24T03:12:11+00:00,claude_fable_5_paper_reset_v2
187,doi:10.1007/s10915-022-01939-z,10.1007/s10915-022-01939-z,,Scientific Machine Learning Through Physics–Informed Neural Networks: Where we are and What’s Next,Salvatore Cuomo; Vincenzo Schiano Di Cola; Fabio Giampaolo; Gianluigi Rozza; Maziar Raissi; Francesco Piccialli,2022,Journal of Scientific Computing,other,L4_structured_chain_graph_dynamics; L5_lie_geometry_equivariant,10.5,true,INCLUDE_BACKGROUND,CONTEXT_RELEVANT,PINN state-of-field review; physics-informed learning background for L4,L4_structured_chain_graph_dynamics,2026-08-24T03:12:11+00:00,claude_fable_5_paper_reset_v2
188,doi:10.1016/j.iot.2022.100568,10.1016/j.iot.2022.100568,,IoT anomaly detection methods and applications: A survey,Ayan Chatterjee; Bestoun S. Ahmed,2022,Internet of Things,other,L7_mtsad_context_ood_sequential; L9_foundation_multimodal,10.5,true,EXCLUDE,NOT_ROBOT_DOMAIN,IoT AD survey,,2026-08-24T03:12:11+00:00,claude_fable_5_paper_reset_v2
189,doi:10.1016/j.jmsy.2024.06.004,10.1016/j.jmsy.2024.06.004,,Digital twin-based anomaly detection for real-time tool condition monitoring in machining,Zepeng Liu; Zi–Qiang Lang; Yufei Gui; Yunpeng Zhu; Hatim Laalej,2024,Journal of Manufacturing Systems,other,L7_mtsad_context_ood_sequential; L9_foundation_multimodal,10.5,true,EXCLUDE,PROCESS_MACHINERY_ONLY,Digital-twin tool condition monitoring,,2026-08-24T03:12:11+00:00,claude_fable_5_paper_reset_v2
190,doi:10.1016/j.rser.2022.112395,10.1016/j.rser.2022.112395,,"A review of computing-based automated fault detection and diagnosis of heating, ventilation and air conditioning systems",Jianli Chen; Liang Zhang; Yanfei Li; Yifu Shi; Xinghua Gao; Yuqing Hu,2022,Renewable and Sustainable Energy Reviews,other,L11_active_diagnosis; L7_mtsad_context_ood_sequential,10.5,false,EXCLUDE,NOT_ROBOT_DOMAIN,HVAC FDD review,,2026-08-24T03:12:11+00:00,claude_fable_5_paper_reset_v2
191,doi:10.1017/dce.2026.10059,10.1017/dce.2026.10059,,Data-driven anomaly detection for graph-based formation control in a robot swarm,Philipp Ziegler; Ingeborg Wenger; Peter Eberhard,2026,Data-Centric Engineering,other,L_killer_precision; L_recent_2025_2026,10.5,true,INCLUDE_BACKGROUND,CONTEXT_RELEVANT,"Contextual AD for swarm formation control; contextual-AD concept, wrong platform",L7_mtsad_context_ood_sequential,2026-08-24T03:12:11+00:00,claude_fable_5_paper_reset_v2
192,doi:10.1021/acs.chemrev.3c00189,10.1021/acs.chemrev.3c00189,,Machine Learning Methods for Small Data Challenges in Molecular Science,Bozheng Dou; Zailiang Zhu; Ekaterina Merkurjev; Ke Lü; Long Chen; Jiang Jian; Yueying Zhu; Jie Liu; Bengong Zhang; Guo‐Wei Wei,2023,Chemical Reviews,other,L4_structured_chain_graph_dynamics; L5_lie_geometry_equivariant,10.5,true,EXCLUDE,NOT_ROBOT_DOMAIN,Molecular small-data ML review,,2026-08-24T03:12:11+00:00,claude_fable_5_paper_reset_v2
193,doi:10.1021/acs.jctc.4c00190.s001,10.1021/acs.jctc.4c00190.s001,,Scalable Parallel Algorithm for Graph Neural Network Interatomic Potentials in Molecular Dynamics Simulations,Yutack Park; Jaesun Kim; Seungwoo Hwang; Seungwu Han,2024,Journal of Chemical Theory and Computation,other,L4_structured_chain_graph_dynamics; L5_lie_geometry_equivariant,10.5,false,EXCLUDE,NOT_ROBOT_DOMAIN,GNN interatomic potential supplement,,2026-08-24T03:12:11+00:00,claude_fable_5_paper_reset_v2
194,doi:10.1038/s42256-024-00859-x,10.1038/s42256-024-00859-x,,Machine learning for micro- and nanorobots,Lidong Yang; Jialin Jiang; Fengtong Ji; Yangmin Li; Kai Leung Yung; Antoine Ferreira; Li Zhang,2024,Nature Machine Intelligence,S,L_killer_precision,10.5,false,EXCLUDE,WRONG_OBJECT,ML for micro/nanorobots (NMI); Tier-S but not manipulator FDI — contract forbids weak-relation Nature/Science padding,,2026-08-24T03:12:11+00:00,claude_fable_5_paper_reset_v2
195,doi:10.1107/s1600577526007277/yn5136sup1.pdf,10.1107/s1600577526007277/yn5136sup1.pdf,,"<i>GoniOwl</i>
                      : convolutional neural network-based sample state detection for collision prevention on synchrotron beamlines",Christian M. Orr; James O'Hea; Armin Wagner,2026,,other,L3_learned_momentum_observer; L4_structured_chain_graph_dynamics,10.5,false,EXCLUDE,NOT_ROBOT_DOMAIN,Synchrotron beamline sample-state CNN (supplement file record),,2026-08-24T03:12:11+00:00,claude_fable_5_paper_reset_v2
196,doi:10.1109/access.2022.3224023,10.1109/access.2022.3224023,,Deep Reinforcement Learning for Anomaly Detection: A Systematic Review,Kinza Arshad; Rao Faizan Ali; Amgad Muneer; Izzatdin Abdul Aziz; Sheraz Naseer; Nabeel Sabir Khan; Shakirah Mohd Taib,2022,IEEE Access,other,L7_mtsad_context_ood_sequential; L9_foundation_multimodal,10.5,true,EXCLUDE,SURVEY_TANGENTIAL,DRL-for-AD review,,2026-08-24T03:12:11+00:00,claude_fable_5_paper_reset_v2
197,doi:10.1109/access.2024.3361039,10.1109/access.2024.3361039,,"A Comprehensive Review on Cyber-Attacks in Power Systems: Impact Analysis, Detection, and Cyber Security",Naveen Tatipatri; S. L. Arun,2024,IEEE Access,other,L11_active_diagnosis; L5_lie_geometry_equivariant,10.5,true,EXCLUDE,NOT_ROBOT_DOMAIN,Power-system cyber-attack review,,2026-08-24T03:12:11+00:00,claude_fable_5_paper_reset_v2
198,doi:10.1109/access.2024.3361829,10.1109/access.2024.3361829,,"Anomaly Detection in Connected and Autonomous Vehicles: A Survey, Analysis, and Research Challenges",Sihem Baccari; Mohamed Hadded; Hakim Ghazzai; Haifa Touati; Mourad Elhadef,2024,IEEE Access,other,L7_mtsad_context_ood_sequential; L9_foundation_multimodal,10.5,true,EXCLUDE,NOT_ROBOT_DOMAIN,Autonomous-vehicle AD survey,,2026-08-24T03:12:11+00:00,claude_fable_5_paper_reset_v2
199,doi:10.1109/aiita69518.2026.11567056,10.1109/aiita69518.2026.11567056,,Physical Residual Enhancement Lightweight Temporal Fault Diagnosis Method for Robot Joint Modules,Shang Wang,2026,2026 6th International Conference on Artificial Intelligence and Industrial Technology Applications (AIITA),other,L_killer_precision; L_recent_2025_2026,10.5,false,INCLUDE_FULLTEXT,LINEAGE_QUOTA,"Physical-residual-enhanced lightweight temporal FD for robot joint modules (2026); physics-residual learning at weak venue — occupancy-relevant, must read",L3_learned_momentum_observer,2026-08-24T03:12:11+00:00,claude_fable_5_paper_reset_v2
200,doi:10.1109/isctis70043.2026.11572369,10.1109/isctis70043.2026.11572369,,Lightweight Transformer for Anomaly Detection of Kitchen Robot Arm,Yucheng Miao; Jiping Xu; Haoyu Wang,2026,2026 6th International Symposium on Computer Technology and Information Science (ISCTIS),other,L_killer_precision; L_recent_2025_2026,10.5,false,INCLUDE_BACKGROUND,CONTEXT_RELEVANT,"Lightweight transformer AD for kitchen robot arm; weak venue, no abstract",L7_mtsad_context_ood_sequential,2026-08-24T03:12:11+00:00,claude_fable_5_paper_reset_v2
201,doi:10.1109/jproc.2021.3052449,10.1109/jproc.2021.3052449,,A Unifying Review of Deep and Shallow Anomaly Detection,Lukas Ruff; Jacob R. Kauffmann; Robert A. Vandermeulen; Gregoire Montavon; Wojciech Samek; Marius Kloft; Thomas G. Dietterich; Klaus-Robert Muller,2021,Proceedings of the IEEE,other,L7_mtsad_context_ood_sequential; L9_foundation_multimodal,10.5,true,INCLUDE_FULLTEXT,METHOD_RELEVANT,Ruff et al. unifying deep/shallow AD review (Proc IEEE); canonical AD-theory anchor for L7,L7_mtsad_context_ood_sequential,2026-08-24T03:12:11+00:00,claude_fable_5_paper_reset_v2
202,doi:10.1109/jsac.2022.3156632,10.1109/jsac.2022.3156632,,Integrated Sensing and Communications: Toward Dual-Functional Wireless Networks for 6G and Beyond,Fan Liu; Yuanhao Cui; Christos Masouros; Jie Xu; Tony Xiao Han; Yonina C. Eldar; Stefano Buzzi,2022,IEEE Journal on Selected Areas in Communications,other,L4_structured_chain_graph_dynamics; L5_lie_geometry_equivariant,10.5,true,EXCLUDE,NOT_ROBOT_DOMAIN,ISAC 6G overview,,2026-08-24T03:12:11+00:00,claude_fable_5_paper_reset_v2
203,doi:10.1109/tsp.2022.3158588,10.1109/tsp.2022.3158588,,KalmanNet: Neural Network Aided Kalman Filtering for Partially Known Dynamics,Guy Revach; Nir Shlezinger; Xiaoyong Ni; Adrià López Escoriza; Ruud J. G. van Sloun; Yonina C. Eldar,2022,IEEE Transactions on Signal Processing,other,L4_structured_chain_graph_dynamics; L5_lie_geometry_equivariant,10.5,true,INCLUDE_FULLTEXT,METHOD_RELEVANT,KalmanNet: NN-aided filtering under partially known dynamics; hybrid structured-estimation line relevant to learned observers,L3_learned_momentum_observer,2026-08-24T03:12:11+00:00,claude_fable_5_paper_reset_v2
204,doi:10.1115/imece2025-164096,10.1115/imece2025-164096,,Anomaly Detection of an Articulating Robot Arm Through Vibroacoustic Machine Learning,Gershom Richards; David Guerra; Abdullah Mamun; Nagi Gebraeel,2025,"Volume 5: Dynamics, Vibration, and Control",other,L_killer_precision; L_recent_2025_2026,10.5,true,INCLUDE_BACKGROUND,CONTEXT_RELEVANT,Vibroacoustic LSTM AD on 6-DOF arm; manipulator AD with non-proprioceptive sensing,L2_manipulator_actuator_sensor_fdi,2026-08-24T03:12:11+00:00,claude_fable_5_paper_reset_v2
205,doi:10.21203/rs.3.rs-9925157/v1,10.21203/rs.3.rs-9925157/v1,,Boundary-Aware Structural-Semantic Pseudo Anomaly Learning for Industrial Anomaly Detection,Chunsheng Guo; Hongliang Jiang; Na Ying; Luhang Shen,2026,,other,L5_lie_geometry_equivariant; L8_public_benchmarks_transfer,10.5,false,EXCLUDE,METADATA_TOO_THIN,"Research Square stub, industrial image AD",,2026-08-24T03:12:11+00:00,claude_fable_5_paper_reset_v2
206,doi:10.2139/ssrn.4634735,10.2139/ssrn.4634735,,Cross-Modality Integration Framework for Anomaly Detection in Surveillance Videos,Chaobo Li; Hongjun Li; Guoan Zhang,2023,,other,L10_cross_robot_few_shot; L8_public_benchmarks_transfer,10.5,false,EXCLUDE,NOT_ROBOT_DOMAIN,Surveillance-video AD stub,,2026-08-24T03:12:11+00:00,claude_fable_5_paper_reset_v2
207,doi:10.3390/electronics12153283,10.3390/electronics12153283,,A Review of Anomaly Detection Strategies to Detect Threats to Cyber-Physical Systems,Nicholas Jeffrey; Qing Tan; José R. Villar,2023,Electronics,MDPI,L8_public_benchmarks_transfer; L9_foundation_multimodal,10.5,true,EXCLUDE,NOT_ROBOT_DOMAIN,CPS threat AD review (MDPI),,2026-08-24T03:12:11+00:00,claude_fable_5_paper_reset_v2
208,doi:10.5592/co/cetra.2026.1802,10.5592/co/cetra.2026.1802,,Dropper-Length-Aware Preprocessing for Anomaly Detection of Overhead Contact Line Fittings,Itaru Matsumura; Gosuke Ohashi,2026,International Conference on Road and Rail Infrastructure,other,L5_lie_geometry_equivariant; L8_public_benchmarks_transfer,10.5,true,EXCLUDE,NOT_ROBOT_DOMAIN,Railway contact-line fitting inspection,,2026-08-24T03:12:11+00:00,claude_fable_5_paper_reset_v2
209,tay:diit a domain invariant information transfer method for industrial cross domain recommendation|huang|2024,,2410.10835v1,DIIT: A Domain-Invariant Information Transfer Method for Industrial Cross-Domain Recommendation,Heyuan Huang; Xingyu Lou; Chaochao Chen; Pengxiang Cheng; Yue Xin; Chengwei He; Xiang Liu; Jun Wang,2024,arXiv,other,L10_cross_robot_few_shot; L_killer_precision,10.5,true,EXCLUDE,NOT_ROBOT_DOMAIN,Cross-domain recommender systems,,2026-08-24T03:12:11+00:00,claude_fable_5_paper_reset_v2
210,tay:h2r a human to robot data augmentation for robot pre training from videos|li|2025,,2505.11920v4,H2R: A Human-to-Robot Data Augmentation for Robot Pre-training from Videos,Guangrun Li; Yaoxu Lyu; Zhuoyang Liu; Chengkai Hou; Jieyu Zhang; Shanghang Zhang,2025,arXiv,other,L5_lie_geometry_equivariant; L8_public_benchmarks_transfer,10.5,true,EXCLUDE,NOT_FAULT_ANOMALY_TOPIC,Robot pre-training data augmentation,,2026-08-24T03:12:11+00:00,claude_fable_5_paper_reset_v2
211,tay:progress based fault detection and health aware task allocation for heterogeneous multi robot systems|cline|2026,,,Progress-Based Fault Detection and Health-Aware Task Allocation for Heterogeneous Multi-Robot Systems,Jack Cline; Christian Macaranas; Siavash Farzan,2026,arXiv (Cornell University),other,L_killer_precision; L_recent_2025_2026,10.5,false,INCLUDE_BACKGROUND,CONTEXT_RELEVANT,Multi-robot progress-based fault detection + allocation; system-level angle,L10_cross_robot_few_shot,2026-08-24T03:12:11+00:00,claude_fable_5_paper_reset_v2
212,doi:10.1007/s12541-025-01318-2,10.1007/s12541-025-01318-2,,Exploring Challenges and Opportunities in Manufacturing and Intelligence for Future Robotics,Jun Young Choi; Semin Ahn; Semin Ahn; Dohyeon Kim; Jun Heo; Won-Jae Yun; Sungjin Hong; Sung-Hoon Bae; Sung‐Hoon Ahn; Sung‐Hoon Ahn,2025,International Journal of Precision Engineering and Manufacturing,other,L5_lie_geometry_equivariant; L7_mtsad_context_ood_sequential,10.407,true,EXCLUDE,SURVEY_TANGENTIAL,Future-robotics perspective piece,,2026-08-24T03:12:11+00:00,claude_fable_5_paper_reset_v2
213,doi:10.1155/2024/5969512,10.1155/2024/5969512,,Review on Motion Planning of Robotic Manipulator in Dynamic Environments,Jie Liu; Hwa Jen Yap; Anis Salwa Mohd Khairuddin,2024,Journal of Sensors,other,L10_cross_robot_few_shot; L7_mtsad_context_ood_sequential,10.407,true,EXCLUDE,NOT_FAULT_ANOMALY_TOPIC,Motion-planning review,,2026-08-24T03:12:11+00:00,claude_fable_5_paper_reset_v2
214,doi:10.1109/etfa52439.2022.9921623,10.1109/etfa52439.2022.9921623,,Improving safety in physical human-robot collaboration via deep metric learning,Maryam Rezayati; Grammatiki Zanni; Ying Zaoshi; Davide Scaramuzza; Hans Wernher van de Venn,2022,2022 IEEE 27th International Conference on Emerging Technologies and Factory Automation (ETFA),other,L3_learned_momentum_observer; L7_mtsad_context_ood_sequential,10.382,true,INCLUDE_FULLTEXT,LINEAGE_QUOTA,Deep metric learning for pHRC contact discrimination (ETFA22); L6 contact-vs-interaction,L6_contact_collision_localization,2026-08-24T03:12:11+00:00,claude_fable_5_paper_reset_v2
215,doi:10.1109/isr50024.2021.9419493,10.1109/isr50024.2021.9419493,,Vision based collision detection for a safe collaborative industrial manipulator,Bruno Maric; Fran Jurican; Matko Orsag; Zdenko Kovacic,2021,2021 IEEE International Conference on Intelligence and Safety for Robotics (ISR),other,L_killer_precision,10.382,true,EXCLUDE,NOT_FAULT_ANOMALY_TOPIC,External-vision workspace collision avoidance (GPU-Voxels),,2026-08-24T03:12:11+00:00,claude_fable_5_paper_reset_v2
216,doi:10.38124/ijsrmt.v1i12.489,10.38124/ijsrmt.v1i12.489,,AI-Driven Predictive Maintenance for Industrial Robots in Automotive Manufacturing: A Case Study,Dwaraka Nath Kummari,2022,International Journal of Scientific Research and Modern Technology.,other,L10_cross_robot_few_shot; L7_mtsad_context_ood_sequential,10.381,true,EXCLUDE,OFF_TOPIC_OTHER,PdM case study in questionable journal; no methodological content,,2026-08-24T03:12:11+00:00,claude_fable_5_paper_reset_v2
217,doi:10.3390/robotics13010012,10.3390/robotics13010012,,A Survey of Machine Learning Approaches for Mobile Robot Control,Monika Rybczak; Natalia Popowniak; Agnieszka Lazarowska,2024,Robotics,MDPI,L8_public_benchmarks_transfer; L9_foundation_multimodal,10.347,true,EXCLUDE,SURVEY_TANGENTIAL,ML for mobile-robot control survey (MDPI),,2026-08-24T03:12:11+00:00,claude_fable_5_paper_reset_v2
218,doi:10.1007/s10462-025-11327-2,10.1007/s10462-025-11327-2,,Fault-tolerant control strategies for industrial robots: state of the art and future perspective on AI-based fault management,Zeashan Hameed Khan; Ali A. Nasir; Samir Mekid,2025,Artificial Intelligence Review,other,L2_manipulator_actuator_sensor_fdi,10.327,true,INCLUDE_FULLTEXT,LINEAGE_QUOTA,2025 AIR review of FTC + AI fault management for industrial robots; recent L2 landscape verification,L2_manipulator_actuator_sensor_fdi,2026-08-24T03:12:11+00:00,claude_fable_5_paper_reset_v2
219,doi:10.1109/lra.2024.3352358,10.1109/lra.2024.3352358,,PKU-GoodsAD: A Supermarket Goods Dataset for Unsupervised Anomaly Detection and Segmentation,Jian Zhang; Runwei Ding; Miaoju Ban; Linhui Dai,2024,IEEE Robotics and Automation Letters,R,L8_public_benchmarks_transfer; L_recent_2025_2026,10.267,true,EXCLUDE,NOT_ROBOT_DOMAIN,Supermarket goods visual AD dataset,,2026-08-24T03:12:11+00:00,claude_fable_5_paper_reset_v2
220,doi:10.5220/0010652800003061,10.5220/0010652800003061,,Evaluation of an Artificial Potential Field Method in Collision-free Path Planning for a Robot Manipulator,M. Elahres; A. Fonte; G. Poisson,2021,"Proceedings of the 2nd International Conference on Robotics, Computer Vision and Intelligent Systems",other,L6_contact_collision_localization; L_recent_2025_2026,10.248,true,EXCLUDE,NOT_FAULT_ANOMALY_TOPIC,Potential-field path planning,,2026-08-24T03:12:11+00:00,claude_fable_5_paper_reset_v2
221,doi:10.1016/j.actaastro.2022.12.019,10.1016/j.actaastro.2022.12.019,,Fixed-time neural adaptive fault-tolerant control for space manipulator under output constraints,Qijia Yao,2023,Acta Astronautica,other,L2_manipulator_actuator_sensor_fdi,10.198,false,EXCLUDE,OFF_TOPIC_OTHER,Space-manipulator FTC; controller synthesis,,2026-08-24T03:12:11+00:00,claude_fable_5_paper_reset_v2
222,doi:10.1109/icra48506.2021.9561677,10.1109/icra48506.2021.9561677,,"Collision Detection, Identification, and Localization on the DLR SARA Robot with Sensing Redundancy",Maged Iskandar; Oliver Eiberger; Alin Albu‐Schäffer; Alessandro De Luca; Alexander Dietrich,2021,,other,L6_contact_collision_localization,10.198,true,INCLUDE_PRIORITY,DIRECT_NEIGHBOR_CANDIDATE,DLR SARA extended MOB with F/T sensing redundancy: detection+identification+localization (ICRA21); core L6/L3 model-based anchor,L6_contact_collision_localization,2026-08-24T03:12:11+00:00,claude_fable_5_paper_reset_v2
223,doi:10.3390/mi15040531,10.3390/mi15040531,,Robotics Perception and Control: Key Technologies and Applications,Jing Luo; Xiangyu Zhou; Chao Zeng; Yiming Jiang; Wen Qi; Kui Xiang; Muye Pang; Biwei Tang,2024,Micromachines,MDPI,L8_public_benchmarks_transfer; L9_foundation_multimodal,10.198,true,EXCLUDE,SURVEY_TANGENTIAL,Editorial overview (Micromachines),,2026-08-24T03:12:11+00:00,claude_fable_5_paper_reset_v2
224,doi:10.1088/1361-6501/ac9920,10.1088/1361-6501/ac9920,,An effective self-collision detection algorithm for multi-degree-of-freedom manipulator,Zhenyu Liu; Lianhao Zhang; Xiaohong Qin; Gang Li,2022,Measurement Science and Technology,other,L_killer_precision,10.168,true,EXCLUDE,NOT_FAULT_ANOMALY_TOPIC,Geometric self-collision checking algorithm,,2026-08-24T03:12:11+00:00,claude_fable_5_paper_reset_v2
225,doi:10.2139/ssrn.4410420,10.2139/ssrn.4410420,,DTAAD: Dual Tcn-Attention Networks for Anomaly Detection in Multivariate Time Series Data,Lingrui Yu; qiuhong lu; yang xue,2023,arXiv (Cornell University),other,L7_mtsad_context_ood_sequential; L8_public_benchmarks_transfer,10.168,false,INCLUDE_BACKGROUND,CONTEXT_RELEVANT,DTAAD dual TCN-attention MTSAD; less established than frozen baseline candidates,L7_mtsad_context_ood_sequential,2026-08-24T03:12:11+00:00,claude_fable_5_paper_reset_v2
226,doi:10.5220/0012077200003538,10.5220/0012077200003538,2305.16509v1,RoLA: A Real-Time Online Lightweight Anomaly Detection System for Multivariate Time Series,Ming-Chang Lee; Jia-Chun Lin,2023,Proceedings of the 18th International Conference on Software Technologies,other,L7_mtsad_context_ood_sequential; L8_public_benchmarks_transfer,10.168,true,INCLUDE_BACKGROUND,CONTEXT_RELEVANT,RoLA lightweight online MTSAD; L7 engineering variant,L7_mtsad_context_ood_sequential,2026-08-24T03:12:11+00:00,claude_fable_5_paper_reset_v2
227,doi:10.1109/iros55552.2023.10341852,10.1109/iros55552.2023.10341852,,An Attentional Recurrent Neural Network for Occlusion-Aware Proactive Anomaly Detection in Field Robot Navigation,Andre Schreiber; Tianchen Ji; D. Livingston McPherson; Katherine Driggs-Campbell,2023,2023 IEEE/RSJ International Conference on Intelligent Robots and Systems (IROS),R,L5_lie_geometry_equivariant,10.159,true,INCLUDE_BACKGROUND,CONTEXT_RELEVANT,Occlusion-aware proactive AD for field navigation (IROS23); wrong platform,L7_mtsad_context_ood_sequential,2026-08-24T03:12:11+00:00,claude_fable_5_paper_reset_v2
228,doi:10.2139/ssrn.5251498,10.2139/ssrn.5251498,,Foundation Models and Transformers for Anomaly Detection: A Survey,Mouin Ben Ammar; Arturo Mendoza; Nacim Belkhir; Gianni Franchi; Antoine Manzanera,2025,Information Fusion,other,L7_mtsad_context_ood_sequential; L9_foundation_multimodal,10.125,false,INCLUDE_FULLTEXT,LINEAGE_QUOTA,Foundation models & transformers for AD survey (Inf. Fusion 2025); L9 landscape anchor,L9_foundation_multimodal,2026-08-24T03:12:11+00:00,claude_fable_5_paper_reset_v2
229,doi:10.1109/icra55743.2025.11128733,10.1109/icra55743.2025.11128733,,Efficient Collision Detection Framework for Enhancing Collision-Free Robot Motion,Xiankun Zhu; Yucheng Xin; Shoujie Li; Houde Liu; Chongkun Xia; Bin Liang,2025,2025 IEEE International Conference on Robotics and Automation (ICRA),R,L7_mtsad_context_ood_sequential,10.075,true,EXCLUDE,NOT_FAULT_ANOMALY_TOPIC,SDF-based geometric collision checking (ICRA25),,2026-08-24T03:12:11+00:00,claude_fable_5_paper_reset_v2
230,doi:10.1371/journal.pone.0256491,10.1371/journal.pone.0256491,,Fault-tolerant scheme for robotic manipulator—Nonlinear robust back-stepping control with friction compensation,Khurram Ali; Adeel Mehmood; Jamshed Iqbal,2021,PLoS ONE,other,L2_manipulator_actuator_sensor_fdi,10.06,true,EXCLUDE,OFF_TOPIC_OTHER,FTC backstepping with friction compensation; control synthesis,,2026-08-24T03:12:11+00:00,claude_fable_5_paper_reset_v2
231,doi:10.1007/s12525-021-00475-2,10.1007/s12525-021-00475-2,,Machine learning and deep learning,Christian Janiesch; Patrick Zschech; Kai Heinrich,2021,Electronic Markets,other,L10_cross_robot_few_shot; L7_mtsad_context_ood_sequential,10.0,true,EXCLUDE,NOT_ROBOT_DOMAIN,ML/DL primer,,2026-08-24T03:12:11+00:00,claude_fable_5_paper_reset_v2
232,doi:10.1016/j.mechmachtheory.2021.104549,10.1016/j.mechmachtheory.2021.104549,2412.13681v1,Dynamics of Parallel Manipulators with Hybrid Complex Limbs -- Modular Modeling and Parallel Computing,Andreas Mueller,2024,"Mechanism and Machine Theory, Volume 167, January 2022",other,L4_structured_chain_graph_dynamics; L6_contact_collision_localization,10.0,true,INCLUDE_BACKGROUND,CONTEXT_RELEVANT,"Modular dynamics modeling of parallel manipulators; L4 structure-prior background, no fault content",L4_structured_chain_graph_dynamics,2026-08-24T03:12:11+00:00,claude_fable_5_paper_reset_v2
233,doi:10.1016/j.ssci.2023.106313,10.1016/j.ssci.2023.106313,,Occupational health and safety issues in human-robot collaboration: State of the art and open challenges,Antonio Giallanza; Giada La Scalia; Rosa Micale; Concetta Manuela La Fata,2023,Safety Science,other,L10_cross_robot_few_shot,10.0,true,EXCLUDE,SURVEY_TANGENTIAL,Occupational-safety HRC review,,2026-08-24T03:12:11+00:00,claude_fable_5_paper_reset_v2
234,doi:10.1109/access.2021.3075573,10.1109/access.2021.3075573,,Fake Reviews Detection: A Survey,Rami Mohawesh; Shuxiang Xu; Son N. Tran; Robert Ollington; Matthew Springer; Yaser Jararweh; Sumbal Maqsood,2021,IEEE Access,other,L10_cross_robot_few_shot; L7_mtsad_context_ood_sequential,10.0,true,EXCLUDE,NOT_ROBOT_DOMAIN,Fake-review detection survey,,2026-08-24T03:12:11+00:00,claude_fable_5_paper_reset_v2
235,doi:10.1109/access.2023.3262020,10.1109/access.2023.3262020,,A Deep Learning Ensemble With Data Resampling for Credit Card Fraud Detection,Ibomoiye Domor Mienye; Yanxia Sun,2023,IEEE Access,other,L10_cross_robot_few_shot; L7_mtsad_context_ood_sequential,10.0,true,EXCLUDE,NOT_ROBOT_DOMAIN,Credit-card fraud detection,,2026-08-24T03:12:11+00:00,claude_fable_5_paper_reset_v2
236,doi:10.1109/iros60139.2025.11246844,10.1109/iros60139.2025.11246844,,Anomaly Detection in Human-Robot Interaction Using Multimodal Models Constructed from In-the-Wild Interactions,Shota Mochizuki; Sanae Yamashita; Kenya Hoshimure; Jun Baba; Tomonori Kubota; Kohei Ogawa; Ryuichiro Higashinaka,2025,2025 IEEE/RSJ International Conference on Intelligent Robots and Systems (IROS),R,L9_foundation_multimodal,10.0,true,INCLUDE_BACKGROUND,CONTEXT_RELEVANT,"Multimodal LLM-era HRI anomaly detection (IROS25); social-interaction anomalies, not manipulator health",L9_foundation_multimodal,2026-08-24T03:12:11+00:00,claude_fable_5_paper_reset_v2
237,doi:10.1109/tim.2022.3158996,10.1109/tim.2022.3158996,,Intelligent Fault Diagnosis for Bearings of Industrial Robot Joints Under Varying Working Conditions Based on Deep Adversarial Domain Adaptation,Bingjie Xia; Kai Wang; Aidong Xu; Peng Zeng; Nan Yang; Bangyu Li,2022,IEEE Transactions on Instrumentation and Measurement,other,L10_cross_robot_few_shot,10.0,true,INCLUDE_FULLTEXT,LINEAGE_QUOTA,Adversarial domain adaptation for robot-joint bearing FD under varying working conditions (TIM); L10 condition-shift on robot components,L10_cross_robot_few_shot,2026-08-24T03:12:11+00:00,claude_fable_5_paper_reset_v2
238,doi:10.2139/ssrn.4453241,10.2139/ssrn.4453241,,An Opponent Colour LGMD Neural Network for Collision Detection at Night with Thermal Camera,Yicheng Zhang; Huizi Han; Hao Luan; Mu Hua; Mei Liu; Heriberto Cuayahuitl; Shigang Yue,2023,,other,L3_learned_momentum_observer; L4_structured_chain_graph_dynamics,10.0,false,EXCLUDE,NOT_ROBOT_DOMAIN,Bio-inspired LGMD night collision vision,,2026-08-24T03:12:11+00:00,claude_fable_5_paper_reset_v2
239,doi:10.2139/ssrn.6949641,10.2139/ssrn.6949641,,CLAD: A Foundation-Style Detector for Zero- and Few-Shot Link Anomaly Detection in Continuous-Time Dynamic Graphs,Young-guk Ha; Minwoo Yu,2026,,other,L10_cross_robot_few_shot; L9_foundation_multimodal,10.0,false,EXCLUDE,NOT_ROBOT_DOMAIN,Dynamic-graph link AD stub,,2026-08-24T03:12:11+00:00,claude_fable_5_paper_reset_v2
240,doi:10.3390/s21124024,10.3390/s21124024,,Data-Driven Fault Diagnosis for Electric Drives: A Review,David Gonzalez-Jimenez; Jon del Olmo; Javier Poza; Fernando Garramiola; Patxi Madina,2021,Sensors,MDPI,L10_cross_robot_few_shot; L11_active_diagnosis,10.0,true,INCLUDE_BACKGROUND,VENUE_EXCLUDED_MDPI,Electric-drive data-driven FD review; actuator-fault background,L2_manipulator_actuator_sensor_fdi,2026-08-24T03:12:11+00:00,claude_fable_5_paper_reset_v2
241,doi:10.3390/s25010190,10.3390/s25010190,,"A Survey of Deep Anomaly Detection in Multivariate Time Series: Taxonomy, Applications, and Directions",Fengling Wang; Yiyue Jiang; Rongjie Zhang; Aimin Wei; Jingming Xie; Xiongwen Pang,2025,Sensors,MDPI,L7_mtsad_context_ood_sequential; L8_public_benchmarks_transfer,10.0,true,INCLUDE_BACKGROUND,VENUE_EXCLUDED_MDPI,2025 MTSAD survey (Sensors); L7 landscape cross-check,L7_mtsad_context_ood_sequential,2026-08-24T03:12:11+00:00,claude_fable_5_paper_reset_v2
242,doi:10.3390/app14209487,10.3390/app14209487,,Fault Diagnosis and Prognosis of Satellites and Unmanned Aerial Vehicles: A Review,MohammadSaleh Hedayati; Ailin Barzegar; Afshin Rahimi,2024,Applied Sciences,MDPI,L2_manipulator_actuator_sensor_fdi; L4_structured_chain_graph_dynamics,9.999,true,EXCLUDE,WRONG_OBJECT,Satellite/UAV FDP review,,2026-08-24T03:12:11+00:00,claude_fable_5_paper_reset_v2
243,doi:10.1109/lra.2022.3227860,10.1109/lra.2022.3227860,,Neural Joint Space Implicit Signed Distance Functions for Reactive Robot Manipulator Control,Mikhail Koptev; Nadia Figueroa; Aude Billard,2022,IEEE Robotics and Automation Letters,R,L6_contact_collision_localization,9.986,true,EXCLUDE,NOT_FAULT_ANOMALY_TOPIC,"Neural SDF for reactive control; geometric distance, not contact detection",,2026-08-24T03:12:11+00:00,claude_fable_5_paper_reset_v2
244,doi:10.1109/lra.2025.3572428,10.1109/lra.2025.3572428,,PromptTAD: Object-Prompt Enhanced Traffic Anomaly Detection,Hao Qiu; Xiaobo Yang; Xiaojin Gong,2025,IEEE Robotics and Automation Letters,R,L_killer_precision,9.966,true,EXCLUDE,NOT_ROBOT_DOMAIN,Dashcam traffic AD,,2026-08-24T03:12:11+00:00,claude_fable_5_paper_reset_v2
245,doi:10.23919/chain.2025.000005,10.23919/chain.2025.000005,,A Joint State and Fault Fusion Estimation Scheme for Mobile Robot Localization with Energy Harvesting Sensors,Ruifeng Gao; Qingchi Qi; Peng Mei; Cong Huang,2025,CHAIN,other,L_killer_precision,9.916,true,EXCLUDE,WRONG_OBJECT,Mobile-robot localization estimation with energy-harvesting sensors,,2026-08-24T03:12:11+00:00,claude_fable_5_paper_reset_v2
246,doi:10.36227/techrxiv.174378296.63561723/v2,10.36227/techrxiv.174378296.63561723/v2,,Distributional reservoir state analysis for real-time anomaly detection in multivariate time series data,Hiroto Tamura; Kantaro Fujiwara; Kazuyuki Aihara; Gouhei Tanaka,2025,,other,L7_mtsad_context_ood_sequential; L8_public_benchmarks_transfer,9.916,true,INCLUDE_BACKGROUND,CONTEXT_RELEVANT,Reservoir-state real-time MTSAD (TechRxiv),L7_mtsad_context_ood_sequential,2026-08-24T03:12:11+00:00,claude_fable_5_paper_reset_v2
247,doi:10.4218/etrij.2021-0397,10.4218/etrij.2021-0397,,A robust collision prediction and detection method based on neural network for autonomous delivery robots,Seonghun Seo; Hoon Jung,2023,ETRI Journal,other,L3_learned_momentum_observer,9.881,true,EXCLUDE,WRONG_OBJECT,Delivery-robot collision prediction with LiDAR,,2026-08-24T03:12:11+00:00,claude_fable_5_paper_reset_v2
248,doi:10.1109/ur55393.2022.9826255,10.1109/ur55393.2022.9826255,,Sensor-less Obstacle Collision Detection for Robot Manipulator,Muhammad Salman; Hamza Khan; Saad Jamshed Abbasi; Jae Hyung Kim; Jin Won Lee; Min Cheol Lee,2022,2022 19th International Conference on Ubiquitous Robots (UR),other,L_killer_precision,9.832,true,INCLUDE_BACKGROUND,CONTEXT_RELEVANT,Sensorless collision detection without exact dynamics (UR22); weak conference,L6_contact_collision_localization,2026-08-24T03:12:11+00:00,claude_fable_5_paper_reset_v2
249,doi:10.1504/ijhm.2023.132298,10.1504/ijhm.2023.132298,,Model adaptive collision detection for flexible joint manipulator based on state observer,Cui Shipeng; Liu Yiwei; Sun Yongjun; Chris Gerada,2023,International Journal of Hydromechatronics,other,L_killer_precision,9.832,true,INCLUDE_BACKGROUND,CONTEXT_RELEVANT,Regression-model adaptive collision detection for flexible joints; weak venue,L6_contact_collision_localization,2026-08-24T03:12:11+00:00,claude_fable_5_paper_reset_v2
250,doi:10.3901/jme.2023.01.113,10.3901/jme.2023.01.113,,Collision Detection and Obstacle Avoidance of Planar Redundant Manipulator based on Dichotomous Heuristic,,2023,Journal of Mechanical Engineering,other,L_killer_precision,9.832,true,INCLUDE_BACKGROUND,CONTEXT_RELEVANT,Bisection-probing collision-position estimation from joint currents (Chinese JME); active-probing localization idea,L6_contact_collision_localization,2026-08-24T03:12:11+00:00,claude_fable_5_paper_reset_v2
251,doi:10.1016/j.aei.2024.102851,10.1016/j.aei.2024.102851,,Hybrid physics-embedded recurrent neural networks for fault diagnosis under time-varying conditions based on multivariate proprioceptive signals,Rourou Li; Tangbin Xia; Feng Luo; Yimin Jiang; Zhen Chen; Lifeng Xi,2024,Advanced Engineering Informatics,other,L2_manipulator_actuator_sensor_fdi,9.797,false,INCLUDE_PRIORITY,DIRECT_NEIGHBOR_CANDIDATE,Hybrid physics-embedded RNN FD under time-varying conditions from multivariate proprioceptive signals (AEI24); physics-embedded + condition-shift — squarely our territory,L3_learned_momentum_observer,2026-08-24T03:12:11+00:00,claude_fable_5_paper_reset_v2
252,doi:10.5772/intechopen.112733,10.5772/intechopen.112733,,Anomaly Detection in Intrusion Detection Systems,Siamak Parhizkari,2023,Artificial intelligence,other,L4_structured_chain_graph_dynamics; L7_mtsad_context_ood_sequential,9.734,true,EXCLUDE,NOT_ROBOT_DOMAIN,IDS chapter,,2026-08-24T03:12:11+00:00,claude_fable_5_paper_reset_v2
253,doi:10.1007/s43684-022-00031-5,10.1007/s43684-022-00031-5,,Fault diagnosis of industrial robot based on dual-module attention convolutional neural network,Kaijie Lu; Chong Chen; Tao Wang; Lianglun Cheng; Jian Qin,2022,Autonomous Intelligent Systems,other,L10_cross_robot_few_shot,9.683,true,INCLUDE_FULLTEXT,LINEAGE_QUOTA,Dual-module attention CNN FD for industrial robot monitoring data; L2 data-driven line,L2_manipulator_actuator_sensor_fdi,2026-08-24T03:12:11+00:00,claude_fable_5_paper_reset_v2
254,doi:10.1109/tro.2022.3226157,10.1109/tro.2022.3226157,,Kinetostatic Modeling of Tendon-Driven Parallel Continuum Robots,Sven Lilge; Jessica Burgner-Kahrs,2023,IEEE Transactions on Robotics,R,L6_contact_collision_localization,9.683,true,EXCLUDE,NOT_FAULT_ANOMALY_TOPIC,Tendon-driven PCR kinetostatic modeling,,2026-08-24T03:12:11+00:00,claude_fable_5_paper_reset_v2
255,doi:10.1109/access.2021.3087505,10.1109/access.2021.3087505,,A Robust Observer for Sensor Faults Estimation on n-DOF Manipulator in Constrained Framework Environment,Hoai Vu Anh Truong; Hoai-An Trinh; Duc Thien Tran; Kyoung Kwan Ahn,2021,IEEE Access,other,L2_manipulator_actuator_sensor_fdi,9.664,true,INCLUDE_BACKGROUND,CONTEXT_RELEVANT,Robust observer sensor-fault estimation + FTC for hydraulic manipulator,L2_manipulator_actuator_sensor_fdi,2026-08-24T03:12:11+00:00,claude_fable_5_paper_reset_v2
256,doi:10.1109/aiac63745.2024.10899734,10.1109/aiac63745.2024.10899734,,Six-Degree-of-Freedom Manipulator Fast Collision Detection Algorithm Based on Sphere Bounding Box,Dongyang Zhang; Jinlong Zhao; Hualiang Zhang,2024,2024 2nd International Conference on Artificial Intelligence and Automation Control (AIAC),other,L_killer_precision,9.659,true,EXCLUDE,NOT_FAULT_ANOMALY_TOPIC,Bounding-box collision checking + RRT,,2026-08-24T03:12:11+00:00,claude_fable_5_paper_reset_v2
257,doi:10.1109/ictc62082.2024.10827327,10.1109/ictc62082.2024.10827327,,Design of a Robot System for Surveillance and Anomaly Detection in Industrial Environments,Jiho Chang; Jeongho Park,2024,2024 15th International Conference on Information and Communication Technology Convergence (ICTC),other,L_killer_precision,9.659,true,EXCLUDE,WRONG_OBJECT,SPOT surveillance deployment system,,2026-08-24T03:12:11+00:00,claude_fable_5_paper_reset_v2
258,doi:10.1109/lra.2025.3598666,10.1109/lra.2025.3598666,,Physics-Informed Anomaly Detection for Unmanned Aerial Vehicles,Yifan Guo; Kartik A. Pant; Inseok Hwang,2025,IEEE Robotics and Automation Letters,R,L_killer_precision,9.659,true,INCLUDE_FULLTEXT,METHOD_RELEVANT,Physics-informed AD for UAVs (RAL25); physics-residual AD concept on another platform — novelty-collision evidence for the physics-informed AD line,L3_learned_momentum_observer,2026-08-24T03:12:11+00:00,claude_fable_5_paper_reset_v2
259,doi:10.21203/rs.3.rs-1141416/v2,10.21203/rs.3.rs-1141416/v2,,Flow-Based Intrusion Detection on Software-Defined Networks: A Multivariate Time Series Anomaly Detection Approach,Sultan ZAVRAK; Murat İskefiyeli,2022,,other,L7_mtsad_context_ood_sequential; L8_public_benchmarks_transfer,9.659,false,EXCLUDE,NOT_ROBOT_DOMAIN,SDN intrusion detection stub,,2026-08-24T03:12:11+00:00,claude_fable_5_paper_reset_v2
260,doi:10.23919/fruct61870.2024.10516396,10.23919/fruct61870.2024.10516396,,Curriculum Learning-Based Multivariate Time Series Anomaly Detection,Devilliers Caleb Dube; Mehmet Akar,2024,2024 35th Conference of Open Innovations Association (FRUCT),other,L7_mtsad_context_ood_sequential; L8_public_benchmarks_transfer,9.659,true,INCLUDE_BACKGROUND,CONTEXT_RELEVANT,Curriculum-learning MTSAD (FRUCT); generic L7,L7_mtsad_context_ood_sequential,2026-08-24T03:12:11+00:00,claude_fable_5_paper_reset_v2
261,doi:10.5220/0010715900003058,10.5220/0010715900003058,,Anomaly Detection in Multivariate Spatial Time Series: A Ready-to-Use Implementation,Chiara Bachechi; Federica Rollo; Laura Po; Fabio Quattrini,2021,Proceedings of the 17th International Conference on Web Information Systems and Technologies,other,L7_mtsad_context_ood_sequential; L8_public_benchmarks_transfer,9.659,false,EXCLUDE,NOT_ROBOT_DOMAIN,Generic spatial-TS AD implementation note,,2026-08-24T03:12:11+00:00,claude_fable_5_paper_reset_v2
262,doi:10.53106/199115992024063503014,10.53106/199115992024063503014,,Spatial-temporal Attention Model Based on Transformer Architecture for Anomaly Detection in Multivariate Time Series Data,Lai Zeng Lai Zeng; Xiaomei Yang Lai Zeng,2024,電腦學刊,other,L7_mtsad_context_ood_sequential; L8_public_benchmarks_transfer,9.659,true,INCLUDE_BACKGROUND,CONTEXT_RELEVANT,Transformer spatial-temporal MTSAD (weak journal),L7_mtsad_context_ood_sequential,2026-08-24T03:12:11+00:00,claude_fable_5_paper_reset_v2
263,doi:10.1002/rnc.6619,10.1002/rnc.6619,,Sliding mode based fault diagnosis with deep reinforcement learning add‐ons for intrinsically redundant manipulators,Nikolas Sacchi; Gian Paolo Incremona; Antonella Ferrara,2023,International Journal of Robust and Nonlinear Control,other,L2_manipulator_actuator_sensor_fdi,9.625,true,INCLUDE_FULLTEXT,LINEAGE_QUOTA,Sliding-mode observers + DRL for sensor FDI on redundant manipulators (IJRNC); hybrid model/learning L2,L2_manipulator_actuator_sensor_fdi,2026-08-24T03:12:11+00:00,claude_fable_5_paper_reset_v2
264,doi:10.1109/tro.2023.3341689,10.1109/tro.2023.3341689,,Predictive Multi-Agent-Based Planning and Landing Controller for Reactive Dual-Arm Manipulation,Riddhiman Laha; Marvin B. Becker; Jonathan Vorndamme; Juraj Vrabel; Luis Figueredo; Matthias A. Müller; Sami Haddadin,2023,IEEE Transactions on Robotics,R,L3_learned_momentum_observer,9.579,true,EXCLUDE,NOT_FAULT_ANOMALY_TOPIC,Dual-arm reactive planning,,2026-08-24T03:12:11+00:00,claude_fable_5_paper_reset_v2
265,doi:10.1016/j.conengprac.2023.105663,10.1016/j.conengprac.2023.105663,,Model-based and model-free collision detection and identification for a parallel Delta robot with uncertainties,Phu-Cuong Pham; Yong-Lin Kuo,2023,Control Engineering Practice,other,L3_learned_momentum_observer,9.539,false,INCLUDE_PRIORITY,DIRECT_NEIGHBOR_CANDIDATE,Model-based vs model-free collision detection+identification on Delta robot with uncertainties (CEP); estimator-family comparison under uncertainty,L6_contact_collision_localization,2026-08-24T03:12:11+00:00,claude_fable_5_paper_reset_v2
266,doi:10.1002/adma.201904765,10.1002/adma.201904765,,"Electronic Skin: Recent Progress and Future Prospects for Skin‐Attachable Devices for Health Monitoring, Robotics, and Prosthetics",Jun Chang Yang; Jaewan Mun; Se Young Kwon; Seongjun Park; Zhenan Bao; Steve Park,2019,Advanced Materials,other,L5_lie_geometry_equivariant,9.5,true,EXCLUDE,PRE_WINDOW_NOT_CLASSIC,E-skin materials review 2019,,2026-08-24T03:12:11+00:00,claude_fable_5_paper_reset_v2
267,doi:10.1007/978-981-96-2004-3_18,10.1007/978-981-96-2004-3_18,,Window Size Effects in Time Series Anomaly Detection: An Evaluation of Pitchy Anomaly Detection,Ekin Can Erkuş; Vilda Purutçuoğlu,2025,Directional and Multivariate Statistics,other,L7_mtsad_context_ood_sequential; L8_public_benchmarks_transfer,9.5,false,EXCLUDE,METADATA_TOO_THIN,"Book chapter on window-size effects, no abstract",,2026-08-24T03:12:11+00:00,claude_fable_5_paper_reset_v2
268,doi:10.1016/j.ijinfomgt.2019.08.002,10.1016/j.ijinfomgt.2019.08.002,,"Artificial Intelligence (AI): Multidisciplinary perspectives on emerging challenges, opportunities, and agenda for research, practice and policy",Yogesh K. Dwivedi; Laurie Hughes; Elvira Ismagilova; Gert Aarts; Crispin Coombs; Tom Crick; Yanqing Duan; Rohita Dwivedi; John S. Edwards; Aled Eirug; Vassilis Galanos; P. Vigneswara Ilavarasan; Marijn Janssen; Paul Jones; Arpan Kumar Kar; Hatice Kizgin; Bianca Kronemann; Banita Lal; Biagio Lucini; Rony Medaglia; Kenneth Le Meunier‐FitzHugh; Leslie Caroline Le Meunier-FitzHugh; Santosh K. Misra; Emmanuel Mogaji; Sujeet Kumar Sharma; Jang Bahadur Singh; Vishnupriya Raghavan; Ramakrishnan Raman; Nripendra P. Rana; Spyridon Samothrakis; Jak Spencer; Kuttimani Tamilmani; Annie Tubadji; Paul Walton; Michael D. Williams,2019,International Journal of Information Management,other,L5_lie_geometry_equivariant; L7_mtsad_context_ood_sequential,9.5,true,EXCLUDE,PRE_WINDOW_NOT_CLASSIC,AI perspectives essay 2019,,2026-08-24T03:12:11+00:00,claude_fable_5_paper_reset_v2
269,doi:10.1016/j.jmsy.2022.12.006,10.1016/j.jmsy.2022.12.006,,Compound fault diagnosis for industrial robots based on dual-transformer networks,Chong Chen; Chao Liu; Tao Wang; Ao Zhang; Wenhao Wu; Lianglun Cheng,2022,Journal of Manufacturing Systems,other,L11_active_diagnosis,9.5,false,INCLUDE_FULLTEXT,LINEAGE_QUOTA,Compound fault diagnosis for industrial robots via dual-transformer (JMS); L2 compound-fault line,L2_manipulator_actuator_sensor_fdi,2026-08-24T03:12:11+00:00,claude_fable_5_paper_reset_v2
270,doi:10.1016/j.measurement.2026.121629,10.1016/j.measurement.2026.121629,,An unsupervised multivariate time series anomaly detection method,Junwei Hu; Wenhui Chen; Yanqing Yang; Ze Luo,2026,Measurement,other,L7_mtsad_context_ood_sequential; L8_public_benchmarks_transfer,9.5,false,EXCLUDE,METADATA_TOO_THIN,"Untitled-generic unsupervised MTSAD, no abstract",,2026-08-24T03:12:11+00:00,claude_fable_5_paper_reset_v2
271,doi:10.1097/md.0000000000036671,10.1097/md.0000000000036671,,Ethical implications of AI and robotics in healthcare: A review,Chukwuka Elendu; Dependable C. Amaechi; Tochi C. Elendu; Klein A. Jingwa; Osinachi K. Okoye; Minichimso John Okah; John A. Ladele; Abdirahman H. Farah; Hameed A. Alimi,2023,Medicine,other,L9_foundation_multimodal,9.5,true,EXCLUDE,NOT_ROBOT_DOMAIN,Healthcare AI ethics,,2026-08-24T03:12:11+00:00,claude_fable_5_paper_reset_v2
272,doi:10.1109/access.2021.3140175,10.1109/access.2021.3140175,,"A Metaverse: Taxonomy, Components, Applications, and Open Challenges",Sangmin Park; Young‐Gab Kim,2022,IEEE Access,other,L5_lie_geometry_equivariant; L7_mtsad_context_ood_sequential,9.5,true,EXCLUDE,NOT_ROBOT_DOMAIN,Metaverse taxonomy,,2026-08-24T03:12:11+00:00,claude_fable_5_paper_reset_v2
273,doi:10.1109/tfuzz.2023.3247693,10.1109/tfuzz.2023.3247693,,Adaptive Fuzzy Fault Tolerant Control for Robot Manipulators With Fixed-Time Convergence,Mien Van; Yuzhu Sun; Stephen Mcllvanna; Minh Nhat Nguyen; Mohammad Omar Khyam; Dariusz Ceglarek,2023,IEEE Transactions on Fuzzy Systems,other,L4_structured_chain_graph_dynamics,9.5,true,EXCLUDE,OFF_TOPIC_OTHER,Fuzzy FTC fixed-time controller,,2026-08-24T03:12:11+00:00,claude_fable_5_paper_reset_v2
274,doi:10.1155/cplx/9837909,10.1155/cplx/9837909,,Corrigendum to “Funnel‐Based Adaptive Neural Fault‐Tolerant Control for Nonlinear Systems with Dead‐Zone and Actuator Faults: Application to Rigid Robot Manipulator and Inverted Pendulum Systems”,Ymnah Alruwaily; Mohamed Kharrat,2025,Complexity,other,L2_manipulator_actuator_sensor_fdi; L_recent_2025_2026,9.5,true,EXCLUDE,DUPLICATE_VARIANT,Corrigendum artifact,,2026-08-24T03:12:11+00:00,claude_fable_5_paper_reset_v2
275,doi:10.21203/rs.3.rs-6646658/v1,10.21203/rs.3.rs-6646658/v1,,Multivariate Time Series Anomaly Detection for Over-reconstruction of Anomalous Data,Youmeng Li; Jun Kong; Min Jiang; Xuefeng Tao,2025,,other,L7_mtsad_context_ood_sequential; L8_public_benchmarks_transfer,9.5,false,EXCLUDE,METADATA_TOO_THIN,"RS stub, generic MTSAD",,2026-08-24T03:12:11+00:00,claude_fable_5_paper_reset_v2
276,doi:10.21203/rs.3.rs-7778102/v1,10.21203/rs.3.rs-7778102/v1,,A Practical Approach to Multivariate Time Series Anomaly Detection in Automotive Bus Systems Testing,Tobias Suciu; Jürgen Bock,2025,,other,L7_mtsad_context_ood_sequential; L8_public_benchmarks_transfer,9.5,false,EXCLUDE,METADATA_TOO_THIN,Automotive-bus MTSAD stub,,2026-08-24T03:12:11+00:00,claude_fable_5_paper_reset_v2
277,doi:10.21203/rs.3.rs-9273654/v1,10.21203/rs.3.rs-9273654/v1,,Multivariate Time Series Anomaly Detection Based on Kinematics-Aware and Dynamic Spatial Graph Enhancement,Yanzheng Cao; Qizhao Zhou; Tao Wu,2026,,other,L7_mtsad_context_ood_sequential; L8_public_benchmarks_transfer,9.5,false,INCLUDE_FULLTEXT,LINEAGE_QUOTA,Kinematics-aware dynamic spatial-graph MTSAD (RS 2026 stub); occupancy-relevant title for L4 — access to be attempted,L4_structured_chain_graph_dynamics,2026-08-24T03:12:11+00:00,claude_fable_5_paper_reset_v2
278,doi:10.21203/rs.3.rs-9578810/v1,10.21203/rs.3.rs-9578810/v1,,A Training-Free Channel-Intervention Variance Score for One-Class Multivariate Time-Series Anomaly Detection,Siru Long; Dan Huang; Genxin Li,2026,,other,L7_mtsad_context_ood_sequential; L8_public_benchmarks_transfer,9.5,false,EXCLUDE,METADATA_TOO_THIN,Training-free variance-score MTSAD stub,,2026-08-24T03:12:11+00:00,claude_fable_5_paper_reset_v2
279,doi:10.2139/ssrn.5210662,10.2139/ssrn.5210662,,Forward Kinematics of Delta Manipulator by Novel Hybrid Neural Network,Mahesh Makwana,2025,,other,L4_structured_chain_graph_dynamics; L5_lie_geometry_equivariant,9.5,false,EXCLUDE,NOT_FAULT_ANOMALY_TOPIC,Delta forward kinematics NN,,2026-08-24T03:12:11+00:00,claude_fable_5_paper_reset_v2
280,doi:10.2139/ssrn.5238491,10.2139/ssrn.5238491,,Multivariate Time Series Anomaly Detection Using Tranad: Assessing the Effectiveness of Noise Generalization Techniques,Gyeongmin Kim; Min-cheol Kim,2025,,other,L7_mtsad_context_ood_sequential; L8_public_benchmarks_transfer,9.5,false,EXCLUDE,METADATA_TOO_THIN,"SSRN stub, TranAD noise study",,2026-08-24T03:12:11+00:00,claude_fable_5_paper_reset_v2
281,doi:10.2139/ssrn.5338499,10.2139/ssrn.5338499,,Qa-Fganomaly: Quantum-Enhanced Attention Framework for Robust Anomaly Detection in Contaminated Multivariate Time Series,Mohan Long,2025,,other,L7_mtsad_context_ood_sequential; L8_public_benchmarks_transfer,9.5,false,EXCLUDE,METADATA_TOO_THIN,"SSRN stub, quantum attention AD",,2026-08-24T03:12:11+00:00,claude_fable_5_paper_reset_v2
282,doi:10.2139/ssrn.5405068,10.2139/ssrn.5405068,2504.06643v3,Amad: Automasked Attention for  Unsupervised Multivariate Time Series Anomaly Detection,Tiange Huang; Gengsen Li; Yongjun Li,2025,arXiv,other,L7_mtsad_context_ood_sequential; L8_public_benchmarks_transfer,9.5,true,INCLUDE_BACKGROUND,CONTEXT_RELEVANT,AMAD automasked-attention UMTSAD preprint,L7_mtsad_context_ood_sequential,2026-08-24T03:12:11+00:00,claude_fable_5_paper_reset_v2
283,doi:10.2139/ssrn.5549733,10.2139/ssrn.5549733,,UMK:An Unsupervised Multivariate Time Series Anomaly Detection Method,Junwei Hu; Wenhui Chen,2025,,other,L7_mtsad_context_ood_sequential; L8_public_benchmarks_transfer,9.5,false,EXCLUDE,METADATA_TOO_THIN,SSRN stub UMK,,2026-08-24T03:12:11+00:00,claude_fable_5_paper_reset_v2
284,doi:10.2139/ssrn.6486773,10.2139/ssrn.6486773,,PAMA: Dual-Memory Augmentation Assisted Pseudo-Anomaly Contrastive Learning for Multivariate Time Series Anomaly Detection,Hong-Jie Xing; Tang Qian; Chun-Guo Li,2026,,other,L7_mtsad_context_ood_sequential; L8_public_benchmarks_transfer,9.5,false,EXCLUDE,METADATA_TOO_THIN,"SSRN stub, pseudo-anomaly contrastive MTSAD",,2026-08-24T03:12:11+00:00,claude_fable_5_paper_reset_v2
285,doi:10.2139/ssrn.6501974,10.2139/ssrn.6501974,,TAME: Topological Anomaly detection in Multivariate timE series,Kanchon Gharami; Safayat  Bin Hakim; M.  Ilhan Akbas; Shafika  Showkat Moni,2026,,other,L7_mtsad_context_ood_sequential; L8_public_benchmarks_transfer,9.5,false,EXCLUDE,METADATA_TOO_THIN,"SSRN stub, topological MTSAD",,2026-08-24T03:12:11+00:00,claude_fable_5_paper_reset_v2
286,doi:10.2139/ssrn.6574604,10.2139/ssrn.6574604,,Reassessing evaluation metrics and acyclicity constraints in graph-based multivariate time series anomaly detection,bowen liu; jianguo liu; ru li,2026,,other,L7_mtsad_context_ood_sequential; L8_public_benchmarks_transfer,9.5,false,EXCLUDE,METADATA_TOO_THIN,"SSRN stub, metric reassessment for graph MTSAD",,2026-08-24T03:12:11+00:00,claude_fable_5_paper_reset_v2
287,doi:10.2139/ssrn.6712709,10.2139/ssrn.6712709,,Simultaneous Shape Measurement and Collision Detection of a Cable-Driven Segmented Linkage Manipulator Based on Distributed IMUs,Shangyu Zhao; Peisheng Huang; Wenfu Xu; Lei Yan; Peng Kang,2026,,other,L_killer_precision,9.5,false,INCLUDE_BACKGROUND,CONTEXT_RELEVANT,Distributed-IMU collision detection on cable-driven segmented manipulator (SSRN stub),L6_contact_collision_localization,2026-08-24T03:12:11+00:00,claude_fable_5_paper_reset_v2
288,doi:10.3390/s23031352,10.3390/s23031352,,A Survey of AI-Based Anomaly Detection in IoT and Sensor Networks,Kyle DeMedeiros; Abdeltawab Hendawi; Marco Álvarez,2023,Sensors,MDPI,L7_mtsad_context_ood_sequential; L8_public_benchmarks_transfer,9.5,true,EXCLUDE,NOT_ROBOT_DOMAIN,IoT AD survey (MDPI),,2026-08-24T03:12:11+00:00,claude_fable_5_paper_reset_v2
289,doi:10.3390/s26133984,10.3390/s26133984,,"Design, Validation, and Metrological Limits of Biofidelic Instrumentation in PFL Collaborative Robotics: A Systematic Review of Longitudinal Trends and Future Paradigms",Daniel Hartmann; Kristýna Hamříková; Aleš Vysocký; Vendula Laciok; Aleš Bernatík,2026,Sensors,MDPI,L6_contact_collision_localization; L8_public_benchmarks_transfer,9.5,true,EXCLUDE,SURVEY_TANGENTIAL,PFL force-measurement instrumentation review (MDPI),,2026-08-24T03:12:11+00:00,claude_fable_5_paper_reset_v2
290,doi:10.48550/arxiv.2608.07558,10.48550/arxiv.2608.07558,2608.07558v1,Learning Physical Interaction: A Survey of Tactile- and Force-aware Robot Learning,Shilin Shan; Chuhao Zhou; Ruize Wang; Xinyan Chen; Xiangyu Chen; Xinyu Zhou; Boyu Ma; Iris Yuxuan Hu; Jingliang Li; Celeste Yuxuan Hu; Geng Li; Guohao Chen; Tianrui Zhu; Zhe Li; Yanjie Ze; Haoran Geng; Zhiyang Dou; Jianxin Bi; Yuejiang Liu; Jianshu Zhou; Jiachen Li; Paul Liang; Tatsuya Harada; Robert Katzschmann; Harold Soh; Na Li; Edward Johns; Danica Kragic; Jan Peters; Wojciech Matusik; Masayoshi Tomizuka; Jitendra Malik; Jianfei Yang,2026,arXiv (Cornell University),other,L5_lie_geometry_equivariant; L9_foundation_multimodal,9.5,true,INCLUDE_BACKGROUND,CONTEXT_RELEVANT,Tactile/force-aware robot learning survey (2026); contact-rich learning landscape,L6_contact_collision_localization,2026-08-24T03:12:11+00:00,claude_fable_5_paper_reset_v2
291,doi:10.51202/9783186886101-50,10.51202/9783186886101-50,,5  Cross-Scale-Flow,Marco Rudolph,2024,Industrial Anomaly Detection with Normalizing Flows,other,L10_cross_robot_few_shot; L8_public_benchmarks_transfer,9.5,false,INCLUDE_BACKGROUND,CONTEXT_RELEVANT,Cross-Scale-Flow chapter (industrial AD with normalizing flows); flow-AD family context near MVT-Flow,L8_public_benchmarks_transfer,2026-08-24T03:12:11+00:00,claude_fable_5_paper_reset_v2
292,doi:10.5220/0014311600004052,10.5220/0014311600004052,,TRACT: A Transformer and Statistical Framework for Anomaly Detection in Multivariate Non-Stationary Time Series,Ibrahim Traore; Imen Megdiche; Jérôme Marquet-Doléac; Lotfi Chaari,2026,Proceedings of the 18th International Conference on Agents and Artificial Intelligence,other,L7_mtsad_context_ood_sequential; L8_public_benchmarks_transfer,9.5,false,INCLUDE_BACKGROUND,CONTEXT_RELEVANT,"TRACT transformer+statistical AD for non-stationary MTS; non-stationarity angle, weak venue",L7_mtsad_context_ood_sequential,2026-08-24T03:12:11+00:00,claude_fable_5_paper_reset_v2
293,doi:10.61951/sciencepaperonline.202601.0051,10.61951/sciencepaperonline.202601.0051,,Time-Frequency Frame Context Modeling for Reconstruction-Based Multivariate Time-Series Anomaly Detection,Xinwei WANG; Jiayi LI; Ziqiang WEN; Peng XU,2026,,other,L7_mtsad_context_ood_sequential; L8_public_benchmarks_transfer,9.5,false,EXCLUDE,METADATA_TOO_THIN,"Stub, time-frequency MTSAD",,2026-08-24T03:12:11+00:00,claude_fable_5_paper_reset_v2
294,tay:cluster aware causal mixer for online anomaly detection in multivariate time series|murad|2025,,2506.00188v2,Cluster-Aware Causal Mixer for Online Anomaly Detection in Multivariate Time Series,Md Mahmuddun Nabi Murad; Yasin Yilmaz,2025,arXiv,other,L7_mtsad_context_ood_sequential; L8_public_benchmarks_transfer,9.5,true,INCLUDE_BACKGROUND,CONTEXT_RELEVANT,Causal-mixer online MTSAD preprint,L7_mtsad_context_ood_sequential,2026-08-24T03:12:11+00:00,claude_fable_5_paper_reset_v2
295,tay:cross tool and cross behavior perceptual knowledge transfer for grounded object recognition|tatiya|2023,,2303.04023v2,Cross-Tool and Cross-Behavior Perceptual Knowledge Transfer for Grounded Object Recognition,Gyan Tatiya; Jonathan Francis; Jivko Sinapov,2023,arXiv,other,L10_cross_robot_few_shot; L8_public_benchmarks_transfer,9.5,true,EXCLUDE,NOT_FAULT_ANOMALY_TOPIC,Grounded object recognition transfer,,2026-08-24T03:12:11+00:00,claude_fable_5_paper_reset_v2
296,tay:physically grounded 3d generative reconstruction under hand occlusion using proprioception and multi contact touch|caddeo|2026,,2604.09100v2,Physically Grounded 3D Generative Reconstruction under Hand Occlusion using Proprioception and Multi-Contact Touch,Gabriele Mario Caddeo; Pasquale Marra; Lorenzo Natale,2026,arXiv,other,L5_lie_geometry_equivariant; L9_foundation_multimodal,9.5,true,EXCLUDE,NOT_FAULT_ANOMALY_TOPIC,Object reconstruction under occlusion,,2026-08-24T03:12:11+00:00,claude_fable_5_paper_reset_v2
297,tay:root kgd a novel framework for root cause diagnosis based on knowledge graph and industrial data|chen|2024,,2406.13664v1,Root-KGD: A Novel Framework for Root Cause Diagnosis Based on Knowledge Graph and Industrial Data,Jiyu Chen; Jinchuan Qian; Xinmin Zhang; Zhihuan Song,2024,arXiv,other,L10_cross_robot_few_shot; L4_structured_chain_graph_dynamics,9.5,true,EXCLUDE,PROCESS_MACHINERY_ONLY,Knowledge-graph RCA for industrial processes,,2026-08-24T03:12:11+00:00,claude_fable_5_paper_reset_v2
298,doi:10.1007/s40747-023-01142-z,10.1007/s40747-023-01142-z,,Decentralized fault-tolerant control of modular robot manipulators with actuator saturation: neural adaptive integral terminal sliding mode-based control approach,Zengpeng Lu; Yuanchun Li; Yuanchun Li; Xirui Fan; Qingyun Wang; Yan Li; Yan Li,2023,Complex & Intelligent Systems,other,L2_manipulator_actuator_sensor_fdi,9.491,true,EXCLUDE,OFF_TOPIC_OTHER,Decentralized FTC for modular manipulators; controller synthesis,,2026-08-24T03:12:11+00:00,claude_fable_5_paper_reset_v2
299,doi:10.1007/s43684-022-00030-6,10.1007/s43684-022-00030-6,,An attention enhanced dilated CNN approach for cross-axis industrial robotics fault diagnosis,Yuxin Liu; Chong Chen; Tao Wang; Lianglun Cheng,2022,Autonomous Intelligent Systems,other,L10_cross_robot_few_shot,9.478,true,INCLUDE_FULLTEXT,LINEAGE_QUOTA,Attention-enhanced dilated CNN cross-axis robot FD with scarce failure data; L10 cross-axis transfer,L10_cross_robot_few_shot,2026-08-24T03:12:11+00:00,claude_fable_5_paper_reset_v2
300,doi:10.1016/j.dt.2024.08.014,10.1016/j.dt.2024.08.014,,TDNN: A novel transfer discriminant neural network for gear fault diagnosis of ammunition loading system manipulator,Ming Li; Longmiao Chen; Manyi Wang; Liuxuan Wei; Yilin Jiang; Tianming Chen,2025,Defence Technology,other,L2_manipulator_actuator_sensor_fdi,9.466,true,INCLUDE_BACKGROUND,CONTEXT_RELEVANT,Transfer discriminant gear FD on loading-system manipulator across loads; component-level,L10_cross_robot_few_shot,2026-08-24T03:12:11+00:00,claude_fable_5_paper_reset_v2
301,doi:10.1109/lra.2022.3176723,10.1109/lra.2022.3176723,,Contact Localization of Continuum and Flexible Robot Using Data-Driven Approach,Xuan Thao Ha; Di Wu; Chun-Feng Lai; Mouloud Ourak; Gianni Borghesan; Arianna Menciassi; Emmanuel Vander Poorten,2022,IEEE Robotics and Automation Letters,R,L6_contact_collision_localization,9.455,true,INCLUDE_BACKGROUND,CONTEXT_RELEVANT,Data-driven contact localization for continuum robots; adjacent mechanism class,L6_contact_collision_localization,2026-08-24T03:12:11+00:00,claude_fable_5_paper_reset_v2
302,doi:10.1109/access.2021.3068448,10.1109/access.2021.3068448,,Active Fault-Tolerant Control Design for Actuator Fault Mitigation in Robotic Manipulators,Yashar Shabbouei Hagh; Reza Mohammadi Asl; Afef Fekih; Huapeng Wu; Heikki Handroos,2021,IEEE Access,other,L11_active_diagnosis,9.426,true,EXCLUDE,OFF_TOPIC_OTHER,Active FTC synthesis,,2026-08-24T03:12:11+00:00,claude_fable_5_paper_reset_v2
303,doi:10.1109/access.2024.3522325,10.1109/access.2024.3522325,,Self-Supervised Anomaly Detection Using Outliers for Multivariate Time Series,Jaehyeop Hong; Youngbum Hur,2024,IEEE Access,other,L7_mtsad_context_ood_sequential; L8_public_benchmarks_transfer,9.416,true,INCLUDE_BACKGROUND,CONTEXT_RELEVANT,Self-supervised outlier-exposure MTSAD (Access),L7_mtsad_context_ood_sequential,2026-08-24T03:12:11+00:00,claude_fable_5_paper_reset_v2
304,doi:10.21203/rs.3.rs-1740184/v1,10.21203/rs.3.rs-1740184/v1,,Multivariate time series traffic anomaly detection with Prediction &amp;amp; AutoEncoder,Junghyeon Lee; Koosup Jeong; Wooju Kim,2022,,other,L7_mtsad_context_ood_sequential; L8_public_benchmarks_transfer,9.416,true,EXCLUDE,NOT_ROBOT_DOMAIN,DDoS traffic AD stub,,2026-08-24T03:12:11+00:00,claude_fable_5_paper_reset_v2
305,doi:10.2139/ssrn.4909173,10.2139/ssrn.4909173,,A Scalable Transformer Network for Multivariate Time Series Anomaly Detection in Industrial Environments,Maximilian Hoh; Henry Schaub; Nico Leuze; Alfred Schöttl,2024,,other,L7_mtsad_context_ood_sequential; L8_public_benchmarks_transfer,9.416,false,EXCLUDE,METADATA_TOO_THIN,"SSRN stub, industrial transformer MTSAD",,2026-08-24T03:12:11+00:00,claude_fable_5_paper_reset_v2
306,doi:10.36838/v5i1.17,10.36838/v5i1.17,,Novel Multipurpose Air Purification and Distribution Robot with AI-Based Anomaly Detection,Mikul Saravanan,2023,International Journal of High School Research,other,L_killer_precision,9.416,true,EXCLUDE,OFF_TOPIC_OTHER,High-school journal air-purifier robot,,2026-08-24T03:12:11+00:00,claude_fable_5_paper_reset_v2
307,doi:10.3390/app13127202,10.3390/app13127202,,Autonomous Navigation of Robots: Optimization with DQN,Juan Escobar-Naranjo; Gustavo Caiza; Paulina Ayala; Edisson P. Jordán; Carlos A. García; Marcelo V. García,2023,Applied Sciences,MDPI,L7_mtsad_context_ood_sequential; L8_public_benchmarks_transfer,9.415,true,EXCLUDE,NOT_FAULT_ANOMALY_TOPIC,DQN navigation (MDPI),,2026-08-24T03:12:11+00:00,claude_fable_5_paper_reset_v2
308,doi:10.1007/s10845-023-02076-6,10.1007/s10845-023-02076-6,,A framework for fault detection and diagnostics of articulated collaborative robots based on hybrid series modelling of Artificial Intelligence algorithms,Adalberto Polenghi; Laura Cattaneo; Marco Macchi,2023,Journal of Intelligent Manufacturing,other,L10_cross_robot_few_shot,9.407,true,INCLUDE_FULLTEXT,LINEAGE_QUOTA,Hybrid AI series-modelling FDD framework for articulated cobots (JIM); L2 cobot condition monitoring,L2_manipulator_actuator_sensor_fdi,2026-08-24T03:12:11+00:00,claude_fable_5_paper_reset_v2
309,doi:10.1002/mco2.70597,10.1002/mco2.70597,,"AI‐Driven Revolution of Medical Robotics Across Surgical Innovation, Rehabilitation Intelligence, and Multimodal Healthcare Delivery",Fanxuan Chen; Haoman Chen; Ting Yu; Ruoyun Wang; Yi Wang; Xian Zhang; Jiachen Li; Kaishuo Liu; Darong Hai; Xueying Bao; Zefei Mo; Dongren Yang; Zhao Wang; Yuxin Lin; Qinghua Xia; Gen Yang; Jianwei Shuai,2026,MedComm,other,L8_public_benchmarks_transfer,9.332,true,EXCLUDE,SURVEY_TANGENTIAL,Medical-robotics AI overview,,2026-08-24T03:12:11+00:00,claude_fable_5_paper_reset_v2
310,doi:10.17559/tv-20250320002497,10.17559/tv-20250320002497,,Affordable Collision Detection for a 3D-Printed Robotic Arm,,2025,Tehnicki vjesnik - Technical Gazette,other,L8_public_benchmarks_transfer,9.332,true,EXCLUDE,NOT_FAULT_ANOMALY_TOPIC,Kinect-based collision avoidance,,2026-08-24T03:12:11+00:00,claude_fable_5_paper_reset_v2
311,doi:10.1017/s0263574721001788,10.1017/s0263574721001788,,Sensitivity analysis of factors affecting motion reliability of manipulator and fault diagnosis based on kernel principal component analysis,Jing Yang; Lingyan Jin; Zejie Han; Deming Zhao; Ming Hu,2021,Robotica,other,L2_manipulator_actuator_sensor_fdi,9.318,true,INCLUDE_BACKGROUND,CONTEXT_RELEVANT,KPCA motion-reliability sensitivity + FD on UR10 (Robotica),L2_manipulator_actuator_sensor_fdi,2026-08-24T03:12:11+00:00,claude_fable_5_paper_reset_v2
312,doi:10.3389/fbioe.2021.771415,10.3389/fbioe.2021.771415,,Online Learning for Foot Contact Detection of Legged Robot Based on Data Stream Clustering,Qingyu Liu; Bing Cheng Yuan; Yang Wang,2022,Frontiers in Bioengineering and Biotechnology,other,L3_learned_momentum_observer,9.318,true,INCLUDE_BACKGROUND,CONTEXT_RELEVANT,Online GMM clustering foot-contact detection (legged),L6_contact_collision_localization,2026-08-24T03:12:11+00:00,claude_fable_5_paper_reset_v2
313,doi:10.5194/ms-14-209-2023,10.5194/ms-14-209-2023,,Adaptive chaos control of a humanoid robot arm: a fault-tolerant scheme,Said Ghani Khan,2023,Mechanical sciences,other,L2_manipulator_actuator_sensor_fdi,9.318,true,EXCLUDE,OFF_TOPIC_OTHER,Chaos FTC for humanoid arm,,2026-08-24T03:12:11+00:00,claude_fable_5_paper_reset_v2
314,doi:10.1109/iros47612.2022.9982122,10.1109/iros47612.2022.9982122,,Whisker-Inspired Tactile Sensing for Contact Localization on Robot Manipulators,Michael A. Lin; Emilio Reyes; Jeannette Bohg; Mark R. Cutkosky,2022,2022 IEEE/RSJ International Conference on Intelligent Robots and Systems (IROS),R,L6_contact_collision_localization,9.297,true,INCLUDE_BACKGROUND,CONTEXT_RELEVANT,"Whisker tactile contact localization; added-hardware sensing, not proprioceptive-only",L6_contact_collision_localization,2026-08-24T03:12:11+00:00,claude_fable_5_paper_reset_v2
315,doi:10.1109/tim.2024.3403183,10.1109/tim.2024.3403183,,Metric Learning-Based Few-Shot Adversarial Domain Adaptation: A Cross-Machine Diagnosis Method for Ball Screws of Industrial Robots,Qitong Chen; Liang Chen; Qi Li; Juanjuan Shi; Dong Wang; Changqing Shen,2024,IEEE Transactions on Instrumentation and Measurement,other,L10_cross_robot_few_shot,9.297,true,INCLUDE_FULLTEXT,LINEAGE_QUOTA,Few-shot adversarial DA for cross-machine SCARA ball-screw diagnosis (TIM24); direct L10 few-shot cross-machine,L10_cross_robot_few_shot,2026-08-24T03:12:11+00:00,claude_fable_5_paper_reset_v2
316,doi:10.1007/978-3-030-90700-6_25,10.1007/978-3-030-90700-6_25,,Detecting Faults During Automatic Screwdriving: A Dataset and Use Case of Anomaly Detection for Automatic Screwdriving,Błażej Leporowski; Daniella Tola; Casper Hansen; Alexandros Iosifidis,2021,Lecture Notes in Mechanical Engineering,other,L8_public_benchmarks_transfer,9.248,true,INCLUDE_FULLTEXT,DATASET_OR_CODE_PAPER,"Screwdriving fault-detection dataset/use-case (LNME21, AURSAD-adjacent); L8 dataset lineage",L8_public_benchmarks_transfer,2026-08-24T03:12:11+00:00,claude_fable_5_paper_reset_v2
317,doi:10.1145/3681765.3698465,10.1145/3681765.3698465,,Context-aware Trajectory Anomaly Detection,Haoji Hu; Jina Kim; Jinwei Zhou; Sofia Kirsanova; Janghyeon Lee; YaoYi Chiang,2024,Proceedings of the 1st ACM SIGSPATIAL International Workshop on Geospatial Anomaly Detection,other,L5_lie_geometry_equivariant; L7_mtsad_context_ood_sequential,9.248,true,EXCLUDE,NOT_ROBOT_DOMAIN,Urban trajectory AD,,2026-08-24T03:12:11+00:00,claude_fable_5_paper_reset_v2
318,doi:10.1155/2024/5344619,10.1155/2024/5344619,,Funnel-Based Adaptive Neural Fault-Tolerant Control for Nonlinear Systems with Dead-Zone and Actuator Faults: Application to Rigid Robot Manipulator and Inverted Pendulum Systems,Ymnah Alruwaily; Mohamed Kharrat,2024,Complexity,other,L2_manipulator_actuator_sensor_fdi,9.248,true,EXCLUDE,OFF_TOPIC_OTHER,Funnel FTC controller,,2026-08-24T03:12:11+00:00,claude_fable_5_paper_reset_v2
319,doi:10.11591/ijpeds.v13.i3.pp1854-1869,10.11591/ijpeds.v13.i3.pp1854-1869,,Fault-tolerant control with high-order sliding mode for manipulator robot,Khaoula Oulidi Omali; Mohammed Nabil Kabbaj; Mohammed Benbrahim,2022,International Journal of Power Electronics and Drive Systems/International Journal of Electrical and Computer Engineering,other,L2_manipulator_actuator_sensor_fdi,9.248,true,EXCLUDE,OFF_TOPIC_OTHER,"High-order SM FTC, weak venue",,2026-08-24T03:12:11+00:00,claude_fable_5_paper_reset_v2
320,doi:10.1177/00368504211037771,10.1177/00368504211037771,,Review of wheeled mobile robot collision avoidance under unknown environment,Yong Wang; Xiaoxiao Li; Juan Zhang; Shuai Li; Zhihao Xu; Xuefeng Zhou,2021,Science Progress,other,L4_structured_chain_graph_dynamics,9.228,true,EXCLUDE,WRONG_OBJECT,Wheeled-robot obstacle avoidance review,,2026-08-24T03:12:11+00:00,claude_fable_5_paper_reset_v2
321,doi:10.1109/access.2024.3406433,10.1109/access.2024.3406433,,Fault Diagnosis of Industrial Robot Based on Multi-Source Data Fusion and Channel Attention Convolutional Neural Networks,Yiwen Zhang; Zihao Zang; Xinming Zhang; Linsen Song; Zhenglei Yu; Yitian Wang; Yan Gao; Lei Wang,2024,IEEE Access,other,L10_cross_robot_few_shot,9.2,true,INCLUDE_BACKGROUND,CONTEXT_RELEVANT,Multi-source fusion channel-attention CNN robot FD (Access); incremental L2,L2_manipulator_actuator_sensor_fdi,2026-08-24T03:12:11+00:00,claude_fable_5_paper_reset_v2
322,doi:10.1007/s10044-021-01053-0,10.1007/s10044-021-01053-0,,A visual tool for monitoring and detecting anomalies in robot performance,Nuño Basurto; Carlos Cambra; Álvaro Herrero,2022,Pattern Analysis and Applications,other,L8_public_benchmarks_transfer,9.168,true,EXCLUDE,OFF_TOPIC_OTHER,Software-performance anomaly monitoring tool,,2026-08-24T03:12:11+00:00,claude_fable_5_paper_reset_v2
323,doi:10.1016/j.actaastro.2021.01.001,10.1016/j.actaastro.2021.01.001,,"Contact detection, isolation and estimation for orbital robots through an observer based on a centroid-joints dynamics",Francesco Cavenago; Alessandro Giordano; Mauro Massari,2021,Acta Astronautica,other,L6_contact_collision_localization,9.168,false,INCLUDE_BACKGROUND,CONTEXT_RELEVANT,Observer-based contact D/I/E for orbital (floating-base) robots,L6_contact_collision_localization,2026-08-24T03:12:11+00:00,claude_fable_5_paper_reset_v2
324,doi:10.14736/kyb-2021-1-0160,10.14736/kyb-2021-1-0160,,Observer-based adaptive sliding mode fault-tolerant control for the underactuated space robot with joint actuator gain faults,Ronghua Lei; Li Chen,2021,Kybernetika,other,L2_manipulator_actuator_sensor_fdi,9.168,true,EXCLUDE,OFF_TOPIC_OTHER,Space-robot FTC observer controller,,2026-08-24T03:12:11+00:00,claude_fable_5_paper_reset_v2
325,doi:10.1109/icra48506.2021.9561162,10.1109/icra48506.2021.9561162,,Proactive Action Visual Residual Reinforcement Learning for Contact-Rich Tasks Using a Torque-Controlled Robot,Yunlei Shi; Zhaopeng Chen; Hongxu Liu; Sebastian Riedel; Chunhui Gao; Qian Feng; Jun Deng; Jianwei Zhang,2021,2021 IEEE International Conference on Robotics and Automation (ICRA),R,L6_contact_collision_localization,9.164,true,EXCLUDE,NOT_FAULT_ANOMALY_TOPIC,RL for contact-rich manipulation,,2026-08-24T03:12:11+00:00,claude_fable_5_paper_reset_v2
326,doi:10.1109/tro.2023.3327811,10.1109/tro.2023.3327811,,A Kinetostatic Model for Concentric Push–Pull Robots,Jake A. Childs; Caleb Rucker,2024,IEEE Transactions on Robotics,R,L6_contact_collision_localization,9.164,true,EXCLUDE,NOT_FAULT_ANOMALY_TOPIC,CPPR kinetostatic modeling,,2026-08-24T03:12:11+00:00,claude_fable_5_paper_reset_v2
327,doi:10.1016/j.rcim.2025.103172,10.1016/j.rcim.2025.103172,,Autonomous robotic screwdriving for high-mix manufacturing,Omey M. Manyar; Rutvik Patel; Satyandra K. Gupta,2026,Robotics and Computer-Integrated Manufacturing,other,L8_public_benchmarks_transfer,9.159,false,INCLUDE_BACKGROUND,CONTEXT_RELEVANT,Autonomous screwdriving for high-mix manufacturing (RCIM 2026); AURSAD-domain context,L8_public_benchmarks_transfer,2026-08-24T03:12:11+00:00,claude_fable_5_paper_reset_v2
328,doi:10.1007/s12555-021-0128-7,10.1007/s12555-021-0128-7,,Adaptive Fault-tolerant Control for Mechanical Manipulator Systems with Actuator Fault,Yong Chen; Bin Guo; Yuezhi Liu; Ke Zhang,2022,"International Journal of Control, Automation and Systems",other,L2_manipulator_actuator_sensor_fdi,9.075,false,EXCLUDE,OFF_TOPIC_OTHER,"Adaptive FTC, no abstract",,2026-08-24T03:12:11+00:00,claude_fable_5_paper_reset_v2
329,doi:10.5281/zenodo.5849300,10.5281/zenodo.5849300,,Dataset for: An experimental comparison of anomaly detection methods for collaborative robot manipulators,Søren Goddiksen Graabæk; Emil Vincent Ancker; Andreas Rune Fugl; Anders Lyhne Christensen,2022,Zenodo (CERN European Organization for Nuclear Research),other,L8_public_benchmarks_transfer,9.075,true,INCLUDE_BACKGROUND,DATASET_OR_CODE_PAPER,Zenodo data record for Graabaek UR5e comparison; paper itself carded separately,L8_public_benchmarks_transfer,2026-08-24T03:12:11+00:00,claude_fable_5_paper_reset_v2
330,doi:10.1049/icp.2022.2432,10.1049/icp.2022.2432,,Collision detection system of dual manipulator based on differential evolution algorithm,Y. Cui,2022,IET Conference Proceedings,other,L_killer_precision,9.0,true,EXCLUDE,NOT_FAULT_ANOMALY_TOPIC,Dual-arm interference planning via differential evolution,,2026-08-24T03:12:11+00:00,claude_fable_5_paper_reset_v2
331,doi:10.1109/cloudnet59005.2023.10490086,10.1109/cloudnet59005.2023.10490086,,Multivariate Time Series Anomaly Detection with Fourier Time Series Transformer,Yufeng Ye; Qichao He; Peng Zhang; Jie Xiao; Zhao Li,2023,2023 IEEE 12th International Conference on Cloud Networking (CloudNet),other,L7_mtsad_context_ood_sequential; L8_public_benchmarks_transfer,9.0,true,INCLUDE_BACKGROUND,CONTEXT_RELEVANT,Fourier-transformer MTSAD (CloudNet),L7_mtsad_context_ood_sequential,2026-08-24T03:12:11+00:00,claude_fable_5_paper_reset_v2
332,doi:10.1109/icairc64177.2024.10900310,10.1109/icairc64177.2024.10900310,,An Improved RRT* Algorithm Based on Collision Density Detection for Manipulator Path Planning,Fangyao Lu; Xi Luo; Chang Liu; Baiqiang Zhu,2024,"2024 4th International Conference on Artificial Intelligence, Robotics, and Communication (ICAIRC)",other,L_killer_precision,9.0,true,EXCLUDE,NOT_FAULT_ANOMALY_TOPIC,RRT* planning variant,,2026-08-24T03:12:11+00:00,claude_fable_5_paper_reset_v2
333,doi:10.1109/iciea58696.2023.10241385,10.1109/iciea58696.2023.10241385,,Real-time Collision Detection Algorithm for Thrust-vector Regulating Mechanism of Manipulator,Chu Xiaoyu; Zhang Qiang; Wen Wen; Wei Chaoran; Li Xiaohui; Zhou Yuanzi,2023,2023 IEEE 18th Conference on Industrial Electronics and Applications (ICIEA),other,L_killer_precision,9.0,true,EXCLUDE,NOT_FAULT_ANOMALY_TOPIC,Geometric collision checking for thruster mechanism,,2026-08-24T03:12:11+00:00,claude_fable_5_paper_reset_v2
334,doi:10.1109/sii58957.2024.10417448,10.1109/sii58957.2024.10417448,,Sensor Anomaly Detection for Biped Robot Using the Dynamic Equation of a Robotic System,Antoine Alaverdov; Fumio Kanehiro,2024,2024 IEEE/SICE International Symposium on System Integration (SII),other,L_killer_precision,9.0,true,INCLUDE_BACKGROUND,CONTEXT_RELEVANT,Dynamics-equation-based sensor AD for biped; physics-residual concept on another platform,L2_manipulator_actuator_sensor_fdi,2026-08-24T03:12:11+00:00,claude_fable_5_paper_reset_v2
335,doi:10.1109/tro.2021.3133137,10.1109/tro.2021.3133137,,Human-in-the-Loop Optimization of Exoskeleton Assistance Via Online Simulation of Metabolic Cost,Daniel Gordon; Christopher McGreavy; Andreas Christou; Sethu Vijayakumar,2022,IEEE Transactions on Robotics,R,L6_contact_collision_localization,9.0,true,EXCLUDE,NOT_FAULT_ANOMALY_TOPIC,Exoskeleton HIL optimization,,2026-08-24T03:12:11+00:00,claude_fable_5_paper_reset_v2
336,doi:10.1109/tro.2022.3231360,10.1109/tro.2022.3231360,,Soft Robots Modeling: A Structured Overview,Costanza Armanini; Frédéric Boyer; Anup Teejo Mathew; Christian Duriez; Federico Renda,2023,IEEE Transactions on Robotics,R,L4_structured_chain_graph_dynamics,9.0,true,EXCLUDE,NOT_FAULT_ANOMALY_TOPIC,Soft-robot modeling overview,,2026-08-24T03:12:11+00:00,claude_fable_5_paper_reset_v2
337,doi:10.1177/02783649231201196,10.1177/02783649231201196,,Dynamic movement primitives in robotics: A tutorial survey,Matteo Saveriano; Fares J. Abu‐Dakka; Aljaž Kramberger; Luka Peternel,2023,The International Journal of Robotics Research,R,L5_lie_geometry_equivariant,9.0,true,EXCLUDE,NOT_FAULT_ANOMALY_TOPIC,DMP tutorial,,2026-08-24T03:12:11+00:00,claude_fable_5_paper_reset_v2
338,doi:10.1504/ijhm.2023.10056146,10.1504/ijhm.2023.10056146,,Model adaptive collision detection for flexible joint manipulator based on state observer,Sun Yongjun; Chris Gerada; Liu Yiwei; Cui Shipeng,2023,International Journal of Hydromechatronics,other,L_killer_precision,9.0,true,EXCLUDE,DUPLICATE_VARIANT,Duplicate DOI of ijhm.2023.132298 (same paper),,2026-08-24T03:12:11+00:00,claude_fable_5_paper_reset_v2
339,doi:10.21275/sr23204085405,10.21275/sr23204085405,,Neural Network Nonlinearity Compensation for a Mobile Manipulator,Jun Oh Jang,2023,International Journal of Science and Research (IJSR),other,L4_structured_chain_graph_dynamics; L5_lie_geometry_equivariant,9.0,true,EXCLUDE,NOT_FAULT_ANOMALY_TOPIC,NN compensator control,,2026-08-24T03:12:11+00:00,claude_fable_5_paper_reset_v2
340,doi:10.2139/ssrn.4346384,10.2139/ssrn.4346384,,Hfn:Heterogeneous Feature Network for Multivariate Time Series Anomaly Detection,Jun Zhan; Chengkun Wu; Canqun Yang; Qiucheng Miao; Xiandong Ma,2023,,other,L7_mtsad_context_ood_sequential; L8_public_benchmarks_transfer,9.0,false,EXCLUDE,METADATA_TOO_THIN,"SSRN stub, heterogeneous feature MTSAD",,2026-08-24T03:12:11+00:00,claude_fable_5_paper_reset_v2
341,doi:10.2139/ssrn.4538474,10.2139/ssrn.4538474,,Contrastive Learning for Multivariate Time Series Anomaly Detection,Juan Li; Yiduo Wang,2023,,other,L7_mtsad_context_ood_sequential; L8_public_benchmarks_transfer,9.0,false,EXCLUDE,METADATA_TOO_THIN,"SSRN stub, contrastive MTSAD",,2026-08-24T03:12:11+00:00,claude_fable_5_paper_reset_v2
342,doi:10.2139/ssrn.4576627,10.2139/ssrn.4576627,,A Transformer Autoencoder with Hidden Layer Extension for Multivariate Time Series Anomaly Detection,xiaoxia zhang; yi chen; feng hu; Guoyin Wang,2023,,other,L7_mtsad_context_ood_sequential; L8_public_benchmarks_transfer,9.0,false,EXCLUDE,METADATA_TOO_THIN,"SSRN stub, transformer AE MTSAD",,2026-08-24T03:12:11+00:00,claude_fable_5_paper_reset_v2
343,doi:10.2139/ssrn.4668703,10.2139/ssrn.4668703,,Automatic Model Selection Method for Multivariate Time Series Anomaly Detection Based on Data Features,Gai Tiantian; Xiaoyong Zhao; Min Huang,2023,,other,L7_mtsad_context_ood_sequential; L8_public_benchmarks_transfer,9.0,false,EXCLUDE,METADATA_TOO_THIN,"SSRN stub, AD model selection",,2026-08-24T03:12:11+00:00,claude_fable_5_paper_reset_v2
344,doi:10.2139/ssrn.4743831,10.2139/ssrn.4743831,,Translated Temporal Component-Enhanced Attention for Multivariate Time-Series Anomaly Detection,MinJi Seo; MyungHo Kim,2024,,other,L7_mtsad_context_ood_sequential; L8_public_benchmarks_transfer,9.0,false,EXCLUDE,METADATA_TOO_THIN,"SSRN stub, temporal attention MTSAD",,2026-08-24T03:12:11+00:00,claude_fable_5_paper_reset_v2
345,doi:10.2139/ssrn.4914635,10.2139/ssrn.4914635,,A Scalable Digital Asset Framework for Distributed Robot System's Anomaly Detection Based on Hybrid Convolutional Autoencoder,ShiJie Wang; JianFeng Tao; Qincheng Jiang; Wei Chen; Chengjin QIN; Chengliang LIU,2024,,other,L_killer_precision,9.0,false,EXCLUDE,METADATA_TOO_THIN,"SSRN stub, distributed robot AD framework",,2026-08-24T03:12:11+00:00,claude_fable_5_paper_reset_v2
346,doi:10.2139/ssrn.4949819,10.2139/ssrn.4949819,,Anomaly Detection in Broadband Networks: Using Normalizing Flows for Multivariate Time Series,Tobias Engelhardt Rasmussen; Facundu  Esteban Castellá Algán; Andreas Baum,2024,,other,L7_mtsad_context_ood_sequential; L8_public_benchmarks_transfer,9.0,false,EXCLUDE,NOT_ROBOT_DOMAIN,Broadband-network flow AD stub,,2026-08-24T03:12:11+00:00,claude_fable_5_paper_reset_v2
347,doi:10.5220/0012692100003705,10.5220/0012692100003705,,UoCAD: An Unsupervised Online Contextual Anomaly Detection Approach for Multivariate Time Series from Smart Homes,Aafan Toor; Jia-Chun Lin; Ming-Chang Lee; Ernst Gran,2024,"Proceedings of the 9th International Conference on Internet of Things, Big Data and Security",other,L7_mtsad_context_ood_sequential; L8_public_benchmarks_transfer,9.0,true,EXCLUDE,NOT_ROBOT_DOMAIN,Smart-home contextual AD,,2026-08-24T03:12:11+00:00,claude_fable_5_paper_reset_v2
348,doi:10.55041/ijsrem25385,10.55041/ijsrem25385,,Multi-Sensor Fusion for Proactive Anomaly Detection in Robot Navigation,CHAITHRASHREE A,2023,INTERANTIONAL JOURNAL OF SCIENTIFIC RESEARCH IN ENGINEERING AND MANAGEMENT,other,L_killer_precision,9.0,true,EXCLUDE,OFF_TOPIC_OTHER,Derivative navigation-AD text in questionable journal,,2026-08-24T03:12:11+00:00,claude_fable_5_paper_reset_v2
349,tay:efficient pattern based anomaly detection in a network of multivariate devices|feremans|2023,,2305.05538v1,Efficient pattern-based anomaly detection in a network of multivariate devices,Len Feremans; Boris Cule; Bart Goethals,2023,arXiv,other,L7_mtsad_context_ood_sequential; L8_public_benchmarks_transfer,9.0,true,EXCLUDE,NOT_ROBOT_DOMAIN,Device-network telemetry AD,,2026-08-24T03:12:11+00:00,claude_fable_5_paper_reset_v2
350,doi:10.1109/tro.2025.3626664,10.1109/tro.2025.3626664,,Disturbance Observer-Based Model Predictive Control for Cable-Driven Parallel Robots,Xinyu Gao; Weiwei Shang; Bin Zhang,2025,IEEE Transactions on Robotics,R,L3_learned_momentum_observer,8.966,false,EXCLUDE,NOT_FAULT_ANOMALY_TOPIC,DOB-MPC control for cable robots,,2026-08-24T03:12:11+00:00,claude_fable_5_paper_reset_v2
351,doi:10.1109/lra.2023.3329620,10.1109/lra.2023.3329620,,Physics-Informed Neural Network for Model Prediction and Dynamics Parameter Identification of Collaborative Robot Joints,Xingyu Yang; Yixiong Du; Leihui Li; Zhengxue Zhou; Xuping Zhang,2023,IEEE Robotics and Automation Letters,R,L5_lie_geometry_equivariant,8.904,true,INCLUDE_FULLTEXT,LINEAGE_QUOTA,PINN dynamics prediction + parameter ID for cobot joints with harmonic drives (RAL23); structured dynamics learning underpinning residual FDI,L4_structured_chain_graph_dynamics,2026-08-24T03:12:11+00:00,claude_fable_5_paper_reset_v2
352,doi:10.1109/tro.2023.3339543,10.1109/tro.2023.3339543,,Active Learning of Discrete-Time Dynamics for Uncertainty-Aware Model Predictive Control,Alessandro Saviolo; Jonathan Frey; Abhishek Rathod; Moritz Diehl; Giuseppe Loianno,2024,IEEE Transactions on Robotics,R,L3_learned_momentum_observer,8.882,true,INCLUDE_FULLTEXT,LINEAGE_QUOTA,Active self-supervised learning of dynamics for uncertainty-aware MPC (T-RO 24); active dynamics probing under condition change — L11,L11_active_diagnosis,2026-08-24T03:12:11+00:00,claude_fable_5_paper_reset_v2
353,doi:10.3390/electronics14071401,10.3390/electronics14071401,,TiTAD: Time-Invariant Transformer for Multivariate Time Series Anomaly Detection,Yuehan Liu; Wenhao Wang; Yunpeng Wu,2025,Electronics,MDPI,L7_mtsad_context_ood_sequential; L8_public_benchmarks_transfer,8.882,true,INCLUDE_BACKGROUND,VENUE_EXCLUDED_MDPI,TiTAD transformer MTSAD (Electronics),L7_mtsad_context_ood_sequential,2026-08-24T03:12:11+00:00,claude_fable_5_paper_reset_v2
354,doi:10.1109/iros55552.2023.10342345,10.1109/iros55552.2023.10342345,2308.09650v1,Collision Isolation and Identification Using Proprioceptive Sensing for Parallel Robots to Enable Human-Robot Collaboration,Aran Mohammad; Moritz Schappler; Tobias Ortmaier,2023,arXiv (Cornell University),other,L6_contact_collision_localization,8.832,true,INCLUDE_PRIORITY,DIRECT_NEIGHBOR_CANDIDATE,"Proprioceptive collision isolation+identification on real parallel robot (IROS23, Hannover line); direct L6",L6_contact_collision_localization,2026-08-24T03:12:11+00:00,claude_fable_5_paper_reset_v2
355,doi:10.1109/sii58957.2024.10417333,10.1109/sii58957.2024.10417333,,Real- Time Failure/Anomaly Prediction for Robot Motion Learning Based on Model Uncertainty Prediction,Hideyuki Ichiwara; Hiroshi Ito; Kenjiro Yamamoto,2024,2024 IEEE/SICE International Symposium on System Integration (SII),other,L3_learned_momentum_observer,8.832,true,INCLUDE_FULLTEXT,LINEAGE_QUOTA,Model-uncertainty-based real-time failure/anomaly prediction for learned motion policies (SII24); policy-monitoring angle,L7_mtsad_context_ood_sequential,2026-08-24T03:12:11+00:00,claude_fable_5_paper_reset_v2
356,doi:10.1177/02783649251342823,10.1177/02783649251342823,2505.03044v1,A modal-space formulation for momentum observer contact estimation and effects of uncertainty for continuum robots,Garrison LH Johnston; Neel Shihora; Nabil Simaan,2025,The International Journal of Robotics Research,R,L3_learned_momentum_observer,8.832,true,INCLUDE_PRIORITY,DIRECT_NEIGHBOR_CANDIDATE,IJRR25 modal-space momentum-observer contact estimation for continuum robots with uncertainty analysis; MOB-generalization frontier,L3_learned_momentum_observer,2026-08-24T03:12:11+00:00,claude_fable_5_paper_reset_v2
357,doi:10.48550/arxiv.2402.02980,10.48550/arxiv.2402.02980,,"Review on Fault Diagnosis and Fault-Tolerant Control Scheme for Robotic Manipulators: Recent Advances in AI, Machine Learning, and Digital Twin",Md Muzakkir Quamar; Ali Nasir,2024,arXiv (Cornell University),other,L2_manipulator_actuator_sensor_fdi,8.832,true,INCLUDE_FULLTEXT,LINEAGE_QUOTA,2024 review of robot manipulator FD/FTC incl. AI/ML/digital twin; L2 landscape verification,L2_manipulator_actuator_sensor_fdi,2026-08-24T03:12:11+00:00,claude_fable_5_paper_reset_v2
358,doi:10.3390/s22051917,10.3390/s22051917,,Current Only-Based Fault Diagnosis Method for Industrial Robot Control Cables,Heonkook Kim; Hojin Lee; Sang Woo Kim,2022,Sensors,MDPI,L_killer_precision,8.827,true,INCLUDE_BACKGROUND,VENUE_EXCLUDED_MDPI,Current-only novelty-detection FD for robot control cables (Sensors),L2_manipulator_actuator_sensor_fdi,2026-08-24T03:12:11+00:00,claude_fable_5_paper_reset_v2
359,doi:10.32604/iasc.2023.029210,10.32604/iasc.2023.029210,,Fault Diagnosis in Robot Manipulators Using SVM and KNN,D. Maincer; Youcef Benmahamed; M. Mansour; Mosleh M. Alharthi; Sherif S. M. Ghonein,2022,Intelligent Automation & Soft Computing,other,L4_structured_chain_graph_dynamics,8.797,true,INCLUDE_BACKGROUND,CONTEXT_RELEVANT,"SVM/KNN sensor-fault classification on manipulator; classical baseline reference, weak venue",L2_manipulator_actuator_sensor_fdi,2026-08-24T03:12:11+00:00,claude_fable_5_paper_reset_v2
360,doi:10.1109/tii.2025.3538135,10.1109/tii.2025.3538135,,CoUDA: Continual Unsupervised Domain Adaptation for Industrial Fault Diagnosis Under Dynamic Working Conditions,Bojian Chen; Xinmin Zhang; Changqing Shen; Qi Li; Zhihuan Song,2025,IEEE Transactions on Industrial Informatics,C,L10_cross_robot_few_shot,8.743,true,INCLUDE_FULLTEXT,LINEAGE_QUOTA,CoUDA continual unsupervised domain adaptation for FD under dynamic working conditions (TII25); L10 condition-shift frontier,L10_cross_robot_few_shot,2026-08-24T03:12:11+00:00,claude_fable_5_paper_reset_v2
361,doi:10.3390/aerospace10090778,10.3390/aerospace10090778,,Space Manipulator Collision Avoidance Using a Deep Reinforcement Learning Control,James Blaise; Michael C. F. Bazzocchi,2023,Aerospace,MDPI,L6_contact_collision_localization; L_recent_2025_2026,8.7,true,EXCLUDE,NOT_FAULT_ANOMALY_TOPIC,DRL collision avoidance for space manipulator,,2026-08-24T03:12:11+00:00,claude_fable_5_paper_reset_v2
362,doi:10.1109/access.2024.3380842,10.1109/access.2024.3380842,,Research on Fault Diagnosis of Robot Arm With Dynamic Simulation and Domain Adaptation,Gang Wang; Ting Zhang,2024,IEEE Access,other,L10_cross_robot_few_shot,8.668,true,INCLUDE_FULLTEXT,LINEAGE_QUOTA,Sim-to-real domain adaptation for robot-arm FD from dynamic simulation (Access24); L10 sim2real transfer,L10_cross_robot_few_shot,2026-08-24T03:12:11+00:00,claude_fable_5_paper_reset_v2
363,doi:10.1109/access.2025.3620386,10.1109/access.2025.3620386,,Few-Shot Fault Diagnosis for Industrial Robot Transmission Systems via a Prototypical Time-Frequency Mixer,Danyi Wang; Tianyi Wang; Xiaoya Wang,2025,IEEE Access,other,L10_cross_robot_few_shot,8.659,true,INCLUDE_BACKGROUND,CONTEXT_RELEVANT,Prototypical time-frequency mixer few-shot FD for robot transmissions (Access),L10_cross_robot_few_shot,2026-08-24T03:12:11+00:00,claude_fable_5_paper_reset_v2
364,doi:10.1109/lra.2025.3550845,10.1109/lra.2025.3550845,,Multi-Contact Inertial Parameters Estimation and Localization in Legged Robots,Sergi Martinez; Robert Griffin; Carlos Mastalli,2025,IEEE Robotics and Automation Letters,R,L6_contact_collision_localization,8.659,true,INCLUDE_BACKGROUND,CONTEXT_RELEVANT,Multi-contact inertial estimation/localization on legged robots (RAL25),L6_contact_collision_localization,2026-08-24T03:12:11+00:00,claude_fable_5_paper_reset_v2
365,doi:10.1016/j.automatica.2022.110294,10.1016/j.automatica.2022.110294,,Stable robot manipulator parameter identification: A closed-loop input error approach,Adolfo Perrusquía; Ruben Garrido; Wen Yu,2022,Automatica,C,L2_manipulator_actuator_sensor_fdi,8.616,false,INCLUDE_BACKGROUND,CONTEXT_RELEVANT,Closed-loop input-error manipulator parameter identification (Automatica); healthy-dynamics grounding,L4_structured_chain_graph_dynamics,2026-08-24T03:12:11+00:00,claude_fable_5_paper_reset_v2
366,doi:10.1109/lra.2024.3371254,10.1109/lra.2024.3371254,,Graph Neural Network for Decentralized Multi-Robot Goal Assignment,Manohari Goarin; Giuseppe Loianno,2024,IEEE Robotics and Automation Letters,R,L4_structured_chain_graph_dynamics,8.598,true,EXCLUDE,NOT_FAULT_ANOMALY_TOPIC,GNN goal assignment,,2026-08-24T03:12:11+00:00,claude_fable_5_paper_reset_v2
367,doi:10.3390/s23010523,10.3390/s23010523,,A Self-Collision Detection Algorithm of a Dual-Manipulator System Based on GJK and Deep Learning,Di Wu; Zhi Yu; Alimasi Adili; Fanchen Zhao,2023,Sensors,MDPI,L_killer_precision,8.583,true,EXCLUDE,NOT_FAULT_ANOMALY_TOPIC,GJK+DL geometric self-collision checking,,2026-08-24T03:12:11+00:00,claude_fable_5_paper_reset_v2
368,doi:10.1109/icra48506.2021.9562058,10.1109/icra48506.2021.9562058,,Contact Localization for Robot Arms in Motion without Torque Sensing,Jacky Liang; Oliver Kroemer,2021,2021 IEEE International Conference on Robotics and Automation (ICRA),R,L6_contact_collision_localization,8.575,true,INCLUDE_PRIORITY,DIRECT_NEIGHBOR_CANDIDATE,Contact localization for arms in motion without torque sensing (ICRA21); proprioceptive-only L6 line,L6_contact_collision_localization,2026-08-24T03:12:11+00:00,claude_fable_5_paper_reset_v2
369,doi:10.1109/lra.2023.3284371,10.1109/lra.2023.3284371,,Aim-Aware Collision Monitoring: Discriminating Between Expected and Unexpected Post-Impact Behaviors,Benn Proper; Alexander Kurdas; Saeed Abdolshah; Sami Haddadin; Alessandro Saccon,2023,IEEE Robotics and Automation Letters,R,L3_learned_momentum_observer,8.575,true,INCLUDE_PRIORITY,DIRECT_NEIGHBOR_CANDIDATE,Aim-aware monitoring discriminating expected vs unexpected post-impact behavior (RAL23); the intended-contact-vs-anomaly discrimination question,L6_contact_collision_localization,2026-08-24T03:12:11+00:00,claude_fable_5_paper_reset_v2
370,doi:10.1109/lra.2023.3313926,10.1109/lra.2023.3313926,,Polytope-based Continuous Scalar Performance Measure with Analytical Gradient for Effective Robot Manipulation,Keerthi Sagar; Stéphane Caro; Takn Padr; Philip Long,2023,IEEE Robotics and Automation Letters,R,L6_contact_collision_localization,8.575,true,EXCLUDE,NOT_FAULT_ANOMALY_TOPIC,Kinetostatic performance index,,2026-08-24T03:12:11+00:00,claude_fable_5_paper_reset_v2
371,doi:10.1109/tmech.2024.3359334,10.1109/tmech.2024.3359334,,"Advances in Flexible Robotic Manipulator Systems — Part II: Planning, Control, Applications, and Perspectives",Bai Li; Xinyuan Li; Hejia Gao; Fei–Yue Wang,2024,IEEE/ASME Transactions on Mechatronics,C,L2_manipulator_actuator_sensor_fdi,8.56,true,EXCLUDE,SURVEY_TANGENTIAL,Flexible-manipulator planning/control review,,2026-08-24T03:12:11+00:00,claude_fable_5_paper_reset_v2
372,doi:10.1007/978-981-96-3560-3_18,10.1007/978-981-96-3560-3_18,,Observer-Based Fault-Tolerant Control for Robot Manipulator with Actuator Faults,Jianbang Huang; Teng Cao; Baodi Guo; Zhaopeng Wang,2025,Lecture Notes in Electrical Engineering,other,L2_manipulator_actuator_sensor_fdi,8.5,false,EXCLUDE,OFF_TOPIC_OTHER,Observer FTC chapter,,2026-08-24T03:12:11+00:00,claude_fable_5_paper_reset_v2
373,doi:10.1007/s10514-023-10091-y,10.1007/s10514-023-10091-y,,Visuo-haptic object perception for robots: an overview,Nicolás Navarro-Guerrero; Sibel Toprak; Josip Josifovski; Lorenzo Jamone,2023,Autonomous Robots,other,L_killer_precision,8.5,true,EXCLUDE,SURVEY_TANGENTIAL,Visuo-haptic perception overview,,2026-08-24T03:12:11+00:00,claude_fable_5_paper_reset_v2
374,doi:10.1007/s11263-020-01400-4,10.1007/s11263-020-01400-4,,The MVTec Anomaly Detection Dataset: A Comprehensive Real-World Dataset for Unsupervised Anomaly Detection,Paul Bergmann; Kilian Batzner; Michael Fauser; David Sattlegger; Carsten Steger,2021,International Journal of Computer Vision,other,L8_public_benchmarks_transfer; L_recent_2025_2026,8.5,true,INCLUDE_BACKGROUND,CONTEXT_RELEVANT,MVTec AD dataset (IJCV); benchmark-design reference from visual AD,L8_public_benchmarks_transfer,2026-08-24T03:12:11+00:00,claude_fable_5_paper_reset_v2
375,doi:10.1016/j.jmsy.2024.05.013,10.1016/j.jmsy.2024.05.013,,Robotised disassembly of electric vehicle batteries: A systematic literature review,Tero Kaarlela; Enrico Villagrossi; Alireza Rastegarpanah; Alberto San-Miguel; Tomi Pitkäaho,2024,Journal of Manufacturing Systems,other,L_killer_precision,8.5,true,EXCLUDE,SURVEY_TANGENTIAL,EV battery disassembly review,,2026-08-24T03:12:11+00:00,claude_fable_5_paper_reset_v2
376,doi:10.1016/j.robot.2026.105611,10.1016/j.robot.2026.105611,,Fault detection for serial robotic manipulators: A review,Thomas French; Patrick Kosierb; Yuandi Wu; Alex McCafferty-Leroux; S. Andrew Gadsden,2026,Robotics and Autonomous Systems,other,L8_public_benchmarks_transfer,8.5,true,INCLUDE_PRIORITY,DIRECT_NEIGHBOR_CANDIDATE,2026 RAS review: fault detection for serial robotic manipulators — the field's newest dedicated review; primary coverage-verification anchor,L2_manipulator_actuator_sensor_fdi,2026-08-24T03:12:11+00:00,claude_fable_5_paper_reset_v2
377,doi:10.1038/s41467-021-21880-3,10.1038/s41467-021-21880-3,,Molecular correlates of muscle spindle and Golgi tendon organ afferents,Katherine Oliver; Danny Florez-Paz; Tudor C. Badea; George Z. Mentis; Vilas Menon; Joriene C. de Nooij,2021,Nature Communications,S,L6_contact_collision_localization,8.5,true,EXCLUDE,NOT_ROBOT_DOMAIN,Proprioceptor molecular biology,,2026-08-24T03:12:11+00:00,claude_fable_5_paper_reset_v2
378,doi:10.1038/s41598-026-57474-6,10.1038/s41598-026-57474-6,,A self-orchestrating physics-discovering neural architecture for adaptive and fault-resilient robotic motion control via RPA and digital twins,Daksh Singla; G. Logeswari; K. Tamilarasi; J. Deepika Roselind,2026,Scientific Reports,other,L8_public_benchmarks_transfer,8.5,true,INCLUDE_BACKGROUND,CONTEXT_RELEVANT,"PINN+RPA+digital-twin 'fault-resilient' motion control (Sci Rep 2026); inflated framing, verify only if cited",L4_structured_chain_graph_dynamics,2026-08-24T03:12:11+00:00,claude_fable_5_paper_reset_v2
379,doi:10.1109/lsens.2026.3656499,10.1109/lsens.2026.3656499,,CatBoost-Driven Anomaly Detection in Industrial Robotic Arms Using CASPER Dataset,Priyanshu Doshi; Neal Daftary; Hetavi Jani; Anuja Nair,2026,IEEE Sensors Letters,other,L8_public_benchmarks_transfer,8.5,false,INCLUDE_FULLTEXT,DATASET_OR_CODE_PAPER,CatBoost AD on 'CASPER' industrial robot-arm dataset (Sens. Lett. 2026); unknown public dataset — must identify CASPER,L8_public_benchmarks_transfer,2026-08-24T03:12:11+00:00,claude_fable_5_paper_reset_v2
380,doi:10.1109/msmc.2026.3672269,10.1109/msmc.2026.3672269,,A Dynamic Gradient Modulated Barrier Neural Network for Collision Avoidance of Mobile Dual-Manipulator Humanoid Robot,Zhijun Zhang; Chenke Huang; Zhongwen Cao,2026,"IEEE Systems, Man, and Cybernetics Magazine",other,L4_structured_chain_graph_dynamics; L_recent_2025_2026,8.5,true,EXCLUDE,NOT_FAULT_ANOMALY_TOPIC,Barrier NN collision avoidance for humanoid,,2026-08-24T03:12:11+00:00,claude_fable_5_paper_reset_v2
381,doi:10.1109/tii.2021.3103412,10.1109/tii.2021.3103412,,Simulation-Driven Domain Adaptation for Rolling Element Bearing Fault Diagnosis,Chenyu Liu; Konstantinos Gryllias,2022,IEEE Transactions on Industrial Informatics,C,L10_cross_robot_few_shot,8.5,true,INCLUDE_FULLTEXT,METHOD_RELEVANT,Simulation-driven domain adaptation for FD (TII22); physics-sim-to-real transfer concept relevant to any sim-grounded story,L10_cross_robot_few_shot,2026-08-24T03:12:11+00:00,claude_fable_5_paper_reset_v2
382,doi:10.1109/tii.2023.3268750,10.1109/tii.2023.3268750,,Gaussian Mixture Variational-Based Transformer Domain Adaptation Fault Diagnosis Method and Its Application in Bearing Fault Diagnosis,Yiyao An; Ke Zhang; Yi Chai; Zhiqin Zhu; Qie Liu,2024,IEEE Transactions on Industrial Informatics,C,L10_cross_robot_few_shot,8.5,true,INCLUDE_BACKGROUND,CONTEXT_RELEVANT,GMVTDA transformer DA bearing FD (TII),L10_cross_robot_few_shot,2026-08-24T03:12:11+00:00,claude_fable_5_paper_reset_v2
383,doi:10.1109/tmech.2023.3292969,10.1109/tmech.2023.3292969,,Semisupervised Subdomain Adaptation Graph Convolutional Network for Fault Transfer Diagnosis of Rotating Machinery Under Time-Varying Speeds,Pengfei Liang; Leitao Xu; Han Shuai; Xiaoming Yuan; Bin Wang; Lijie Zhang,2024,IEEE/ASME transactions on mechatronics,C,L10_cross_robot_few_shot,8.5,true,INCLUDE_BACKGROUND,CONTEXT_RELEVANT,Subdomain-adaptation GCN under time-varying speeds (TMech),L10_cross_robot_few_shot,2026-08-24T03:12:11+00:00,claude_fable_5_paper_reset_v2
384,doi:10.1201/9781003463559-5,10.1201/9781003463559-5,,Deep Learning for Anomaly Detection in IoT Time Series,Jiange Jiang; Chen Chen,2025,Advanced Techniques for Anomaly Detection,other,L4_structured_chain_graph_dynamics; L7_mtsad_context_ood_sequential,8.5,true,EXCLUDE,NOT_ROBOT_DOMAIN,IoT TSAD book chapter,,2026-08-24T03:12:11+00:00,claude_fable_5_paper_reset_v2
385,doi:10.14293/pr2199.002355.v1,10.14293/pr2199.002355.v1,,Context-Aware AI Models for Anomaly Detection in Encrypted 5G and IoT Networks,Betty Heleen,2025,,other,L5_lie_geometry_equivariant; L7_mtsad_context_ood_sequential,8.5,true,EXCLUDE,NOT_ROBOT_DOMAIN,Encrypted-network AD,,2026-08-24T03:12:11+00:00,claude_fable_5_paper_reset_v2
386,doi:10.21203/rs.3.rs-8561264/v1,10.21203/rs.3.rs-8561264/v1,,Dynamic Event-Triggered Fault-Tolerant Control for a Delayed Flexible Manipulator With Actuator Failures,Qian Qiu; Yun Liu; Chunbin Qin,2026,,other,L2_manipulator_actuator_sensor_fdi,8.5,false,EXCLUDE,OFF_TOPIC_OTHER,Event-triggered FTC stub,,2026-08-24T03:12:11+00:00,claude_fable_5_paper_reset_v2
387,doi:10.2139/ssrn.6506798,10.2139/ssrn.6506798,,Singularity and Collision Avoidance in Robotic Manufacturing via Augmented Manipulator and Barrier Functions,Felice Andrea Pellegrino; Erica Salvato; Walter Vanzella,2026,,other,L6_contact_collision_localization,8.5,false,EXCLUDE,NOT_FAULT_ANOMALY_TOPIC,Barrier-function singularity/collision avoidance stub,,2026-08-24T03:12:11+00:00,claude_fable_5_paper_reset_v2
388,doi:10.2139/ssrn.7052241,10.2139/ssrn.7052241,,Robotic Vision-based Tram Wheel Surface Defect Detection with Profile-Guided Multi-View Anomaly Detection,Sangyup Lee; Jin Choi; Naeun Lee; Hyeonbin Kim; Janghun Hyeon,2026,,other,L8_public_benchmarks_transfer,8.5,false,EXCLUDE,NOT_ROBOT_DOMAIN,Tram-wheel surface defect stub,,2026-08-24T03:12:11+00:00,claude_fable_5_paper_reset_v2
389,doi:10.3390/electronics12102323,10.3390/electronics12102323,,DC-YOLOv8: Small-Size Object Detection Algorithm Based on Camera Sensor,Haitong Lou; Xuehu Duan; Junmei Guo; Haiying Liu; Jason Gu; Lingyun Bi; Haonan Chen,2023,Electronics,MDPI,L7_mtsad_context_ood_sequential; L8_public_benchmarks_transfer,8.5,true,EXCLUDE,NOT_ROBOT_DOMAIN,YOLO variant (MDPI),,2026-08-24T03:12:11+00:00,claude_fable_5_paper_reset_v2
390,doi:10.37934/spaset.1.1.7683a,10.37934/spaset.1.1.7683a,,Computer-Based FTC System for Flexible Robot Manipulator System under Actuator and Sensor Faults,Siti Fadilah Abd Latip; Abd Rashid Husain; Mohd Ariffanan Mohd Basri,2025,Semarak Proceedings of Applied Sciences and Engineering Technology,other,L2_manipulator_actuator_sensor_fdi,8.5,true,EXCLUDE,OFF_TOPIC_OTHER,"FTC simulation, weak venue",,2026-08-24T03:12:11+00:00,claude_fable_5_paper_reset_v2
391,doi:10.5220/0014238500004052,10.5220/0014238500004052,,Context-Aware Autoencoders for Anomaly Detection in Maritime Surveillance,Divya Acharya; Pierre Bernabé; Antoine Chevrot; Helge Spieker; Arnaud Gotlieb; Bruno Legeard,2026,Proceedings of the 18th International Conference on Agents and Artificial Intelligence,other,L5_lie_geometry_equivariant; L7_mtsad_context_ood_sequential,8.5,false,EXCLUDE,NOT_ROBOT_DOMAIN,Maritime surveillance AE,,2026-08-24T03:12:11+00:00,claude_fable_5_paper_reset_v2
392,doi:10.5220/0014253200004084,10.5220/0014253200004084,,Anomaly Detection Using a Lite PatchCore for Mobile Robotic Industrial Application,Lelio Lardon; Vincente H. Guis; Eric Busvelle,2026,Proceedings of the 21st International Conference on Computer Vision Theory and Applications,other,L8_public_benchmarks_transfer,8.5,true,EXCLUDE,WRONG_OBJECT,Lite PatchCore visual AD on mobile platform,,2026-08-24T03:12:11+00:00,claude_fable_5_paper_reset_v2
393,tay:coffail a dataset of successful and anomalous robot skill executions in the context of coffee preparation|mitrevski|2026,,,COFFAIL: A Dataset of Successful and Anomalous Robot Skill Executions in the Context of Coffee Preparation,Alex Mitrevski; Ayush Salunke,2026,arXiv (Cornell University),other,L8_public_benchmarks_transfer,8.5,false,INCLUDE_PRIORITY,DATASET_OR_CODE_PAPER,COFFAIL (2026): new dataset of successful+anomalous robot skill executions; expands public robot-AD data landscape,L8_public_benchmarks_transfer,2026-08-24T03:12:11+00:00,claude_fable_5_paper_reset_v2
394,doi:10.1109/tii.2025.3598445,10.1109/tii.2025.3598445,,Source-Free Domain Adaptation for Open-Set Cross-Domain Fault Diagnosis,Jilun Tian; Hao Luo; Shimeng Wu; Pengfei Yan; Jiusi Zhang,2025,IEEE Transactions on Industrial Informatics,C,L10_cross_robot_few_shot,8.478,true,INCLUDE_FULLTEXT,METHOD_RELEVANT,Source-free open-set cross-domain FD (TII25); unknown-fault vs domain-shift discrimination — close to our fault-vs-context question,L10_cross_robot_few_shot,2026-08-24T03:12:11+00:00,claude_fable_5_paper_reset_v2
395,doi:10.1038/s41467-021-22570-w,10.1038/s41467-021-22570-w,,The VRNetzer platform enables interactive network analysis in Virtual Reality,Sebastian Pirch; Felix Müller; Eugenia Iofinova; Júlia Pázmándi; Christiane V. R. Hütter; Martin Chiettini; Celine Sin; Kaan Boztuǧ; Iana Podkosova; Hannes Kaufmann; Jörg Menche,2021,Nature Communications,S,L6_contact_collision_localization,8.476,true,EXCLUDE,NOT_ROBOT_DOMAIN,VR network visualization,,2026-08-24T03:12:11+00:00,claude_fable_5_paper_reset_v2
396,doi:10.1007/978-3-031-31066-9_62,10.1007/978-3-031-31066-9_62,,Anomaly Detection and Classification in Agricultural Produce Using Image Processing and CNN Assisted by a Robotic Arm,Varsha Viswanathan; Supraajha Murali; Venkatakrishnan Veeraraghavan,2023,Lecture Notes in Networks and Systems,other,L8_public_benchmarks_transfer,8.416,false,EXCLUDE,NOT_ROBOT_DOMAIN,Agricultural produce CNN chapter,,2026-08-24T03:12:11+00:00,claude_fable_5_paper_reset_v2
397,doi:10.1088/2631-8695/adb5d9,10.1088/2631-8695/adb5d9,,Reinforced subdomain-adversarial generalization network for multi-source fault diagnosis in industrial robotic joint reducers,Qing Yan; Bin Xu,2025,Engineering Research Express,other,L10_cross_robot_few_shot,8.416,true,INCLUDE_BACKGROUND,CONTEXT_RELEVANT,Multi-source domain generalization for robot joint reducers (ERX); weak venue,L10_cross_robot_few_shot,2026-08-24T03:12:11+00:00,claude_fable_5_paper_reset_v2
398,doi:10.1109/lra.2026.3692080,10.1109/lra.2026.3692080,,A Model-Based Visual Contact Localization and Force Sensing System for Compliant Robotic Grippers,Kaiwen Zuo; Shuyuan Yang; Zonghe Chua,2026,IEEE Robotics and Automation Letters,R,L6_contact_collision_localization,8.416,true,INCLUDE_BACKGROUND,CONTEXT_RELEVANT,Visual contact localization/force sensing for compliant grippers (RAL26),L6_contact_collision_localization,2026-08-24T03:12:11+00:00,claude_fable_5_paper_reset_v2
399,doi:10.1109/tro.2025.3588455,10.1109/tro.2025.3588455,,Baseline Policy Adapting and Abstraction of Shared Autonomy for High-Level Robot Operations,Ehsan Yousefi; Mo Chen; Inna Sharf,2025,IEEE Transactions on Robotics,R,L8_public_benchmarks_transfer,8.416,true,EXCLUDE,NOT_FAULT_ANOMALY_TOPIC,Shared-autonomy framework,,2026-08-24T03:12:11+00:00,claude_fable_5_paper_reset_v2
400,doi:10.23919/ascc56756.2022.9828138,10.23919/ascc56756.2022.9828138,,Prescribed performance adaptive fault-tolerant control for a manipulator,Duc Thien Tran; Thien Quang Nguyen,2022,2022 13th Asian Control Conference (ASCC),other,L2_manipulator_actuator_sensor_fdi,8.416,true,EXCLUDE,OFF_TOPIC_OTHER,Prescribed-performance FTC,,2026-08-24T03:12:11+00:00,claude_fable_5_paper_reset_v2
401,doi:10.1007/s10846-021-01312-6,10.1007/s10846-021-01312-6,,Endowing Robots with Longer-term Autonomy by Recovering from External Disturbances in Manipulation Through Grounded Anomaly Classification and Recovery Policies,Shuangqi Luo; Hongmin Wu; Shuangda Duan; Yijiong Lin; Juan Rojas,2021,Journal of Intelligent & Robotic Systems,other,L9_foundation_multimodal,8.382,true,INCLUDE_FULLTEXT,LINEAGE_QUOTA,"Grounded anomaly classification + recovery policies in manipulation (JINT21, introspection line); L7 robot-AD with recovery",L7_mtsad_context_ood_sequential,2026-08-24T03:12:11+00:00,claude_fable_5_paper_reset_v2
402,doi:10.1016/j.ymssp.2023.111022,10.1016/j.ymssp.2023.111022,,Non-contact sensing for anomaly detection in wind turbine blades: A focus-SVDD with complex-valued auto-encoder approach,Gaëtan Frusque; Daniel Mitchell; Jamie Blanche; David Flynn; Olga Fink,2023,Mechanical Systems and Signal Processing,C,L8_public_benchmarks_transfer,8.381,true,EXCLUDE,PROCESS_MACHINERY_ONLY,Wind-turbine blade inspection SVDD,,2026-08-24T03:12:11+00:00,claude_fable_5_paper_reset_v2
403,doi:10.1109/tii.2022.3229130,10.1109/tii.2022.3229130,,Intelligent Fault Diagnosis With Noisy Labels via Semisupervised Learning on Industrial Time Series,Cheng Cheng; Xiaoyu Liu; Beitong Zhou; Ye Yuan,2023,IEEE Transactions on Industrial Informatics,C,L10_cross_robot_few_shot,8.359,true,EXCLUDE,PROCESS_MACHINERY_ONLY,Noisy-label semisupervised FD on generic industrial TS,,2026-08-24T03:12:11+00:00,claude_fable_5_paper_reset_v2
404,doi:10.1109/iros55552.2023.10341897,10.1109/iros55552.2023.10341897,,Multiple-Contact Estimation for Tendon-Driven Continuum Robots with Proprioceptive Sensor Information by Contact Particle Filter and Kinetostatic Models,Tim-David Job; Martin Bensch; Moritz Schappler,2023,2023 IEEE/RSJ International Conference on Intelligent Robots and Systems (IROS),R,L6_contact_collision_localization,8.332,true,INCLUDE_BACKGROUND,CONTEXT_RELEVANT,Contact particle filter for tendon-driven continuum robots,L6_contact_collision_localization,2026-08-24T03:12:11+00:00,claude_fable_5_paper_reset_v2
405,doi:10.1109/lra.2024.3519857,10.1109/lra.2024.3519857,,Experimental Validation of Sensitivity-Aware Trajectory Planning for a Redundant Robotic Manipulator Under Payload Uncertainty,Ali Srour; Antonio Franchi; Paolo Robuffo Giordano; Marco Cognetti,2024,IEEE Robotics and Automation Letters,R,L3_learned_momentum_observer,8.332,true,EXCLUDE,NOT_FAULT_ANOMALY_TOPIC,Sensitivity-aware trajectory planning under payload uncertainty; control-side robustness,,2026-08-24T03:12:11+00:00,claude_fable_5_paper_reset_v2
406,doi:10.3389/frobt.2024.1504651,10.3389/frobt.2024.1504651,,Versatile graceful degradation framework for bio-inspired proprioception with redundant soft sensors,Taku Sugiyama; Kyo Kutsuzawa; Dai Owaki; Elijah Almanzor; Fumiya Iida; Mitsuhiro Hayashibe,2025,Frontiers in Robotics and AI,other,L5_lie_geometry_equivariant,8.332,true,INCLUDE_BACKGROUND,CONTEXT_RELEVANT,Graceful degradation with redundant soft sensors; sensor-fault tolerance in soft proprioception,L2_manipulator_actuator_sensor_fdi,2026-08-24T03:12:11+00:00,claude_fable_5_paper_reset_v2
407,doi:10.3390/electronics15030628,10.3390/electronics15030628,,SCAT: A Spectral-Convolutional Anomaly Transformer for Multivariate Time Series Anomaly Detection,Shuqin Zhang; Shaoqiang Chen; Jun Li,2026,Electronics,MDPI,L7_mtsad_context_ood_sequential; L8_public_benchmarks_transfer,8.332,true,INCLUDE_BACKGROUND,VENUE_EXCLUDED_MDPI,SCAT spectral-conv transformer MTSAD (Electronics),L7_mtsad_context_ood_sequential,2026-08-24T03:12:11+00:00,claude_fable_5_paper_reset_v2
408,doi:10.1109/access.2021.3055619,10.1109/access.2021.3055619,,Mode-Dependent Event-Triggered Fault Detection for Nonlinear Semi-Markov Jump Systems With Quantization: Application to Robotic Manipulator,Yidao Ji; Chenan Wang; Wei Wu,2021,IEEE Access,other,L5_lie_geometry_equivariant,8.318,true,INCLUDE_BACKGROUND,CONTEXT_RELEVANT,Semi-Markov jump event-triggered FD filter with manipulator example; theory-side,L2_manipulator_actuator_sensor_fdi,2026-08-24T03:12:11+00:00,claude_fable_5_paper_reset_v2
409,doi:10.3390/app112110403,10.3390/app112110403,,A Combined Anomaly and Trend Detection System for Industrial Robot Gear Condition Monitoring,Corbinian Nentwich; Gunther Reinhart,2021,Applied Sciences,MDPI,L_killer_precision,8.318,true,INCLUDE_BACKGROUND,VENUE_EXCLUDED_MDPI,Anomaly+trend industrial robot gear monitoring system (ApplSci),L2_manipulator_actuator_sensor_fdi,2026-08-24T03:12:11+00:00,claude_fable_5_paper_reset_v2
410,doi:10.1109/lra.2022.3180428,10.1109/lra.2022.3180428,,Augmented Neural Network for Full Robot Kinematic Modelling in SE(3),Francesco Cursi; Weibang Bai; Weiyi Li; Eric M. Yeatman; Petar Kormushev,2022,IEEE Robotics and Automation Letters,R,L4_structured_chain_graph_dynamics,8.297,true,INCLUDE_FULLTEXT,LINEAGE_QUOTA,Augmented NN for full kinematic modelling in SE(3) (RAL22); geometry-structured model learning for L5,L5_lie_geometry_equivariant,2026-08-24T03:12:11+00:00,claude_fable_5_paper_reset_v2
411,doi:10.1109/lra.2021.3065271,10.1109/lra.2021.3065271,,Uncertainty-Aware Contact-Safe Model-Based Reinforcement Learning,Cheng-Yu Kuo; Andreas Schaarschmidt; Yunduan Cui; Tamim Asfour; Takamitsu Matsubara,2021,IEEE Robotics and Automation Letters,R,L3_learned_momentum_observer,8.267,true,INCLUDE_BACKGROUND,CONTEXT_RELEVANT,Uncertainty-aware contact-safe MBRL (RAL21),L6_contact_collision_localization,2026-08-24T03:12:11+00:00,claude_fable_5_paper_reset_v2
412,doi:10.1016/j.aei.2024.102910,10.1016/j.aei.2024.102910,,Multidomain neural process model based on source attention for industrial robot anomaly detection,Bo Yang; Yuhang Huang; Jian Jiao; Wenlong Xu; Lei Liu; Keqiang Xie; Nan Dong,2024,Advanced Engineering Informatics,other,L9_foundation_multimodal,8.248,false,INCLUDE_FULLTEXT,LINEAGE_QUOTA,Multidomain neural process robot AD (AEI24) — published version of ssrn.4792062; read this one for L10,L10_cross_robot_few_shot,2026-08-24T03:12:11+00:00,claude_fable_5_paper_reset_v2
413,doi:10.1109/lra.2024.3433308,10.1109/lra.2024.3433308,,Gravity Compensation Method for Whole Body-Mounted Robot With Contact Force Distribution Sensor,Shinichi Masaoka; Yuki Funabora; Shinji Doki,2024,IEEE Robotics and Automation Letters,R,L6_contact_collision_localization,8.159,true,EXCLUDE,NOT_FAULT_ANOMALY_TOPIC,Wearable gravity compensation,,2026-08-24T03:12:11+00:00,claude_fable_5_paper_reset_v2
414,doi:10.1109/lra.2024.3479697,10.1109/lra.2024.3479697,,Kinetostatic Modeling of Retractable and Prismatic Spring Body for Continuum Climbing Robots in Discontinuous Terrains,Pengpeng Yang; Jialin Zang; Ge Jin; Junliang Long; Bo Huang; Jianwen Zhao,2024,IEEE Robotics and Automation Letters,R,L6_contact_collision_localization,8.159,true,EXCLUDE,NOT_FAULT_ANOMALY_TOPIC,Climbing-robot backbone kinetostatics,,2026-08-24T03:12:11+00:00,claude_fable_5_paper_reset_v2
415,doi:10.21468/scipostphys.12.1.045,10.21468/scipostphys.12.1.045,,Deep Set Auto Encoders for Anomaly Detection in Particle Physics,Bryan Ostdiek,2022,SciPost Physics,other,L_killer_precision,8.15,true,EXCLUDE,NOT_ROBOT_DOMAIN,Particle-physics anomaly search,,2026-08-24T03:12:11+00:00,claude_fable_5_paper_reset_v2
416,doi:10.1038/s41467-025-56125-0,10.1038/s41467-025-56125-0,,Syngap1 promotes cognitive function through regulation of cortical sensorimotor dynamics,Thomas Vaissière; Sheldon D. Michaelson; Thomas K. Creson; Jessie Goins; Daniel Fürth; Diána Balázsfi; Camilo Rojas; Randall M. Golovin; Konstantinos Meletis; Courtney A. Miller; Daniel H. O’Connor; Lorenzo Fontolan; Gavin Rumbaugh,2025,Nature Communications,S,L6_contact_collision_localization,8.083,true,EXCLUDE,NOT_ROBOT_DOMAIN,Mouse sensorimotor genetics,,2026-08-24T03:12:11+00:00,claude_fable_5_paper_reset_v2
417,doi:10.1109/tro.2024.3366818,10.1109/tro.2024.3366818,,Data-Driven Momentum Observers With Physically Consistent Gaussian Processes,Giulio Evangelisti; Sandra Hirche,2024,IEEE Transactions on Robotics,R,L3_learned_momentum_observer,8.083,true,INCLUDE_PRIORITY,KILLER_CANDIDATE,"Evangelisti-Hirche T-RO24: physically consistent GP + covariance-adaptive momentum observer; contract-listed killer (V1 card exists, re-audit under V2)",L3_learned_momentum_observer,2026-08-24T03:12:11+00:00,claude_fable_5_paper_reset_v2
418,doi:10.1088/2631-8695/ad3dae,10.1088/2631-8695/ad3dae,,Enhancing robotic manipulator fault detection with advanced machine learning techniques,Faiq Ahmad Khan; Akhtar Jamil; Shaiq Ahmad Khan; Alaa Ali Hameed,2024,Engineering Research Express,other,L5_lie_geometry_equivariant,8.075,true,INCLUDE_BACKGROUND,CONTEXT_RELEVANT,Motor-sound-based manipulator FD (ERX); audio modality,L2_manipulator_actuator_sensor_fdi,2026-08-24T03:12:11+00:00,claude_fable_5_paper_reset_v2
419,doi:10.1177/00368504211021192,10.1177/00368504211021192,,Comparison of deep learning-based methods in multimodal anomaly detection: A case study in human–robot collaboration,Lin Yang; Wu Yan; Hongmin Wu,2021,Science Progress,other,L9_foundation_multimodal,8.075,true,INCLUDE_FULLTEXT,LINEAGE_QUOTA,Comparison of DL multimodal AD methods in HRC (2021); L9 multimodal robot-AD quota,L9_foundation_multimodal,2026-08-24T03:12:11+00:00,claude_fable_5_paper_reset_v2
420,doi:10.1016/j.rcim.2021.102178,10.1016/j.rcim.2021.102178,,"Towards commissioning, resilience and added value of Augmented Reality in robotics: Overcoming technical obstacles to industrial applicability",Jens Lambrecht; Linh Kästner; Jan Guhl; Jörg Krüger,2021,Robotics and Computer-Integrated Manufacturing,other,L_killer_precision,8.06,true,EXCLUDE,NOT_FAULT_ANOMALY_TOPIC,AR commissioning for robotics,,2026-08-24T03:12:11+00:00,claude_fable_5_paper_reset_v2
421,doi:10.1007/s10489-023-04749-4,10.1007/s10489-023-04749-4,,A cross-domain intelligent fault diagnosis method based on deep subdomain adaptation for few-shot fault diagnosis,Bo Wang; Meng Zhang; Hao Xu; Chao Wang; Wenlong Yang,2023,Applied Intelligence,other,L_killer_precision,8.041,false,INCLUDE_BACKGROUND,CONTEXT_RELEVANT,"Subdomain-adaptation few-shot FD (Applied Intelligence); generic, L10 pool already rich",L10_cross_robot_few_shot,2026-08-24T03:12:11+00:00,claude_fable_5_paper_reset_v2
422,doi:10.1038/s41598-025-02111-x,10.1038/s41598-025-02111-x,,Real-time driver drowsiness detection using transformer architectures: a novel deep learning approach,Osama Farouk Hassan; Ahmed Farid Ibrahim; Ahmed Gomaa; Michel Makhlouf; B. Hafiz,2025,Scientific Reports,other,L_killer_precision,8.0,true,EXCLUDE,NOT_ROBOT_DOMAIN,Driver drowsiness detection,,2026-08-24T03:12:11+00:00,claude_fable_5_paper_reset_v2
423,doi:10.1093/oed/9429864802,10.1093/oed/9429864802,,"screwdriving, n.",,2023,Oxford English Dictionary,other,L8_public_benchmarks_transfer,8.0,false,EXCLUDE,OFF_TOPIC_OTHER,Dictionary entry,,2026-08-24T03:12:11+00:00,claude_fable_5_paper_reset_v2
424,doi:10.1109/cac63892.2024.10864846,10.1109/cac63892.2024.10864846,,A Gap Inference Neural Network for Efficient Collision Detection in Robotic Arm Path Planning,Changqing Huang; Yiming Jiang; Bo Chen; Hui Zhang; Sontao Yin; Weili Chen,2024,2024 China Automation Congress (CAC),other,L3_learned_momentum_observer,8.0,true,EXCLUDE,NOT_FAULT_ANOMALY_TOPIC,NN collision checking for path planning,,2026-08-24T03:12:11+00:00,claude_fable_5_paper_reset_v2
425,doi:10.1109/icra46639.2022.9811922,10.1109/icra46639.2022.9811922,,"The Design of Stretch: A Compact, Lightweight Mobile Manipulator for Indoor Human Environments",Charles C. Kemp; Aaron Edsinger; Henry Clever; Blaine Matulevich,2022,2022 International Conference on Robotics and Automation (ICRA),R,L7_mtsad_context_ood_sequential,8.0,true,EXCLUDE,NOT_FAULT_ANOMALY_TOPIC,Stretch platform design,,2026-08-24T03:12:11+00:00,claude_fable_5_paper_reset_v2
426,doi:10.1109/icra55743.2025.11127355,10.1109/icra55743.2025.11127355,2502.07133v1,Cross-platform Learning-based Fault Tolerant Surfacing Controller for Underwater Robots,Yuya Hamamatsu; Walid Remmas; Jaan Rebane; Maarja Kruusmaa; Asko Ristolainen,2025,arXiv,other,L10_cross_robot_few_shot,8.0,true,INCLUDE_BACKGROUND,CONTEXT_RELEVANT,"Cross-platform RL fault-tolerant surfacing for underwater robots; cross-platform-fault concept, wrong object",L10_cross_robot_few_shot,2026-08-24T03:12:11+00:00,claude_fable_5_paper_reset_v2
427,doi:10.1109/iros60139.2025.11245923,10.1109/iros60139.2025.11245923,,"Hybrid Data-Model-Driven External Force Estimation for Manipulators via Generalized Momentum-Based Third-Order Observer
                    <sup>*</sup>",Haohao Zhang; Yi Li; Yixin Wang; Chong Li; Xuhang Tian; Yulan Han; Zhongyi Ren,2025,2025 IEEE/RSJ International Conference on Intelligent Robots and Systems (IROS),R,L3_learned_momentum_observer,8.0,true,INCLUDE_PRIORITY,DIRECT_NEIGHBOR_CANDIDATE,IROS25 hybrid data-model external force estimation: MLP residual + 3rd-order momentum observer; core L3 learned-residual line,L3_learned_momentum_observer,2026-08-24T03:12:11+00:00,claude_fable_5_paper_reset_v2
428,doi:10.1109/lra.2024.3415931,10.1109/lra.2024.3415931,,Enhancing the LLM-Based Robot Manipulation Through Human-Robot Collaboration,Haokun Liu; Yaonan Zhu; Kenji Kato; Atsushi Tsukahara; Izumi Kondo; Tadayoshi Aoyama; Yasuhisa Hasegawa,2024,IEEE Robotics and Automation Letters,R,L7_mtsad_context_ood_sequential,8.0,true,EXCLUDE,NOT_FAULT_ANOMALY_TOPIC,LLM manipulation via HRC,,2026-08-24T03:12:11+00:00,claude_fable_5_paper_reset_v2
429,doi:10.1109/lra.2025.3595025,10.1109/lra.2025.3595025,,Real-Time Multi-Contact Estimation for Cable-Driven Serial Manipulator,Hongyang Cheng; Junbo Tan; Yanan Li; Xueqian Wang,2025,IEEE Robotics and Automation Letters,R,L6_contact_collision_localization,8.0,true,INCLUDE_BACKGROUND,CONTEXT_RELEVANT,Real-time multi-contact estimation for cable-driven serial manipulator (RAL25),L6_contact_collision_localization,2026-08-24T03:12:11+00:00,claude_fable_5_paper_reset_v2
430,doi:10.1109/lra.2025.3643265,10.1109/lra.2025.3643265,2506.04842v2,MineInsight: A Multi-sensor Dataset for Humanitarian Demining Robotics in Off-Road Environments,Mario Malizia; Charles Hamesse; Ken Hasselmann; Geert De Cubber; Nikolaos Tsiogkas; Eric Demeester; Rob Haelterman,2025,"IEEE Robotics and Automation Letters, vol. 11, no. 2, pp. 1650-1657, Feb. 2026",R,L8_public_benchmarks_transfer,8.0,true,EXCLUDE,WRONG_OBJECT,Demining multispectral dataset,,2026-08-24T03:12:11+00:00,claude_fable_5_paper_reset_v2
431,doi:10.1109/rcae56054.2022.9995833,10.1109/rcae56054.2022.9995833,,Anti-saturation Fault-tolerant Control of Multi-fault Reconfigurable Manipulator System with Uncertain Environment,Yadan Zhao; Tianhao Ma; Ziyao Song; Zhou Fan,2022,"2022 5th International Conference on Robotics, Control and Automation Engineering (RCAE)",other,L2_manipulator_actuator_sensor_fdi,8.0,true,EXCLUDE,OFF_TOPIC_OTHER,ADP anti-saturation FTC,,2026-08-24T03:12:11+00:00,claude_fable_5_paper_reset_v2
432,doi:10.1109/rcae56054.2022.9995899,10.1109/rcae56054.2022.9995899,,Event-triggered Decentralized Fault-tolerant Control for Multi-fault Modular Manipulator with Input Constraints,Ziyao Song; Tianhao Ma; Yadan Zhao; Fan Zhou,2022,"2022 5th International Conference on Robotics, Control and Automation Engineering (RCAE)",other,L2_manipulator_actuator_sensor_fdi,8.0,true,EXCLUDE,OFF_TOPIC_OTHER,Event-triggered decentralized FTC,,2026-08-24T03:12:11+00:00,claude_fable_5_paper_reset_v2
433,doi:10.1109/tmech.2024.3359067,10.1109/tmech.2024.3359067,,Advances in Flexible Robotic Manipulator Systems—Part I: Overview and Dynamics Modeling Methods,Bai Li; Xinyuan Li; Hejia Gao; Fei–Yue Wang,2024,IEEE/ASME Transactions on Mechatronics,C,L4_structured_chain_graph_dynamics,8.0,true,EXCLUDE,SURVEY_TANGENTIAL,Flexible-manipulator modeling review (Part I),,2026-08-24T03:12:11+00:00,claude_fable_5_paper_reset_v2
434,doi:10.1117/12.3066730,10.1117/12.3066730,,Fault diagnosis of industrial robot joints based on generative domain adaptation,Tong Zhang; Zukun Wang,2025,Second International Conference on Power Electronics and Artificial Intelligence (PEAI 2025),other,L10_cross_robot_few_shot,8.0,true,INCLUDE_BACKGROUND,CONTEXT_RELEVANT,Generative DA for robot-joint FD (SPIE conf),L10_cross_robot_few_shot,2026-08-24T03:12:11+00:00,claude_fable_5_paper_reset_v2
435,doi:10.1117/12.3114749,10.1117/12.3114749,,Fault diagnosis of industrial robot bearings under variable working conditions based on BEGGL-GCN method,Bingjun Yan; Yue Sun; Mingxu Gang; Bo Hu,2026,International Symposium on Evolutionary Algorithm and Intelligent Control,other,L10_cross_robot_few_shot,8.0,true,INCLUDE_BACKGROUND,CONTEXT_RELEVANT,GCN cross-condition robot-bearing FD (SPIE conf),L10_cross_robot_few_shot,2026-08-24T03:12:11+00:00,claude_fable_5_paper_reset_v2
436,doi:10.21203/rs.3.rs-349956/v1,10.21203/rs.3.rs-349956/v1,,A Novel Non-Collision Paths Planning Strategy For Multi-Manipulator Cooperate Manufacturing System,Chang Su; Xu Jianfeng,2021,,other,L6_contact_collision_localization,8.0,true,EXCLUDE,NOT_FAULT_ANOMALY_TOPIC,Multi-manipulator path planning stub,,2026-08-24T03:12:11+00:00,claude_fable_5_paper_reset_v2
437,doi:10.21203/rs.3.rs-3914271/v1,10.21203/rs.3.rs-3914271/v1,,MAD-CNN: High-Sensitivity and Robust Collision Detection for Robots with Variable Stiffness Actuation,Zhenwei Niu; Lyes Saad Saoud; Irfan Hussain,2024,Research Square,other,L3_learned_momentum_observer,8.0,false,INCLUDE_BACKGROUND,CONTEXT_RELEVANT,MAD-CNN collision detection for variable-stiffness actuators (RS preprint); check for published version,L6_contact_collision_localization,2026-08-24T03:12:11+00:00,claude_fable_5_paper_reset_v2
438,doi:10.2139/ssrn.4406086,10.2139/ssrn.4406086,,Hazards&amp;Robots: A Dataset for Visual Anomaly Detection in Robotics,Dario Mantegazza; Alind Xhyra; Luca  M. Gambardella; Alessandro Giusti; Jérôme Guzzi,2023,,other,L8_public_benchmarks_transfer,8.0,false,INCLUDE_BACKGROUND,DATASET_OR_CODE_PAPER,Hazards&Robots visual AD dataset; visual/mobile — dataset-landscape entry only,L8_public_benchmarks_transfer,2026-08-24T03:12:11+00:00,claude_fable_5_paper_reset_v2
439,doi:10.2139/ssrn.4600286,10.2139/ssrn.4600286,,Wiring Connector-Attached Cables Based on Manipulation Planning with Collision-Free Emd Net,Kimitoshi Yamazaki; Kyoto Nozaki; Yuichiro Matsuura; Solvi Arnold,2023,,other,L3_learned_momentum_observer,8.0,false,EXCLUDE,NOT_FAULT_ANOMALY_TOPIC,Cable-wiring manipulation planning stub,,2026-08-24T03:12:11+00:00,claude_fable_5_paper_reset_v2
440,doi:10.2139/ssrn.4670056,10.2139/ssrn.4670056,,Online Task Allocation and Scheduling in Multi-Manipulator System Considering Collision Constraints,Xinyu Qin; Zixuan Liao; Chao Liu; Zhenhua Xiong,2023,,other,L6_contact_collision_localization,8.0,false,EXCLUDE,NOT_FAULT_ANOMALY_TOPIC,Task allocation with collision constraints stub,,2026-08-24T03:12:11+00:00,claude_fable_5_paper_reset_v2
441,doi:10.2139/ssrn.4858660,10.2139/ssrn.4858660,,Artificial Intelligence Based Anomaly Detection and Trajectory Drift Adaptive Condition Monitoring for Industrial Collaborative Robots,Samuel Ayankoso; Fengshou Gu; Hassna Louadah; Hamidreza Fahham; Andrew D. Ball,2024,SSRN Electronic Journal,other,L8_public_benchmarks_transfer,8.0,false,INCLUDE_FULLTEXT,LINEAGE_QUOTA,"AD + trajectory-drift-adaptive condition monitoring for cobots (SSRN24); drift adaptation = context-shift topic, access to be attempted",L7_mtsad_context_ood_sequential,2026-08-24T03:12:11+00:00,claude_fable_5_paper_reset_v2
442,doi:10.2139/ssrn.4926745,10.2139/ssrn.4926745,,Forecasting Building Operation Dynamics Using a Physics-Informed Spatio-Temporal Graph Neural Network (Pistgnn) Ensemble,Jongseo Lee; Sungzoon Cho,2024,,other,L4_structured_chain_graph_dynamics; L5_lie_geometry_equivariant,8.0,false,EXCLUDE,NOT_ROBOT_DOMAIN,Building-dynamics GNN stub,,2026-08-24T03:12:11+00:00,claude_fable_5_paper_reset_v2
443,doi:10.23919/ccc63176.2024.10662091,10.23919/ccc63176.2024.10662091,,Fault Tolerant Control Based on GA-DRE for a Manipulator with Actuator Fault,Jiongzhi Qiu; Yiming Fang; Donliang Zhao; Le Liu; Nuan Shao,2024,2024 43rd Chinese Control Conference (CCC),other,L2_manipulator_actuator_sensor_fdi,8.0,true,EXCLUDE,OFF_TOPIC_OTHER,GA-DRE FTC,,2026-08-24T03:12:11+00:00,claude_fable_5_paper_reset_v2
444,doi:10.23919/ccc63176.2024.10662426,10.23919/ccc63176.2024.10662426,,Trajectory tracking control for 3-DOF Manipulator with actuator fault,Wenqing Xu; Fangzhou Fu; Qingxi Hu,2024,2024 43rd Chinese Control Conference (CCC),other,L2_manipulator_actuator_sensor_fdi,8.0,true,EXCLUDE,OFF_TOPIC_OTHER,FTC tracking control,,2026-08-24T03:12:11+00:00,claude_fable_5_paper_reset_v2
445,doi:10.32388/8obi2s,10.32388/8obi2s,,"Review of: ""Fault-tolerant scheme for robotic manipulator—Nonlinear robust back-stepping control with friction compensation""",Mohammad javad Fotuhi,2021,,other,L2_manipulator_actuator_sensor_fdi,8.0,false,EXCLUDE,OFF_TOPIC_OTHER,Qeios review artifact,,2026-08-24T03:12:11+00:00,claude_fable_5_paper_reset_v2
446,doi:10.48550/arxiv.2310.02573,10.48550/arxiv.2310.02573,,Robust Collision Detection for Robots with Variable Stiffness Actuation by Using MAD-CNN: Modularized-Attention-Dilated Convolutional Neural Network,Zhenwei Niu; Lyes Saad Saoud; Irfan Hussain,2023,arXiv (Cornell University),other,L3_learned_momentum_observer,8.0,true,INCLUDE_FULLTEXT,LINEAGE_QUOTA,MAD-CNN modularized-attention-dilated CNN collision detection for variable-stiffness robots; L6 learning-based line (published form of RS stub),L6_contact_collision_localization,2026-08-24T03:12:11+00:00,claude_fable_5_paper_reset_v2
447,doi:10.48550/arxiv.2310.14063,10.48550/arxiv.2310.14063,,Concept-based Anomaly Detection in Retail Stores for Automatic Correction using Mobile Robots,Aditya Kapoor; Vartika Sengar; Nijil George; Vighnesh Vatsal; Jayavardhana Gubbi; P Balamuralidhar; Arpan Pal,2023,arXiv (Cornell University),other,L8_public_benchmarks_transfer,8.0,true,EXCLUDE,WRONG_OBJECT,Retail planogram AD with mobile robots,,2026-08-24T03:12:11+00:00,claude_fable_5_paper_reset_v2
448,tay:sensor fault detection and compensation with performance prescription for robotic manipulators|ebrahimi|2023,,2305.19157v2,Sensor Fault Detection and Compensation with Performance Prescription for Robotic Manipulators,S. Mohammadreza Ebrahimi; Farid Norouzi; Hossein Dastres; Reza Faieghi; Mehdi Naderi; Milad Malekzadeh,2023,arXiv,other,L2_manipulator_actuator_sensor_fdi,8.0,true,INCLUDE_BACKGROUND,CONTEXT_RELEVANT,Adaptive-observer sensor FD + compensation; control-flavored,L2_manipulator_actuator_sensor_fdi,2026-08-24T03:12:11+00:00,claude_fable_5_paper_reset_v2
449,tay:smart driver monitoring robotic system to enhance road safety a comprehensive review|riya|2024,,2401.15762v1,Smart Driver Monitoring Robotic System to Enhance Road Safety : A Comprehensive Review,Farhin Farhad Riya; Shahinul Hoque; Xiaopeng Zhao; Jinyuan Stella Sun,2024,arXiv,other,L8_public_benchmarks_transfer,8.0,true,EXCLUDE,NOT_ROBOT_DOMAIN,Driver monitoring review,,2026-08-24T03:12:11+00:00,claude_fable_5_paper_reset_v2
450,doi:10.1109/jas.2023.123054,10.1109/jas.2023.123054,,Data-Driven Fault Compensation Tracking Control for Coupled Wastewater Treatment Process,Peihao Du; Weimin Zhong; Xin Peng; Linlin Li; Zhi Li,2023,IEEE/CAA Journal of Automatica Sinica,C,L2_manipulator_actuator_sensor_fdi,7.991,true,EXCLUDE,NOT_ROBOT_DOMAIN,Wastewater process fault compensation letter,,2026-08-24T03:12:11+00:00,claude_fable_5_paper_reset_v2
451,doi:10.3390/machines12050321,10.3390/machines12050321,,Novel Probabilistic Collision Detection for Manipulator Motion Planning Using HNSW,Xiaofeng Zhang; Bo Tao; Du Jiang; Baojia Chen; Dalai Tang; Xin Liu,2024,Machines,MDPI,L_killer_precision,7.966,true,EXCLUDE,NOT_FAULT_ANOMALY_TOPIC,HNSW collision checking for planning,,2026-08-24T03:12:11+00:00,claude_fable_5_paper_reset_v2
452,doi:10.1109/iros47612.2022.9981815,10.1109/iros47612.2022.9981815,,Driving Anomaly Detection Using Contrastive Multiview Coding to Interpret Cause of Anomaly,Yuning Qiu; Teruhisa Misu; Carlos Busso,2022,2022 IEEE/RSJ International Conference on Intelligent Robots and Systems (IROS),R,L8_public_benchmarks_transfer,7.916,true,EXCLUDE,NOT_ROBOT_DOMAIN,ADAS driving anomaly,,2026-08-24T03:12:11+00:00,claude_fable_5_paper_reset_v2
453,doi:10.1109/iros58592.2024.10802608,10.1109/iros58592.2024.10802608,,Data-driven Force Observer for Human-Robot Interaction with Series Elastic Actuators using Gaussian Processes,Samuel Tesfazgi; Markus Keßler; Emilio Trigili; Armin Lederer; Sandra Hirche,2024,2024 IEEE/RSJ International Conference on Intelligent Robots and Systems (IROS),R,L3_learned_momentum_observer,7.916,true,INCLUDE_FULLTEXT,LINEAGE_QUOTA,"GP data-driven force observer for SEA robots (IROS24, Hirche line); L3 learned-observer family",L3_learned_momentum_observer,2026-08-24T03:12:11+00:00,claude_fable_5_paper_reset_v2
454,doi:10.1109/iscipt67144.2025.11265578,10.1109/iscipt67144.2025.11265578,,Transformer-based Sequential Contrastive Learning for Industrial Robot Time Series Anomaly Detection,Zeying Wang; Danyang Wu; Jianyong Zhu,2025,2025 10th International Conference on Computer and Information Processing Technology (ISCIPT),other,L7_mtsad_context_ood_sequential; L_recent_2025_2026,7.916,true,INCLUDE_BACKGROUND,CONTEXT_RELEVANT,Transformer contrastive TSAD for industrial robots; weak conference,L7_mtsad_context_ood_sequential,2026-08-24T03:12:11+00:00,claude_fable_5_paper_reset_v2
455,doi:10.3390/s25010025,10.3390/s25010025,,Predictive Maintenance and Fault Detection for Motor Drive Control Systems in Industrial Robots Using CNN-RNN-Based Observers,Chanthol Eang; Seungjae Lee,2024,Sensors,MDPI,L10_cross_robot_few_shot,7.904,true,INCLUDE_BACKGROUND,VENUE_EXCLUDED_MDPI,CNN-RNN observer PdM for robot motor drives (Sensors),L2_manipulator_actuator_sensor_fdi,2026-08-24T03:12:11+00:00,claude_fable_5_paper_reset_v2
456,doi:10.1016/j.mechatronics.2022.102811,10.1016/j.mechatronics.2022.102811,,Collision detection and reaction for a collaborative robot with sensorless admittance control,Joonyoung Kim,2022,Mechatronics,other,L7_mtsad_context_ood_sequential,7.881,false,INCLUDE_FULLTEXT,LINEAGE_QUOTA,Collision detection + reaction under sensorless admittance control (Mechatronics22); L6,L6_contact_collision_localization,2026-08-24T03:12:11+00:00,claude_fable_5_paper_reset_v2
457,doi:10.1093/ptep/ptab060,10.1093/ptep/ptab060,,Topological modular forms and the absence of a heterotic global anomaly,Yuji Tachikawa,2021,Progress of Theoretical and Experimental Physics,other,L_killer_precision,7.855,true,EXCLUDE,NOT_ROBOT_DOMAIN,String-theory anomaly (term collision),,2026-08-24T03:12:11+00:00,claude_fable_5_paper_reset_v2
458,doi:10.1109/lra.2025.3576067,10.1109/lra.2025.3576067,,SonicBoom: Contact Localization Using Array of Microphones,Moonyoung Lee; Uksang Yoo; Jean Oh; Jeffrey Ichnowski; George Kantor; Oliver Kroemer,2025,IEEE Robotics and Automation Letters,R,L6_contact_collision_localization,7.832,true,INCLUDE_BACKGROUND,CONTEXT_RELEVANT,SonicBoom microphone-array contact localization; added acoustic hardware,L6_contact_collision_localization,2026-08-24T03:12:11+00:00,claude_fable_5_paper_reset_v2
459,doi:10.20944/preprints202202.0081.v1,10.20944/preprints202202.0081.v1,,Online Anomaly Detection for Smartphone-Based Multivariate Behavioral Time Series Data,Gang Liu; Jukka-Pekka Onnela,2022,,MDPI,L7_mtsad_context_ood_sequential; L8_public_benchmarks_transfer,7.832,true,EXCLUDE,NOT_ROBOT_DOMAIN,Smartphone behavioral AD,,2026-08-24T03:12:11+00:00,claude_fable_5_paper_reset_v2
460,doi:10.1109/lra.2024.3354614,10.1109/lra.2024.3354614,,Planning Impact-Driven Logistic Tasks,Ahmed Zermane; Niels Dehio; Abderrahmane Kheddar,2024,IEEE Robotics and Automation Letters,R,L3_learned_momentum_observer,7.818,true,EXCLUDE,NOT_FAULT_ANOMALY_TOPIC,Impact-aware task planning,,2026-08-24T03:12:11+00:00,claude_fable_5_paper_reset_v2
461,doi:10.3390/app112311336,10.3390/app112311336,,Collision-Free Motion Planning of a Six-Link Manipulator Used in a Citrus Picking Robot,Zuoliang Tang; Lijia Xu; Yuchao Wang; Zhiliang Kang; Hong Xie,2021,Applied Sciences,MDPI,L6_contact_collision_localization,7.767,true,EXCLUDE,NOT_FAULT_ANOMALY_TOPIC,Citrus-picking motion planning,,2026-08-24T03:12:11+00:00,claude_fable_5_paper_reset_v2
462,doi:10.1109/icdsaai65575.2025.11011761,10.1109/icdsaai65575.2025.11011761,,A Novel Dataset and a Hybrid Ensemble Approach for Anomaly Detection in Enterprise-Access-Logs for Anomaly Detection,Saai Krishnan Udayakumar; Hariharan Ragothaman; Kumar Manas Khare,2025,"2025 International Conference on Data Science, Agents &amp;amp; Artificial Intelligence (ICDSAAI)",other,L8_public_benchmarks_transfer; L_recent_2025_2026,7.748,true,EXCLUDE,NOT_ROBOT_DOMAIN,Access-log AD dataset,,2026-08-24T03:12:11+00:00,claude_fable_5_paper_reset_v2
463,doi:10.1109/tii.2024.3438240,10.1109/tii.2024.3438240,,Online Adaptive Fault Diagnosis With Test-Time Domain Adaptation,Kangkai Wu; Jingjing Li; Lichao Meng; Fengling Li; Ke Lu,2025,IEEE Transactions on Industrial Informatics,C,L10_cross_robot_few_shot,7.748,true,INCLUDE_FULLTEXT,METHOD_RELEVANT,Test-time domain adaptation for online FD (TII25); TTA mechanism directly relevant to few-shot healthy adaptation,L10_cross_robot_few_shot,2026-08-24T03:12:11+00:00,claude_fable_5_paper_reset_v2
464,doi:10.3390/s21030890,10.3390/s21030890,,Reactive Self-Collision Avoidance for a Differentially Driven Mobile Manipulator,Keunwoo Jang; Sanghyun Kim; Jaeheung Park,2021,Sensors,MDPI,L6_contact_collision_localization,7.734,true,EXCLUDE,NOT_FAULT_ANOMALY_TOPIC,Self-collision avoidance control,,2026-08-24T03:12:11+00:00,claude_fable_5_paper_reset_v2
465,doi:10.1109/lra.2024.3388847,10.1109/lra.2024.3388847,,Deep Dynamics: Vehicle Dynamics Modeling With a Physics-Constrained Neural Network for Autonomous Racing,John Chrosniak; Jingyun Ning; Madhur Behl,2024,IEEE Robotics and Automation Letters,R,L5_lie_geometry_equivariant,7.713,true,EXCLUDE,WRONG_OBJECT,Physics-constrained racing vehicle dynamics,,2026-08-24T03:12:11+00:00,claude_fable_5_paper_reset_v2
466,doi:10.1109/tii.2024.3416945,10.1109/tii.2024.3416945,,Incrementally Generative Adversarial Diagnostics Using Few-Shot Enabled One-Class Learning,Ziqiang Pu; Lijuan Yan; Yun Bai; Diego Cabrera; Chuan Li,2024,IEEE Transactions on Industrial Informatics,C,L10_cross_robot_few_shot,7.7,true,INCLUDE_BACKGROUND,CONTEXT_RELEVANT,Few-shot one-class incremental GAN diagnostics (TII); generic industrial,L10_cross_robot_few_shot,2026-08-24T03:12:11+00:00,claude_fable_5_paper_reset_v2
467,doi:10.3390/app13010143,10.3390/app13010143,,ROS-Based Condition Monitoring Architecture Enabling Automatic Faults Detection in Industrial Collaborative Robots,Giacomo Nabissi; Sauro Longhi; Andrea Bonci,2022,Applied Sciences,MDPI,L2_manipulator_actuator_sensor_fdi,7.7,true,INCLUDE_BACKGROUND,VENUE_EXCLUDED_MDPI,ROS-based cobot condition-monitoring architecture (ApplSci),L2_manipulator_actuator_sensor_fdi,2026-08-24T03:12:11+00:00,claude_fable_5_paper_reset_v2
468,doi:10.1016/j.mechatronics.2022.102850,10.1016/j.mechatronics.2022.102850,,Human-cable collision detection with a cable-driven parallel robot,Thomas Rousseau; Christine Chevallereau; Stéphane Caro,2022,Mechatronics,other,L7_mtsad_context_ood_sequential,7.664,false,INCLUDE_BACKGROUND,CONTEXT_RELEVANT,Human-cable collision detection on CDPR (Mechatronics),L6_contact_collision_localization,2026-08-24T03:12:11+00:00,claude_fable_5_paper_reset_v2
469,doi:10.3389/fnbot.2023.1219170,10.3389/fnbot.2023.1219170,,Active fault-tolerant anti-input saturation control of a cross-domain robot based on a human decision search algorithm and RBFNN,Ke Wang; Yong Liu; Chengwei Huang,2023,Frontiers in Neurorobotics,other,L11_active_diagnosis,7.659,true,EXCLUDE,OFF_TOPIC_OTHER,Amphibious robot FTC,,2026-08-24T03:12:11+00:00,claude_fable_5_paper_reset_v2
470,doi:10.5771/9783748910893-735,10.5771/9783748910893-735,,Setzt Unrecht Schuld voraus?,Urs Kindhäuser,2021,Analytische Strafrechtswissenschaft,other,L8_public_benchmarks_transfer,7.659,false,EXCLUDE,NOT_ROBOT_DOMAIN,German legal text ('voraus' term collision),,2026-08-24T03:12:11+00:00,claude_fable_5_paper_reset_v2
471,doi:10.1080/21642583.2025.2460434,10.1080/21642583.2025.2460434,,A survey on fault detection for networked systems under communication constraints,Weilu Chen; Jun Hu; Zhihui Wu; Siteng Ma,2025,Systems Science & Control Engineering,other,L5_lie_geometry_equivariant; L_recent_2025_2026,7.598,true,EXCLUDE,SURVEY_TANGENTIAL,Networked-systems FD survey; communication-constraint theory,,2026-08-24T03:12:11+00:00,claude_fable_5_paper_reset_v2
472,doi:10.1109/tii.2023.3312409,10.1109/tii.2023.3312409,,Temporal Attention Source-Free Adaptation for Chemical Processes Fault Diagnosis,Yutang Xiao; Hong-bo Shi; Bing Song; Yang Tao; Shuai Tan; Boyu Wang,2024,IEEE Transactions on Industrial Informatics,C,L10_cross_robot_few_shot,7.583,true,EXCLUDE,PROCESS_MACHINERY_ONLY,Chemical-process source-free DA,,2026-08-24T03:12:11+00:00,claude_fable_5_paper_reset_v2
473,doi:10.1016/j.energy.2025.137825,10.1016/j.energy.2025.137825,,Towards general and efficient fault diagnosis: A novel framework for multi-fault cross-domain diagnosis of lithium-ion batteries in real-world scenarios,Fang Li; Yongjun Min; Yong Zhang; Hongfu Zuo; Fang Bai; Ying Zhang,2025,Energy,other,L_killer_precision,7.575,false,EXCLUDE,NOT_ROBOT_DOMAIN,Battery cross-domain FD,,2026-08-24T03:12:11+00:00,claude_fable_5_paper_reset_v2
474,doi:10.1038/s42004-026-01932-9,10.1038/s42004-026-01932-9,,The ADePT framework for assessing autonomous laboratory robotics,Pablo Salazar-Villacis; Brahim Benyahia,2026,Communications Chemistry,other,L8_public_benchmarks_transfer; L_recent_2025_2026,7.575,true,EXCLUDE,SURVEY_TANGENTIAL,Lab-robotics capability framework,,2026-08-24T03:12:11+00:00,claude_fable_5_paper_reset_v2
475,doi:10.1109/iros51168.2021.9636377,10.1109/iros51168.2021.9636377,,SENSORIMOTOR GRAPH: Action-Conditioned Graph Neural Network for Learning Robotic Soft Hand Dynamics,Joao Damiao Almeida; Paul Schydlo; Atabak Dehban; José Santos-Victor,2021,2021 IEEE/RSJ International Conference on Intelligent Robots and Systems (IROS),R,L4_structured_chain_graph_dynamics,7.575,true,INCLUDE_FULLTEXT,LINEAGE_QUOTA,Action-conditioned GNN for soft-hand dynamics (IROS21); graph dynamics learning for L4,L4_structured_chain_graph_dynamics,2026-08-24T03:12:11+00:00,claude_fable_5_paper_reset_v2
476,doi:10.1109/tia.2025.3529822,10.1109/tia.2025.3529822,,Decentralized Modular Nonlinear Physics-Informed Neural Network (mnPINN) for Synchrophasor Data Anomaly Detection,P. Banerjee; V. Sivaramakrishnan; A. K. Srivastava,2025,IEEE Transactions on Industry Applications,other,L_killer_precision,7.575,true,INCLUDE_BACKGROUND,CONTEXT_RELEVANT,Decentralized modular PINN AD for synchrophasors; modular physics-informed AD concept on grid,L4_structured_chain_graph_dynamics,2026-08-24T03:12:11+00:00,claude_fable_5_paper_reset_v2
477,doi:10.1002/adma.202107902,10.1002/adma.202107902,,Flexible Electronics and Devices as Human–Machine Interfaces for Medical Robotics,Wenzheng Heng; Samuel A. Solomon; Wei Gao,2021,Advanced Materials,other,L6_contact_collision_localization,7.5,true,EXCLUDE,NOT_ROBOT_DOMAIN,Flexible electronics HMI review,,2026-08-24T03:12:11+00:00,claude_fable_5_paper_reset_v2
478,doi:10.1007/s43684-022-00025-3,10.1007/s43684-022-00025-3,,Machine learning techniques for robotic and autonomous inspection of mechanical systems and civil infrastructure,Michael O. Macaulay; Mahmood Shafiee,2022,Autonomous Intelligent Systems,other,L8_public_benchmarks_transfer,7.5,true,EXCLUDE,SURVEY_TANGENTIAL,ML for robotic/civil inspection review,,2026-08-24T03:12:11+00:00,claude_fable_5_paper_reset_v2
479,doi:10.1016/j.comnet.2023.109626,10.1016/j.comnet.2023.109626,,A survey on security and privacy issues of UAVs,Yassine Mekdad; Ahmet Arış; Leonardo Babun; Abdeslam El Fergougui; Mauro Conti; Riccardo Lazzeretti; A. Selcuk Uluagac,2023,Computer Networks,other,L_killer_precision,7.5,false,EXCLUDE,NOT_ROBOT_DOMAIN,UAV security survey,,2026-08-24T03:12:11+00:00,claude_fable_5_paper_reset_v2
480,doi:10.1016/j.future.2023.03.020,10.1016/j.future.2023.03.020,,Identifying performance anomalies in fluctuating cloud environments: A robust correlative-GNN-based explainable approach,Yujia Song; Ruyue Xin; Peng Chen; Rui Zhang; Juan Chen; Zhiming Zhao,2023,Future Generation Computer Systems,other,L8_public_benchmarks_transfer,7.5,false,EXCLUDE,NOT_ROBOT_DOMAIN,Cloud performance anomaly GNN,,2026-08-24T03:12:11+00:00,claude_fable_5_paper_reset_v2
481,doi:10.1016/j.inffus.2022.08.011,10.1016/j.inffus.2022.08.011,,MST-GAT: A multimodal spatial–temporal graph attention network for time series anomaly detection,Chaoyue Ding; Shiliang Sun; Jing Zhao,2022,Information Fusion,other,L8_public_benchmarks_transfer,7.5,false,INCLUDE_FULLTEXT,METHOD_RELEVANT,MST-GAT multimodal spatio-temporal graph attention MTSAD (Inf. Fusion); graph-MTSAD family for L7,L7_mtsad_context_ood_sequential,2026-08-24T03:12:11+00:00,claude_fable_5_paper_reset_v2
482,doi:10.1016/j.measurement.2021.109990,10.1016/j.measurement.2021.109990,,Developing a near real-time road surface anomaly detection approach for road surface monitoring,Shahram Sattar; Songnian Li; Michael Chapman,2021,Measurement,other,L8_public_benchmarks_transfer,7.5,false,EXCLUDE,NOT_ROBOT_DOMAIN,Road-surface anomaly monitoring,,2026-08-24T03:12:11+00:00,claude_fable_5_paper_reset_v2
483,doi:10.1016/j.rcim.2021.102140,10.1016/j.rcim.2021.102140,,Generic development methodology for flexible robotic pick-and-place workcells based on Digital Twin,Bence Tipary; Gábor Erdős,2021,Robotics and Computer-Integrated Manufacturing,other,L2_manipulator_actuator_sensor_fdi,7.5,true,EXCLUDE,NOT_FAULT_ANOMALY_TOPIC,DT workcell development methodology,,2026-08-24T03:12:11+00:00,claude_fable_5_paper_reset_v2
484,doi:10.1016/j.rcim.2021.102168,10.1016/j.rcim.2021.102168,,Sensorless force estimation for industrial robots using disturbance observer and neural learning of friction approximation,Sichao Liu; Lihui Wang; Xi Vincent Wang,2021,Robotics and Computer-Integrated Manufacturing,other,L3_learned_momentum_observer,7.5,true,INCLUDE_PRIORITY,DIRECT_NEIGHBOR_CANDIDATE,DOB + neural friction learning for sensorless force estimation on industrial robots (RCIM21); core L3 learned-residual line,L3_learned_momentum_observer,2026-08-24T03:12:11+00:00,claude_fable_5_paper_reset_v2
485,doi:10.1016/j.robot.2023.104533,10.1016/j.robot.2023.104533,,A review of UAV autonomous navigation in GPS-denied environments,Yingxiu Chang; Yongqiang Cheng; Umar Manzoor; John F. Murray,2023,Robotics and Autonomous Systems,other,L_killer_precision,7.5,true,EXCLUDE,WRONG_OBJECT,UAV GPS-denied navigation review,,2026-08-24T03:12:11+00:00,claude_fable_5_paper_reset_v2
486,doi:10.1016/j.vehcom.2022.100470,10.1016/j.vehcom.2022.100470,,Rec-CNN: In-vehicle networks intrusion detection using convolutional neural networks trained on recurrence plots,Araya Kibrom Desta; Shuji Ohira; Ismail Arai; Kazutoshi Fujikawa,2022,Vehicular Communications,other,L_killer_precision,7.5,false,EXCLUDE,NOT_ROBOT_DOMAIN,In-vehicle IDS,,2026-08-24T03:12:11+00:00,claude_fable_5_paper_reset_v2
487,doi:10.1021/acs.chemrev.1c00481,10.1021/acs.chemrev.1c00481,,Magnetic Soft Materials and Robots,Yoonho Kim; Xuanhe Zhao,2022,Chemical Reviews,other,L6_contact_collision_localization,7.5,true,EXCLUDE,NOT_ROBOT_DOMAIN,Magnetic soft materials review,,2026-08-24T03:12:11+00:00,claude_fable_5_paper_reset_v2
488,doi:10.1038/s41467-022-28526-y,10.1038/s41467-022-28526-y,,Inverse design of 3d molecular structures with conditional generative neural networks,Niklas W. A. Gebauer; Michael Gastegger; Stefaan S. P. Hessmann; Klaus‐Robert Müller; Kristof T. Schütt,2022,Nature Communications,S,L5_lie_geometry_equivariant,7.5,true,EXCLUDE,NOT_ROBOT_DOMAIN,Conditional molecular generation,,2026-08-24T03:12:11+00:00,claude_fable_5_paper_reset_v2
489,doi:10.1038/s41467-022-29243-2,10.1038/s41467-022-29243-2,,Self-consistent determination of long-range electrostatics in neural network potentials,Ang Gao; Richard C. Remsing,2022,Nature Communications,S,L5_lie_geometry_equivariant,7.5,true,EXCLUDE,NOT_ROBOT_DOMAIN,Electrostatics in NN potentials,,2026-08-24T03:12:11+00:00,claude_fable_5_paper_reset_v2
490,doi:10.1038/s41467-022-29939-5,10.1038/s41467-022-29939-5,,E(3)-equivariant graph neural networks for data-efficient and accurate interatomic potentials,Simon Batzner; Albert Musaelian; Lixin Sun; Mario Geiger; Jonathan P. Mailoa; Mordechai Kornbluth; Nicola Molinari; Tess Smidt; Boris Kozinsky,2022,Nature Communications,S,L5_lie_geometry_equivariant,7.5,true,EXCLUDE,NOT_ROBOT_DOMAIN,NequIP interatomic potentials,,2026-08-24T03:12:11+00:00,claude_fable_5_paper_reset_v2
491,doi:10.1038/s41467-023-36329-y,10.1038/s41467-023-36329-y,,Learning local equivariant representations for large-scale atomistic dynamics,Albert Musaelian; Simon Batzner; Anders Johansson; Lixin Sun; Cameron J. Owen; Mordechai Kornbluth; Boris Kozinsky,2023,Nature Communications,S,L5_lie_geometry_equivariant,7.5,true,EXCLUDE,NOT_ROBOT_DOMAIN,Allegro atomistic dynamics,,2026-08-24T03:12:11+00:00,claude_fable_5_paper_reset_v2
492,doi:10.1038/s41467-023-36699-3,10.1038/s41467-023-36699-3,,Predicting locations of cryptic pockets from single protein structures using the PocketMiner graph neural network,Artur Meller; Michael D. Ward; Jonathan Borowsky; Meghana Kshirsagar; Jeffrey M. Lotthammer; Felipe Oviedo; Juan Lavista Ferres; Gregory R. Bowman,2023,Nature Communications,S,L5_lie_geometry_equivariant,7.5,true,EXCLUDE,NOT_ROBOT_DOMAIN,Cryptic pocket GNN,,2026-08-24T03:12:11+00:00,claude_fable_5_paper_reset_v2
493,doi:10.1038/s41467-023-38468-8,10.1038/s41467-023-38468-8,,General framework for E(3)-equivariant neural network representation of density functional theory Hamiltonian,Xiaoxun Gong; He Li; Nianlong Zou; Runzhang Xu; Wenhui Duan; Yong Xu,2023,Nature Communications,S,L5_lie_geometry_equivariant,7.5,true,EXCLUDE,NOT_ROBOT_DOMAIN,E(3)-equivariant DFT Hamiltonian,,2026-08-24T03:12:11+00:00,claude_fable_5_paper_reset_v2
494,doi:10.1038/s42256-022-00487-3,10.1038/s42256-022-00487-3,,Functional mimicry of Ruffini receptors with fibre Bragg gratings and deep neural networks enables a bio-inspired large-area tactile-sensitive skin,Luca Massari; Giulia Fransvea; Jessica D’Abbraccio; Mariangela Filosa; Giuseppe Terruso; Andrea Aliperta; Giacomo D’Alesio; Martina Zaltieri; Emiliano Schena; Eduardo Palermo; Edoardo Sinibaldi; Calogero Maria Oddo,2022,Nature Machine Intelligence,S,L4_structured_chain_graph_dynamics,7.5,true,EXCLUDE,NOT_FAULT_ANOMALY_TOPIC,FBG tactile-skin hardware (NMI); Tier-S but not manipulator FDI,,2026-08-24T03:12:11+00:00,claude_fable_5_paper_reset_v2
495,doi:10.1038/s42256-023-00716-3,10.1038/s42256-023-00716-3,,CHGNet as a pretrained universal neural network potential for charge-informed atomistic modelling,Bowen Deng; Peichen Zhong; KyuJung Jun; Janosh Riebesell; Kevin Han; Christopher J. Bartel; Gerbrand Ceder,2023,Nature Machine Intelligence,S,L5_lie_geometry_equivariant,7.5,true,EXCLUDE,NOT_ROBOT_DOMAIN,CHGNet materials potential,,2026-08-24T03:12:11+00:00,claude_fable_5_paper_reset_v2
496,doi:10.1038/s42256-024-00815-9,10.1038/s42256-024-00815-9,,Equivariant 3D-conditional diffusion model for molecular linker design,Ilia Igashov; H. Stärk; Clément Vignac; Arne Schneuing; Víctor García Satorras; Pascal Frossard; Max Welling; Michael M. Bronstein; Bruno E. Correia,2024,Nature Machine Intelligence,S,L5_lie_geometry_equivariant,7.5,true,EXCLUDE,NOT_ROBOT_DOMAIN,Molecular linker diffusion,,2026-08-24T03:12:11+00:00,claude_fable_5_paper_reset_v2
497,doi:10.1049/cit2.12078,10.1049/cit2.12078,,Network anomaly detection using deep learning techniques,Mohammad Kazim Hooshmand; Doreswamy Hosahalli,2022,CAAI Transactions on Intelligence Technology,other,L8_public_benchmarks_transfer,7.5,true,EXCLUDE,NOT_ROBOT_DOMAIN,Network traffic AD,,2026-08-24T03:12:11+00:00,claude_fable_5_paper_reset_v2
498,doi:10.1055/a-2534-2141,10.1055/a-2534-2141,,Kommentar zu: „HERZ GEFÄßE – Koronare CTA: Quantitative Flow Ratio sagt Herzkreislaufereignisse voraus“,Patrick Krumm,2025,RöFo - Fortschritte auf dem Gebiet der Röntgenstrahlen und der bildgebenden Verfahren,other,L8_public_benchmarks_transfer,7.5,true,EXCLUDE,NOT_ROBOT_DOMAIN,Cardiology commentary ('voraus' term collision),,2026-08-24T03:12:11+00:00,claude_fable_5_paper_reset_v2
499,doi:10.1055/a-2539-0675,10.1055/a-2539-0675,,HERZ GEFÄßE – Koronare CTA: Quantitative Flow Ratio sagt Herzkreislaufereignisse voraus,,2025,RöFo - Fortschritte auf dem Gebiet der Röntgenstrahlen und der bildgebenden Verfahren,other,L8_public_benchmarks_transfer,7.5,true,EXCLUDE,NOT_ROBOT_DOMAIN,Cardiology note ('voraus' term collision),,2026-08-24T03:12:11+00:00,claude_fable_5_paper_reset_v2
500,doi:10.1109/access.2021.3105396,10.1109/access.2021.3105396,,5G Security Challenges and Solutions: A Review by OSI Layers,Stephanie M. Sullivan; Alessandro Brighente; Sathish Kumar; Mauro Conti,2021,IEEE Access,other,L_killer_precision,7.5,true,EXCLUDE,NOT_ROBOT_DOMAIN,5G security review,,2026-08-24T03:12:11+00:00,claude_fable_5_paper_reset_v2
501,doi:10.1109/access.2021.3111083,10.1109/access.2021.3111083,,Machine Learning Based Indoor Localization Using Wi-Fi RSSI Fingerprints: An Overview,Navneet Singh; Sangho Choe; Rajiv Punmiya,2021,IEEE Access,other,L_killer_precision,7.5,true,EXCLUDE,NOT_ROBOT_DOMAIN,WiFi indoor localization overview,,2026-08-24T03:12:11+00:00,claude_fable_5_paper_reset_v2
502,doi:10.1109/access.2023.3260763,10.1109/access.2023.3260763,,Big Data ML-Based Fake News Detection Using Distributed Learning,Alaa Altheneyan; Aseel Alhadlaq,2023,IEEE Access,other,L_killer_precision,7.5,true,EXCLUDE,NOT_ROBOT_DOMAIN,Fake-news detection,,2026-08-24T03:12:11+00:00,claude_fable_5_paper_reset_v2
503,doi:10.1109/access.2023.3287195,10.1109/access.2023.3287195,,A Survey of Privacy Risks and Mitigation Strategies in the Artificial Intelligence Life Cycle,Sakib Shahriar; Sonal Allana; Seyed Mehdi Hazratifard; Rozita Dara,2023,IEEE Access,other,L_killer_precision,7.5,true,EXCLUDE,NOT_ROBOT_DOMAIN,AI privacy survey,,2026-08-24T03:12:11+00:00,claude_fable_5_paper_reset_v2
504,doi:10.1109/access.2023.3320928,10.1109/access.2023.3320928,,Anomaly Detection Dataset for Industrial Control Systems,Alireza Dehlaghi-Ghadim; Mahshid Helali Moghadam; Ali Balador; Hans Hansson,2023,IEEE Access,other,L8_public_benchmarks_transfer,7.5,true,EXCLUDE,NOT_ROBOT_DOMAIN,ICS security AD dataset,,2026-08-24T03:12:11+00:00,claude_fable_5_paper_reset_v2
505,doi:10.1109/comst.2023.3305468,10.1109/comst.2023.3305468,,Smart Substation Communications and Cybersecurity: A Comprehensive Survey,José Gaspar; Tiago Cruz; Chan–Tong Lam; Paulo Simões,2023,IEEE Communications Surveys & Tutorials,other,L_killer_precision,7.5,true,EXCLUDE,NOT_ROBOT_DOMAIN,Substation cybersecurity survey,,2026-08-24T03:12:11+00:00,claude_fable_5_paper_reset_v2
506,doi:10.1109/iccia69223.2025.11286112,10.1109/iccia69223.2025.11286112,,Integrating Vision and Robotics: Automated Object Localization and Fault Detection with a 6-DoF Manipulator,Masoumeh Azadegan; Alaleh Vafaei,2025,"2025 11th International Conference on Control, Instrumentation and Automation (ICCIA)",other,L5_lie_geometry_equivariant,7.5,true,EXCLUDE,NOT_FAULT_ANOMALY_TOPIC,Vision-based product QA with manipulator,,2026-08-24T03:12:11+00:00,claude_fable_5_paper_reset_v2
507,doi:10.1109/icraic67376.2025.11376142,10.1109/icraic67376.2025.11376142,,Fault Detection and Identification Unit for Vehicle-Manipulator System with Neuroadaptive Observer,Yongkang Hou; Hongtao He; Junhao Xu; Wenbo Yin; Yang Gao; Zhongke Gao,2025,"2025 5th International Conference on Conference on Robotics, Automation and Intelligent Control (ICRAIC)",other,L5_lie_geometry_equivariant,7.5,true,INCLUDE_BACKGROUND,CONTEXT_RELEVANT,Neuroadaptive interval-observer FDI for vehicle-manipulator avoiding disturbance false alarms; weak conference,L2_manipulator_actuator_sensor_fdi,2026-08-24T03:12:11+00:00,claude_fable_5_paper_reset_v2
508,doi:10.1109/jsen.2022.3163401,10.1109/jsen.2022.3163401,,Vibration-Based Fault Detection in Drone Using Artificial Intelligence,Mohamad Hazwan Mohd Ghazali; Wan Rahiman,2022,IEEE Sensors Journal,other,L8_public_benchmarks_transfer,7.5,true,EXCLUDE,WRONG_OBJECT,Drone-arm vibration FD,,2026-08-24T03:12:11+00:00,claude_fable_5_paper_reset_v2
509,doi:10.1109/lra.2022.3167614,10.1109/lra.2022.3167614,2202.12646v1,Predicting Impact-Induced Joint Velocity Jumps on Kinematic-Controlled Manipulator,Yuquan Wang; Niels Dehio; Abderrahmane Kheddar,2022,IEEE Robotics and Automation Letters (2022),R,L6_contact_collision_localization,7.5,true,INCLUDE_BACKGROUND,CONTEXT_RELEVANT,Impact-induced joint-velocity jump prediction (RAL22); impact modeling context,L6_contact_collision_localization,2026-08-24T03:12:11+00:00,claude_fable_5_paper_reset_v2
510,doi:10.1142/s021984362640027x,10.1142/s021984362640027x,,VEDA: A Multimodal Dual-Attention Framework for Contact-Aware Temporal Anomaly Detection in Industrial Humanoid Manipulation,Huiqing Nong; Shengzhu Wang; Wei Liu; Jing Yao,2026,International Journal of Humanoid Robotics,other,L9_foundation_multimodal,7.5,true,INCLUDE_FULLTEXT,LINEAGE_QUOTA,VEDA visuo-embodied dual-attention contact-aware temporal AD for industrial humanoid manipulation (IJHR 2026); L9 multimodal robot AD,L9_foundation_multimodal,2026-08-24T03:12:11+00:00,claude_fable_5_paper_reset_v2
511,doi:10.1145/3564240,10.1145/3564240,,Explainable Goal-driven Agents and Robots - A Comprehensive Review,Sado Fatai; Chu Kiong Loo; Wei Shiung Liew; Matthias Kerzel; Stefan Wermter,2022,ACM Computing Surveys,other,L8_public_benchmarks_transfer,7.5,true,EXCLUDE,SURVEY_TANGENTIAL,Explainable-agents review,,2026-08-24T03:12:11+00:00,claude_fable_5_paper_reset_v2
512,doi:10.1145/3597623,10.1145/3597623,,"Virtual, Augmented, and Mixed Reality for Human-robot Interaction: A Survey and Virtual Design Element Taxonomy",Michael Walker; Thao Phung; Tathagata﻿ Chakraborti; Tom Williams; Daniel Szafır,2023,ACM Transactions on Human-Robot Interaction,other,L2_manipulator_actuator_sensor_fdi,7.5,true,EXCLUDE,SURVEY_TANGENTIAL,VAM-HRI survey,,2026-08-24T03:12:11+00:00,claude_fable_5_paper_reset_v2
513,doi:10.1186/s42400-023-00178-5,10.1186/s42400-023-00178-5,,Quantized autoencoder (QAE) intrusion detection system for anomaly detection in resource-constrained IoT devices using RT-IoT2022 dataset,B S Sharmila; Rohini Nagapadma,2023,Cybersecurity,other,L8_public_benchmarks_transfer,7.5,true,EXCLUDE,NOT_ROBOT_DOMAIN,IoT IDS autoencoder,,2026-08-24T03:12:11+00:00,claude_fable_5_paper_reset_v2
514,doi:10.15276/hait.09.2026.04,10.15276/hait.09.2026.04,,Anomaly detection on time series data for autonomous robot operation,Maksym A. Shavarskyi; Yurii P. Kryvechuk,2026,Herald of Advanced Information Technology,other,L7_mtsad_context_ood_sequential; L_recent_2025_2026,7.5,true,INCLUDE_BACKGROUND,CONTEXT_RELEVANT,TSAD for autonomous robot operation (weak venue); mechanical-anomaly TS on mobile platform,L7_mtsad_context_ood_sequential,2026-08-24T03:12:11+00:00,claude_fable_5_paper_reset_v2
515,doi:10.15607/rss.2025.xxi.152,10.15607/rss.2025.xxi.152,2412.13877v3,RoboMIND: Benchmark on Multi-embodiment Intelligence Normative Data for Robot Manipulation,Kun Wu; Chengkai Hou; Jiaming Liu; Zhengping Che; Xiaozhu Ju; Zhuqin Yang; Meng Li; Yinuo Zhao; Zhiyuan Xu; Guang Yang; Shichao Fan; Xinhua Wang; Fei Liao; Zhen Zhao; Guangyu Li; Zhao Jin; Lecheng Wang; Jilei Mao; Ning Liu; Pei Ren; Qiang Zhang; Yaoxu Lyu; Mengzhen Liu; Jingyang He; Yulin Luo; Zeyu Gao; Chenxuan Li; Chenyang Gu; Yankai Fu; Di Wu; Xingyu Wang; Sixiang Chen; Zhenyu Wang; Pengju An; Siyuan Qian; Shanghang Zhang; Jian Tang,2024,Robotics: Science and Systems XXI (RSS 2025),R,L8_public_benchmarks_transfer,7.5,true,INCLUDE_BACKGROUND,DATASET_OR_CODE_PAPER,RoboMIND multi-embodiment manipulation dataset; proprioceptive demos without anomaly labels — cross-robot healthy-pretraining resource,L8_public_benchmarks_transfer,2026-08-24T03:12:11+00:00,claude_fable_5_paper_reset_v2
516,doi:10.1609/aaai.v35i5.16523,10.1609/aaai.v35i5.16523,,Graph Neural Network-Based Anomaly Detection in Multivariate Time Series,Ailin Deng; Bryan Hooi,2021,Proceedings of the AAAI Conference on Artificial Intelligence,other,L8_public_benchmarks_transfer,7.5,true,INCLUDE_FULLTEXT,METHOD_RELEVANT,GDN graph-structure MTSAD (AAAI21); RoAD native-baseline family member and canonical graph AD reference,L7_mtsad_context_ood_sequential,2026-08-24T03:12:11+00:00,claude_fable_5_paper_reset_v2
517,doi:10.20944/preprints202607.1547.v1,10.20944/preprints202607.1547.v1,,Dual-Score Association-Discrepancy Enhancement for Early-Warning Multivariate Time-Series Anomaly Detection,Zhipeng Xiang; Limin Yang; Wen Chen,2026,,MDPI,L7_mtsad_context_ood_sequential; L8_public_benchmarks_transfer,7.5,true,INCLUDE_BACKGROUND,VENUE_EXCLUDED_MDPI,Anomaly-Transformer dual-score early-warning variant (MDPI preprint),L7_mtsad_context_ood_sequential,2026-08-24T03:12:11+00:00,claude_fable_5_paper_reset_v2
518,doi:10.3389/fenvs.2024.1375193,10.3389/fenvs.2024.1375193,,Digitalization of agriculture for sustainable crop production: a use-case review,Redmond R. Shamshiri; Barbara Sturm; Cornelia Weltzien; John P. Fulton; Raj Khosla; Michael Schirrmann; Sharvari Raut; Deepak Hanike Basavegowda; Muhammad Yamin; Ibrahim A. Hameed,2024,Frontiers in Environmental Science,other,L_killer_precision,7.5,true,EXCLUDE,NOT_ROBOT_DOMAIN,Agriculture digitalization review,,2026-08-24T03:12:11+00:00,claude_fable_5_paper_reset_v2
519,doi:10.3389/fpls.2022.1041514,10.3389/fpls.2022.1041514,,"AI-based object detection latest trends in remote sensing, multimedia and agriculture applications",Saqib Ali Nawaz; Jingbing Li; Uzair Aslam Bhatti; Muhammad Usman Shoukat; Raza Ahmad,2022,Frontiers in Plant Science,other,L_killer_precision,7.5,true,EXCLUDE,NOT_ROBOT_DOMAIN,Object-detection trends in agriculture,,2026-08-24T03:12:11+00:00,claude_fable_5_paper_reset_v2
520,doi:10.3389/frobt.2021.686723,10.3389/frobt.2021.686723,,Robotic Manipulation and Capture in Space: A Survey,Evangelos Papadopoulos; Farhad Aghili; Ou Ma; Roberto Lampariello,2021,Frontiers in Robotics and AI,other,L6_contact_collision_localization,7.5,true,EXCLUDE,SURVEY_TANGENTIAL,Space manipulation survey,,2026-08-24T03:12:11+00:00,claude_fable_5_paper_reset_v2
521,doi:10.3389/frobt.2023.1038658,10.3389/frobt.2023.1038658,,Learning-based robotic grasping: A review,Zhen Xie; Xinquan Liang; Canale Roberto,2023,Frontiers in Robotics and AI,other,L3_learned_momentum_observer,7.5,true,EXCLUDE,SURVEY_TANGENTIAL,Grasping review,,2026-08-24T03:12:11+00:00,claude_fable_5_paper_reset_v2
522,doi:10.3390/agronomy13071780,10.3390/agronomy13071780,,Row Detection BASED Navigation and Guidance for Agricultural Robots and Autonomous Vehicles in Row-Crop Fields: Methods and Applications,Jiayou Shi; Yuhao Bai; Zhihua Diao; Jun Zhou; Xingbo Yao; Baohua Zhang,2023,Agronomy,other,L8_public_benchmarks_transfer,7.5,true,EXCLUDE,NOT_ROBOT_DOMAIN,Crop-row detection,,2026-08-24T03:12:11+00:00,claude_fable_5_paper_reset_v2
523,doi:10.3390/app13137507,10.3390/app13137507,,Overview on Intrusion Detection Systems Design Exploiting Machine Learning for Networking Cybersecurity,Pierpaolo Dini; Abdussalam Elhanashi; Andrea Begni; Sergio Saponara; Qinghe Zheng; Kaouther Gasmi,2023,Applied Sciences,MDPI,L5_lie_geometry_equivariant; L7_mtsad_context_ood_sequential,7.5,true,EXCLUDE,NOT_ROBOT_DOMAIN,IDS design overview (MDPI),,2026-08-24T03:12:11+00:00,claude_fable_5_paper_reset_v2
524,doi:10.3390/cancers15041183,10.3390/cancers15041183,,"AI-Powered Diagnosis of Skin Cancer: A Contemporary Review, Open Challenges and Future Research Directions",Navneet Vinod Melarkode; Kathiravan Srinivasan; Saeed Mian Qaisar; Paweł Pławiak,2023,Cancers,other,L6_contact_collision_localization,7.5,true,EXCLUDE,NOT_ROBOT_DOMAIN,Skin-cancer AI review,,2026-08-24T03:12:11+00:00,claude_fable_5_paper_reset_v2
525,doi:10.3390/fi15020083,10.3390/fi15020083,,Analysis of Cyber Security Attacks and Its Solutions for the Smart grid Using Machine Learning and Blockchain Methods,Tehseen Mazhar; Hafiz Muhammad Irfan; Sunawar Khan; Inayatul Haq; Inam Ullah; Muhammad Iqbal; Habib Hamam,2023,Future Internet,other,L_killer_precision,7.5,true,EXCLUDE,NOT_ROBOT_DOMAIN,Grid cybersecurity,,2026-08-24T03:12:11+00:00,claude_fable_5_paper_reset_v2
526,doi:10.3390/s21041051,10.3390/s21041051,,State-of-the-Art Mobile Radiation Detection Systems for Different Scenarios,L. Marques; Alberto Vale; P. Vaz,2021,Sensors,MDPI,L4_structured_chain_graph_dynamics; L7_mtsad_context_ood_sequential,7.5,true,EXCLUDE,NOT_ROBOT_DOMAIN,Radiation detection systems,,2026-08-24T03:12:11+00:00,claude_fable_5_paper_reset_v2
527,doi:10.3934/mbe.2023602,10.3934/mbe.2023602,,A hybrid deep learning-based intrusion detection system for IoT networks,Noor Wali Khan; Mohammed S. Alshehri; Muazzam A. Khan; Sultan Almakdi; Naghmeh Moradpoor; Abdulwahab Alazeb; Safi Ullah; Naila Naz; Jawad Ahmad,2023,Mathematical Biosciences & Engineering,other,L_killer_precision,7.5,true,EXCLUDE,NOT_ROBOT_DOMAIN,IoT IDS,,2026-08-24T03:12:11+00:00,claude_fable_5_paper_reset_v2
528,doi:10.51393/j.jamst.2024007,10.51393/j.jamst.2024007,,Intelligent robotic systems in Industry 4.0: A review,Mohsen Soori; Roza Dastres; Behrooz Arezoo; Fooad Karımı Ghaleh Jough,2024,Journal of Advanced Manufacturing Science and Technology,other,L8_public_benchmarks_transfer,7.5,true,EXCLUDE,SURVEY_TANGENTIAL,"Industry-4.0 robotics review, weak venue",,2026-08-24T03:12:11+00:00,claude_fable_5_paper_reset_v2
529,doi:10.5220/0010865000003124,10.5220/0010865000003124,,The MVTec 3D-AD Dataset for Unsupervised 3D Anomaly Detection and Localization,Paul Bergmann; Xin Jin; David Sattlegger; Carsten Steger,2022,"Proceedings of the 17th International Joint Conference on Computer Vision, Imaging and Computer Graphics Theory and Applications",other,L8_public_benchmarks_transfer,7.5,true,EXCLUDE,NOT_ROBOT_DOMAIN,MVTec 3D visual AD dataset,,2026-08-24T03:12:11+00:00,claude_fable_5_paper_reset_v2
530,doi:10.5281/zenodo.21627629,10.5281/zenodo.21627629,,VAP-Guo/SE2-Equivariant-Fault-Detection-Robotic-Arm: SE2-Equivariant-Fault-Detection-Robotic-Arm,Yancheng Guo,2026,Open MIND,other,L5_lie_geometry_equivariant,7.5,true,INCLUDE_PRIORITY,KILLER_CANDIDATE,SE(2)-equivariant fault detection for 2-DoF arm (Zenodo 2026): symmetry residuals + invariant-state deviations — direct occupancy probe of the equivariance-residual idea; must audit code+claims,L5_lie_geometry_equivariant,2026-08-24T03:12:11+00:00,claude_fable_5_paper_reset_v2
531,doi:10.9717/kmms.2026.29.2.262,10.9717/kmms.2026.29.2.262,,Anomaly Detection and Robot Foundation Model-Based Robot Arm Control Platform for Manufacturing AX,Ih-Man Seo; Oh-Seol Kwon,2026,Journal of Korea Multimedia Society,other,L9_foundation_multimodal,7.5,true,INCLUDE_BACKGROUND,CONTEXT_RELEVANT,AD + robot-foundation-model control platform (weak venue); manufacturing AX trend,L9_foundation_multimodal,2026-08-24T03:12:11+00:00,claude_fable_5_paper_reset_v2
532,tay:fault tolerant multi modal localization of multi robots on matrix lie groups|zarei|2025,,2505.00842v1,Fault-Tolerant Multi-Modal Localization of Multi-Robots on Matrix Lie Groups,Mahboubeh Zarei; Robin Chhabra,2025,arXiv,other,L5_lie_geometry_equivariant,7.5,true,INCLUDE_FULLTEXT,LINEAGE_QUOTA,Fault-tolerant multi-modal localization on matrix Lie groups (2025); how Lie structure is actually used for fault robustness — L5,L5_lie_geometry_equivariant,2026-08-24T03:12:11+00:00,claude_fable_5_paper_reset_v2
533,tay:from passive monitoring to active defence resilient control of manipulators under cyberattacks|gualandi|2026,,2603.13003v2,From Passive Monitoring to Active Defence: Resilient Control of Manipulators Under Cyberattacks,Gabriele Gualandi; Alessandro V. Papadopoulos,2026,arXiv,other,L11_active_diagnosis,7.5,true,INCLUDE_FULLTEXT,LINEAGE_QUOTA,Active defence vs stealthy FDIA on redundant manipulators (2026); active probing to expose residual-evading anomalies — L11,L11_active_diagnosis,2026-08-24T03:12:11+00:00,claude_fable_5_paper_reset_v2
534,doi:10.1016/j.cmpbup.2021.100015,10.1016/j.cmpbup.2021.100015,,IoT Enabled Automated Object Recognition for the Visually Impaired,Md. Atikur Rahman; Muhammad Sheikh Sadi,2021,Computer Methods and Programs in Biomedicine Update,other,L_killer_precision,7.495,true,EXCLUDE,NOT_ROBOT_DOMAIN,Assistive object recognition,,2026-08-24T03:12:11+00:00,claude_fable_5_paper_reset_v2
535,doi:10.3390/app13042634,10.3390/app13042634,,State Observer Based Robust Backstepping Fault-Tolerant Control of the Free-Floating Flexible-Joint Space Manipulator,Limin Xie; Xiaoyan Yu,2023,Applied Sciences,MDPI,L2_manipulator_actuator_sensor_fdi,7.491,true,EXCLUDE,OFF_TOPIC_OTHER,Space-manipulator FTC (MDPI),,2026-08-24T03:12:11+00:00,claude_fable_5_paper_reset_v2
536,doi:10.3390/machines12090630,10.3390/machines12090630,,Artificial-Intelligence-Based Condition Monitoring of Industrial Collaborative Robots: Detecting Anomalies and Adapting to Trajectory Changes,Samuel Ayankoso; Fengshou Gu; Hassna Louadah; Hamidreza Fahham; Andrew Ball,2024,Machines,MDPI,L8_public_benchmarks_transfer,7.491,true,INCLUDE_FULLTEXT,LINEAGE_QUOTA,"Cobot AD + adaptation to trajectory changes on UR data (Machines 2024, MDPI — occupancy evidence only, not an anchor; likely published form of ssrn.4858660); context-shift topic",L7_mtsad_context_ood_sequential,2026-08-24T03:12:11+00:00,claude_fable_5_paper_reset_v2
537,doi:10.1103/prxquantum.4.020303,10.1103/prxquantum.4.020303,,Logical Blocks for Fault-Tolerant Topological Quantum Computation,Héctor Bombín; C. Dawson; Ryan V. Mishmash; Naomi Nickerson; Fernando Pastawski; Sam Roberts,2023,PRX Quantum,other,L2_manipulator_actuator_sensor_fdi,7.447,true,EXCLUDE,NOT_ROBOT_DOMAIN,Quantum fault tolerance,,2026-08-24T03:12:11+00:00,claude_fable_5_paper_reset_v2
538,doi:10.3390/s21196674,10.3390/s21196674,,Uncertainty-Aware Knowledge Distillation for Collision Identification of Collaborative Robots,Wookyong Kwon; Yongsik Jin; Sang Jun Lee,2021,Sensors,MDPI,L3_learned_momentum_observer,7.439,true,INCLUDE_BACKGROUND,VENUE_EXCLUDED_MDPI,Uncertainty-aware distillation of CollisionNet (Sensors); Korean collision-learning line,L6_contact_collision_localization,2026-08-24T03:12:11+00:00,claude_fable_5_paper_reset_v2
539,doi:10.3390/s22093439,10.3390/s22093439,,Collision Localization and Classification on the End-Effector of a Cable-Driven Manipulator Applied to EV Auto-Charging Based on DCNN–SVM,Haoyu Lin; Pengkun Quan; Zhuo Liang; Ya’nan Lou; Dongbo Wei; Shichun Di,2022,Sensors,MDPI,L3_learned_momentum_observer,7.439,true,INCLUDE_BACKGROUND,VENUE_EXCLUDED_MDPI,DCNN-SVM collision localization/classification on cable-driven manipulator (Sensors),L6_contact_collision_localization,2026-08-24T03:12:11+00:00,claude_fable_5_paper_reset_v2
540,doi:10.1371/journal.pone.0296879,10.1371/journal.pone.0296879,,A comprehensive guide to CAN IDS data and introduction of the ROAD dataset,Miki E. Verma; Robert A. Bridges; Michael D. Iannacone; Samuel C. Hollifield; Pablo Moriano; Steven C. Hespeler; Bill Kay; Frank L. Combs,2024,PLoS ONE,other,L_killer_precision,7.436,true,EXCLUDE,NOT_ROBOT_DOMAIN,Vehicle-CAN 'ROAD' dataset — name collision with our RoAD,,2026-08-24T03:12:11+00:00,claude_fable_5_paper_reset_v2
541,doi:10.1109/lra.2022.3141194,10.1109/lra.2022.3141194,,Efficient Analytical Derivatives of Rigid-Body Dynamics Using Spatial Vector Algebra,Shubham Singh; Ryan P. Russell; Patrick M. Wensing,2022,IEEE Robotics and Automation Letters,R,L5_lie_geometry_equivariant,7.431,true,INCLUDE_BACKGROUND,CONTEXT_RELEVANT,Analytical RBD derivatives via spatial vector algebra (RAL22); L4 dynamics tooling,L4_structured_chain_graph_dynamics,2026-08-24T03:12:11+00:00,claude_fable_5_paper_reset_v2
542,doi:10.48550/arxiv.2112.01871,10.48550/arxiv.2112.01871,,Active Inference in Robotics and Artificial Agents: Survey and Challenges,Pablo Lanillos; Cristian Meo; Corrado Pezzato; Ajith Anil Meera; Mohamed Baioumy; Wataru Ohata; Alexander Tschantz; Beren Millidge; Martijn Wisse; Christopher L. Buckley; Jun Tani,2021,arXiv (Cornell University),other,L2_manipulator_actuator_sensor_fdi,7.426,true,INCLUDE_FULLTEXT,LINEAGE_QUOTA,Active inference in robotics survey (Lanillos+); free-energy state estimation incl. fault handling — L11 anchor,L11_active_diagnosis,2026-08-24T03:12:11+00:00,claude_fable_5_paper_reset_v2
543,doi:10.1109/access.2023.3276297,10.1109/access.2023.3276297,,CLUE-AI: A Convolutional Three-Stream Anomaly Identification Framework for Robot Manipulation,Doğan Altan; Sanem Sarıel,2023,IEEE Access,other,L9_foundation_multimodal,7.416,true,INCLUDE_FULLTEXT,LINEAGE_QUOTA,CLUE-AI three-stream (vision/audio/proprio) anomaly identification for manipulation; L9 multimodal robot AD,L9_foundation_multimodal,2026-08-24T03:12:11+00:00,claude_fable_5_paper_reset_v2
544,doi:10.1109/lra.2025.3585714,10.1109/lra.2025.3585714,,Modular Actuator for Multimodal Proprioceptive and Kinesthetic Feedback of Robotic Hands,Sungwoo Park; Myo-Taeg Lim; Donghyun Hwang,2025,IEEE Robotics and Automation Letters,R,L9_foundation_multimodal,7.416,true,EXCLUDE,NOT_FAULT_ANOMALY_TOPIC,Actuator hardware with PK feedback,,2026-08-24T03:12:11+00:00,claude_fable_5_paper_reset_v2
545,doi:10.1109/me61309.2024.10789704,10.1109/me61309.2024.10789704,,Kinematic Analysis and Torque Dynamics of a 5-DOF Robotic Manipulator for Enhanced Precision and Fault Detection in FDM 3D Printing,Suliman Badour; Martin Novák,2024,2024 21st International Conference on Mechatronics - Mechatronika (ME),other,L5_lie_geometry_equivariant,7.416,true,EXCLUDE,NOT_FAULT_ANOMALY_TOPIC,Kinematics/torque analysis for 3D-printing manipulator,,2026-08-24T03:12:11+00:00,claude_fable_5_paper_reset_v2
546,doi:10.1126/scirobotics.adr8263,10.1126/scirobotics.adr8263,,Web-based distributed robot localization,Amos Matsiko,2024,Science Robotics,S,L6_contact_collision_localization,7.416,true,EXCLUDE,NOT_FAULT_ANOMALY_TOPIC,Distributed localization highlight,,2026-08-24T03:12:11+00:00,claude_fable_5_paper_reset_v2
547,doi:10.1038/s41598-023-31193-8,10.1038/s41598-023-31193-8,,Anomaly detection using spatial and temporal information in multivariate time series,Zhiwen Tian; Ming Zhuo; Leyuan Liu; Junyi Chen; Shijie Zhou,2023,Scientific Reports,other,L8_public_benchmarks_transfer,7.415,true,INCLUDE_BACKGROUND,CONTEXT_RELEVANT,Spatio-temporal MTSAD (Sci Rep),L7_mtsad_context_ood_sequential,2026-08-24T03:12:11+00:00,claude_fable_5_paper_reset_v2
548,doi:10.3389/frobt.2025.1554196,10.3389/frobt.2025.1554196,,A systematic survey: role of deep learning-based image anomaly detection in industrial inspection contexts,Vinita Shukla; Amit Shukla; Surya Prakash S. K; Shraddha Shukla,2025,Frontiers in Robotics and AI,other,L8_public_benchmarks_transfer,7.407,true,EXCLUDE,NOT_ROBOT_DOMAIN,Industrial image AD survey,,2026-08-24T03:12:11+00:00,claude_fable_5_paper_reset_v2
549,doi:10.1016/j.mechmachtheory.2023.105439,10.1016/j.mechmachtheory.2023.105439,,Collaborative robot dynamics with physical human–robot interaction and parameter identification with PINN,Xingyu Yang; Zhengxue Zhou; Leihui Li; Xuping Zhang,2023,Mechanism and Machine Theory,other,L6_contact_collision_localization,7.404,true,INCLUDE_FULLTEXT,LINEAGE_QUOTA,Cobot pHRI dynamics + PINN parameter identification (MMT23); L4 physics-informed structure,L4_structured_chain_graph_dynamics,2026-08-24T03:12:11+00:00,claude_fable_5_paper_reset_v2
550,doi:10.1109/access.2022.3167640,10.1109/access.2022.3167640,,Hybrid Anomaly Detection via Multihead Dynamic Graph Attention Networks for Multivariate Time Series,Liwen Zhou; Qingkui Zeng; Bo Li,2022,IEEE Access,other,L8_public_benchmarks_transfer,7.404,true,INCLUDE_BACKGROUND,CONTEXT_RELEVANT,Dynamic graph attention MTSAD (Access),L7_mtsad_context_ood_sequential,2026-08-24T03:12:11+00:00,claude_fable_5_paper_reset_v2
551,doi:10.4310/cntp.2021.v15.n1.a4,10.4310/cntp.2021.v15.n1.a4,,Vafa–Witten invariants from modular anomaly,Sergei Alexandrov,2021,Communications in Number Theory and Physics,other,L_killer_precision,7.382,true,EXCLUDE,NOT_ROBOT_DOMAIN,Modular anomaly in number theory (term collision),,2026-08-24T03:12:11+00:00,claude_fable_5_paper_reset_v2
552,doi:10.48550/arxiv.2112.06374,10.48550/arxiv.2112.06374,,Learning Generalizable Vision-Tactile Robotic Grasping Strategy for Deformable Objects via Transformer,"Yunhai Han; Yu, Kelin; Rahul Batra; Nathan S. Boyd; Mehta, Chaitanya; Tuo Zhao; Yu She; Seth Hutchinson; Ye Zhao",2021,arXiv (Cornell University),other,L_killer_precision,7.382,true,EXCLUDE,NOT_FAULT_ANOMALY_TOPIC,Vision-tactile grasping,,2026-08-24T03:12:11+00:00,claude_fable_5_paper_reset_v2
553,doi:10.1016/j.arcontrol.2024.100949,10.1016/j.arcontrol.2024.100949,,Modelling and control of manipulators for inspection and maintenance in challenging environments: A literature review,A. Pistone; Daniele Ludovico; Lorenzo De Mari Casareto Dal Verme; Sergio Leggieri; C. Canali; Darwin G. Caldwell,2024,Annual Reviews in Control,other,L6_contact_collision_localization,7.359,true,INCLUDE_BACKGROUND,CONTEXT_RELEVANT,Manipulators for inspection/maintenance review (ARC),L2_manipulator_actuator_sensor_fdi,2026-08-24T03:12:11+00:00,claude_fable_5_paper_reset_v2
554,doi:10.1109/jsen.2024.3496905,10.1109/jsen.2024.3496905,,Sensor-Enabled Safety Systems for Human–Robot Collaboration: A Review,Constantin Scholz; Hoang-Long Cao; Emil Imrith; Nima Roshandel; Hamed Firouzipouyaei; Aleksander Burkiewicz; Milan Amighi; Sebastien Menet; Dylan Warawout Sisavath; Antonio Paolillo; Xavier Rottenberg; Peter Gerets; David Cheyns; Marcus S. Dahlem; Ilja Ocket; Jan Genoe; Kathleen Philips; Ben Stoffelen; Jeroen Van den Bosch; Steven Latré; Bram Vanderborght,2024,IEEE Sensors Journal,other,L2_manipulator_actuator_sensor_fdi,7.359,true,INCLUDE_BACKGROUND,CONTEXT_RELEVANT,Sensor-enabled HRC safety review (JSEN),L6_contact_collision_localization,2026-08-24T03:12:11+00:00,claude_fable_5_paper_reset_v2
555,doi:10.1007/s44430-025-00004-2,10.1007/s44430-025-00004-2,,Model-free trajectory tracking control of a 5-DOF mitsubishi robotic arm using deep deterministic policy gradient algorithm,Zied Ben Hazem; Nivine Güler; Ali Husain Altaif,2025,Discover Robotics,other,L2_manipulator_actuator_sensor_fdi,7.355,true,EXCLUDE,NOT_FAULT_ANOMALY_TOPIC,DDPG tracking control,,2026-08-24T03:12:11+00:00,claude_fable_5_paper_reset_v2
556,doi:10.1016/j.dsp.2022.103704,10.1016/j.dsp.2022.103704,,Time series anomaly detection in power electronics signals with recurrent and ConvLSTM autoencoders,Majdi I. Radaideh; Chris H. Pappas; Jared Walden; Dan Lu; Lasitha Vidyaratne; T. Britton; Kishansingh Rajput; Malachi Schram; Sarah Cousineau,2022,Digital Signal Processing,other,L8_public_benchmarks_transfer,7.347,false,EXCLUDE,NOT_ROBOT_DOMAIN,Power-electronics AE AD,,2026-08-24T03:12:11+00:00,claude_fable_5_paper_reset_v2
557,doi:10.1016/j.future.2024.107632,10.1016/j.future.2024.107632,,Quantum machine learning algorithms for anomaly detection: A review,Sebastiano Corli; Lorenzo Moro; Daniele Dragoni; Massimiliano Dispenza; Enrico Prati,2024,Future Generation Computer Systems,other,L8_public_benchmarks_transfer,7.347,false,EXCLUDE,NOT_ROBOT_DOMAIN,Quantum-ML AD review,,2026-08-24T03:12:11+00:00,claude_fable_5_paper_reset_v2
558,doi:10.1109/access.2022.3178592,10.1109/access.2022.3178592,,Robust Unsupervised Anomaly Detection With Variational Autoencoder in Multivariate Time Series Data,Umaporn Yokkampon; Abbe Mowshowitz; Sakmongkon Chumkamon; Eiji Hayashi,2022,IEEE Access,other,L8_public_benchmarks_transfer,7.335,true,INCLUDE_BACKGROUND,CONTEXT_RELEVANT,Robust VAE MTSAD (Access),L7_mtsad_context_ood_sequential,2026-08-24T03:12:11+00:00,claude_fable_5_paper_reset_v2
559,doi:10.1088/2631-8695/addd5c,10.1088/2631-8695/addd5c,,A cross-domain intelligent fault diagnosis method based on three-branch meta metric learning network for few-shot fault diagnosis,Bo Wang; Wenlong Yang,2025,Engineering Research Express,other,L_killer_precision,7.332,true,INCLUDE_BACKGROUND,CONTEXT_RELEVANT,Meta metric-learning few-shot cross-domain bearing FD (ERX),L10_cross_robot_few_shot,2026-08-24T03:12:11+00:00,claude_fable_5_paper_reset_v2
560,doi:10.1109/jproc.2023.3272780,10.1109/jproc.2023.3272780,,"Touch Technology in Affective Human–, Robot–, and Virtual–Human Interactions: A Survey",Temitayo Olugbade; Liang He; Perla Maiolino; Dirk Heylen; Nadia Bianchi‐Berthouze,2023,Proceedings of the IEEE,other,L6_contact_collision_localization,7.323,true,EXCLUDE,NOT_FAULT_ANOMALY_TOPIC,Affective touch survey,,2026-08-24T03:12:11+00:00,claude_fable_5_paper_reset_v2
561,doi:10.1109/cai59869.2024.00226,10.1109/cai59869.2024.00226,,Self-Supervised Modular Architecture for Multi-Sensor Anomaly Detection and Localization,Mohammed Ayalew Belay; Adil Rasheed; Pierluigi Salvo Rossi,2024,2024 IEEE Conference on Artificial Intelligence (CAI),other,L_killer_precision,7.318,true,INCLUDE_FULLTEXT,LINEAGE_QUOTA,Self-supervised modular multi-sensor AD + localization (IEEE CAI24); modular AD architecture — domain to verify in fulltext,L7_mtsad_context_ood_sequential,2026-08-24T03:12:11+00:00,claude_fable_5_paper_reset_v2
562,doi:10.3390/s24216837,10.3390/s24216837,,Adaptive Fault-Tolerant Tracking Control for Multi-Joint Robot Manipulators via Neural Network-Based Synchronization,Quang Dan Le; Erfu Yang,2024,Sensors,MDPI,L2_manipulator_actuator_sensor_fdi,7.318,true,EXCLUDE,OFF_TOPIC_OTHER,Synchronization FTC (MDPI),,2026-08-24T03:12:11+00:00,claude_fable_5_paper_reset_v2
563,doi:10.1016/j.rcim.2021.102250,10.1016/j.rcim.2021.102250,,"Automatic self-contained calibration of an industrial dual-arm robot with cameras using self-contact, planar constraints, and self-observation",Karla Štěpánová; Jakub Rozlivek; Frantisek Puciow; Pavel Kršek; Tomáš Pajdla; Matej Hoffmann,2021,Robotics and Computer-Integrated Manufacturing,other,L6_contact_collision_localization,7.31,true,EXCLUDE,NOT_FAULT_ANOMALY_TOPIC,Self-contact kinematic calibration,,2026-08-24T03:12:11+00:00,claude_fable_5_paper_reset_v2
564,doi:10.1007/s11071-024-10030-1,10.1007/s11071-024-10030-1,,Nonlinear dynamic model identification of robots: application to collision detection using a finite-time nonlinear momentum observer,Yufei Zhou; Zhongcan Li; Angang Feng; Yanhui Li; Mingchao Zhu,2024,Nonlinear Dynamics,other,L7_mtsad_context_ood_sequential,7.248,false,INCLUDE_FULLTEXT,LINEAGE_QUOTA,Model identification + finite-time nonlinear momentum observer for collision detection (Nonlinear Dyn 24); L3,L3_learned_momentum_observer,2026-08-24T03:12:11+00:00,claude_fable_5_paper_reset_v2
565,doi:10.1016/j.enconman.2023.116986,10.1016/j.enconman.2023.116986,,A new concept of water management diagnosis for a PEM fuel cell system,Meziane Ait Ziane; Cédric Join; Michel Benne; Cédric Damour; Nadia Yousfi Steiner; Marie‐Cécile Péra,2023,Energy Conversion and Management,other,L2_manipulator_actuator_sensor_fdi,7.243,false,EXCLUDE,NOT_ROBOT_DOMAIN,Fuel-cell water management,,2026-08-24T03:12:11+00:00,claude_fable_5_paper_reset_v2
566,doi:10.3390/automation3010011,10.3390/automation3010011,,Reinforcement Learning for Collaborative Robots Pick-and-Place Applications: A Case Study,Natanael Magno Gomes; Felipe N. Martins; José Lima; H. J. Wörtche,2022,Automation,other,L8_public_benchmarks_transfer,7.228,true,EXCLUDE,NOT_FAULT_ANOMALY_TOPIC,RL pick-and-place case study,,2026-08-24T03:12:11+00:00,claude_fable_5_paper_reset_v2
567,doi:10.3390/buildings12122057,10.3390/buildings12122057,,Human–Robot Collaboration and Lean Waste Elimination: Conceptual Analogies and Practical Synergies in Industrialized Construction,Marina Marinelli,2022,Buildings,other,L3_learned_momentum_observer,7.228,true,EXCLUDE,NOT_ROBOT_DOMAIN,HRC lean-construction analogies,,2026-08-24T03:12:11+00:00,claude_fable_5_paper_reset_v2
568,doi:10.1145/3544548.3581468,10.1145/3544548.3581468,,HOOV: Hand Out-Of-View Tracking for Proprioceptive Interaction using Inertial Sensing,Paul Streli; Rayan Armani; Yi Fei Cheng; Christian Holz,2023,,other,L6_contact_collision_localization,7.213,true,EXCLUDE,NOT_ROBOT_DOMAIN,VR hand tracking,,2026-08-24T03:12:11+00:00,claude_fable_5_paper_reset_v2
569,doi:10.1007/978-3-030-54173-6,10.1007/978-3-030-54173-6,,"Robotics, AI, and Humanity",Joachim von Braun; Margaret S. Archer; Gregory M. Reichberg; Marcelo Sánchez Sorondo,2021,,other,L6_contact_collision_localization,7.198,true,EXCLUDE,OFF_TOPIC_OTHER,Edited humanities volume,,2026-08-24T03:12:11+00:00,claude_fable_5_paper_reset_v2
570,doi:10.1007/s10845-024-02341-2,10.1007/s10845-024-02341-2,,A review of external sensors for human detection in a human robot collaborative environment,Zainab Saleem; Fredrik Gustafsson; Eoghan Furey; Marion McAfee; Saif Huq,2024,Journal of Intelligent Manufacturing,other,L6_contact_collision_localization,7.198,true,EXCLUDE,SURVEY_TANGENTIAL,External human-detection sensor review,,2026-08-24T03:12:11+00:00,claude_fable_5_paper_reset_v2
571,doi:10.1016/j.rcim.2021.102210,10.1016/j.rcim.2021.102210,,Contact force and torque sensing for serial manipulator based on an adaptive Kalman filter with variable time period,Feng Cao; Paul D. Docherty; Siliang Ni; XiaoQi Chen,2021,Robotics and Computer-Integrated Manufacturing,other,L6_contact_collision_localization,7.183,false,INCLUDE_BACKGROUND,CONTEXT_RELEVANT,Adaptive-KF contact force/torque sensing on serial manipulator (RCIM),L6_contact_collision_localization,2026-08-24T03:12:11+00:00,claude_fable_5_paper_reset_v2
572,doi:10.1109/access.2024.3521946,10.1109/access.2024.3521946,,Wireless Anomaly Signal Dataset (WASD): An Open Dataset for Wireless Cellular Spectrum Monitoring and Anomaly Detection,Jinha Kim; Hyeongwoo Kim; Byungkwan Kim,2024,IEEE Access,other,L8_public_benchmarks_transfer; L_recent_2025_2026,7.168,true,EXCLUDE,NOT_ROBOT_DOMAIN,Wireless spectrum AD dataset,,2026-08-24T03:12:11+00:00,claude_fable_5_paper_reset_v2
573,doi:10.4230/oasics.dx.2024.11,10.4230/oasics.dx.2024.11,,Graph-Augmented Normalizing Flows for Anomaly Detection of Multiple Time Series,"Heppel, Lukas; Gerhardus, Andreas; Rewicki, Ferdinand; Deeken, Jan; Waxenegger-Wilfing, Günther",2022,arXiv (Cornell University),other,L8_public_benchmarks_transfer,7.167,true,INCLUDE_BACKGROUND,CONTEXT_RELEVANT,GANF graph-augmented normalizing flows for MTS AD; flow+graph family,L7_mtsad_context_ood_sequential,2026-08-24T03:12:11+00:00,claude_fable_5_paper_reset_v2
574,doi:10.1016/j.automatica.2023.110903,10.1016/j.automatica.2023.110903,,Active input design for simultaneous fault estimation and fault-tolerant control of LPV systems,Junbo Tan; Huailiang Zheng; Deshan Meng; Xueqian Wang; Bin Liang,2023,Automatica,C,L11_active_diagnosis,7.164,false,INCLUDE_FULLTEXT,LINEAGE_QUOTA,Active input design for simultaneous fault estimation and FTC of LPV systems (Automatica23); L11 core theory,L11_active_diagnosis,2026-08-24T03:12:11+00:00,claude_fable_5_paper_reset_v2
575,doi:10.1038/s41467-026-71188-3,10.1038/s41467-026-71188-3,,Transforming healthcare through in-body bioelectronic systems,Steven Ceto; Stacey Amanda Elshove; Mingzheng Wu; Khalil B. Ramadi; Christoph Tondera; Ivan R. Minev; Shriya S. Srinivasan; Kyuhwa Lee; Michalina J. Gora; John A. Rogers; Claudia Kathe; Thomas H. Hutson,2026,Nature Communications,S,L5_lie_geometry_equivariant,7.159,true,EXCLUDE,NOT_ROBOT_DOMAIN,In-body bioelectronics,,2026-08-24T03:12:11+00:00,claude_fable_5_paper_reset_v2
576,doi:10.1109/tcds.2025.3596649,10.1109/tcds.2025.3596649,,Grasp Representation and Detection With Consistent Path in Robotic Grasping,Lu Chen; Zhuomao Li; Jing Yang; Zhenyu Lu; Peng Wu; Tianhua Chen,2025,IEEE Transactions on Cognitive and Developmental Systems,other,L_killer_precision,7.159,true,EXCLUDE,NOT_FAULT_ANOMALY_TOPIC,Grasp detection,,2026-08-24T03:12:11+00:00,claude_fable_5_paper_reset_v2
577,doi:10.1109/tii.2026.3691586,10.1109/tii.2026.3691586,,DiagConTA: Continual Test-Time Domain Adaptation for Industrial Fault Diagnosis Under Dynamic Working Conditions,Bojian Chen; Jingde Li; Qi Li; Jinchuan Qian; Xinmin Zhang; Changqing Shen; Zhihuan Song,2026,IEEE Transactions on Industrial Informatics,C,L10_cross_robot_few_shot,7.159,true,INCLUDE_BACKGROUND,CONTEXT_RELEVANT,DiagConTA continual TTA FD (TII26); covered conceptually by CoUDA + TII-TTA fulltexts,L10_cross_robot_few_shot,2026-08-24T03:12:11+00:00,claude_fable_5_paper_reset_v2
578,doi:10.21203/rs.3.rs-8621244/v1,10.21203/rs.3.rs-8621244/v1,,Deep Reinforcement Learning for Surgical Robotics with State and Image Information: A Survey,Edoardo Fazzari; Cesare Stefanini,2026,Research Square,other,L_killer_precision,7.159,false,EXCLUDE,METADATA_TOO_THIN,Surgical DRL survey stub,,2026-08-24T03:12:11+00:00,claude_fable_5_paper_reset_v2
579,doi:10.1002/aisy.202300823,10.1002/aisy.202300823,,Human–Robot Collaboration in Modern Agriculture: A Review of the Current Research Landscape,Mustafa Ozkan Yerebakan; Boyi Hu,2024,Advanced Intelligent Systems,other,L2_manipulator_actuator_sensor_fdi,7.15,true,EXCLUDE,NOT_ROBOT_DOMAIN,Agricultural HRC review,,2026-08-24T03:12:11+00:00,claude_fable_5_paper_reset_v2
580,doi:10.3390/app13042675,10.3390/app13042675,,Review of Fault-Tolerant Control Systems Used in Robotic Manipulators,Andrzej Milecki; Patryk Nowak,2023,Applied Sciences,MDPI,L4_structured_chain_graph_dynamics,7.133,true,INCLUDE_BACKGROUND,VENUE_EXCLUDED_MDPI,FTC-in-manipulators review (ApplSci),L2_manipulator_actuator_sensor_fdi,2026-08-24T03:12:11+00:00,claude_fable_5_paper_reset_v2
581,doi:10.1016/j.automatica.2022.110348,10.1016/j.automatica.2022.110348,,RETRACTED: Input design for integrated active fault diagnosis and output tracking control,Junbo Tan; Feng Xu; Yushuai Wang; Bin Liang,2022,Automatica,C,L11_active_diagnosis,7.125,false,EXCLUDE,OFF_TOPIC_OTHER,RETRACTED active-FD paper — excluded for retraction; noted for the negative-search log,,2026-08-24T03:12:11+00:00,claude_fable_5_paper_reset_v2
582,doi:10.1155/2021/5559231,10.1155/2021/5559231,,Environment Perception Technologies for Power Transmission Line Inspection Robots,Minghao Chen; Yunong Tian; Shiyu Xing; Zhishuo Li; En Li; Zize Liang; Rui Guo,2021,Journal of Sensors,other,L6_contact_collision_localization,7.116,true,EXCLUDE,WRONG_OBJECT,Transmission-line inspection robots,,2026-08-24T03:12:11+00:00,claude_fable_5_paper_reset_v2
583,doi:10.3390/computers13060136,10.3390/computers13060136,,Object Tracking Using Computer Vision: A Review,Pushkar Kadam; Gu Fang; Ju Jia Zou,2024,Computers,other,L_killer_precision,7.116,true,EXCLUDE,NOT_ROBOT_DOMAIN,Object-tracking review,,2026-08-24T03:12:11+00:00,claude_fable_5_paper_reset_v2
584,doi:10.1109/tii.2024.3523572,10.1109/tii.2024.3523572,,A Contrastive Representation Domain Adaptation Method for Industrial Time-Series Cross-Domain Prediction,Zidi Jia; Lei Ren; Yang Tang,2025,IEEE Transactions on Industrial Informatics,C,L10_cross_robot_few_shot,7.083,true,INCLUDE_BACKGROUND,CONTEXT_RELEVANT,Contrastive DA for industrial TS prediction (TII),L10_cross_robot_few_shot,2026-08-24T03:12:11+00:00,claude_fable_5_paper_reset_v2
585,doi:10.3390/ai3030045,10.3390/ai3030045,,Bridging East-West Differences in Ethics Guidance for AI and Robotics,Nancy S. Jecker; Eisuke Nakazawa,2022,AI,other,L2_manipulator_actuator_sensor_fdi,7.079,true,EXCLUDE,NOT_ROBOT_DOMAIN,AI ethics East-West,,2026-08-24T03:12:11+00:00,claude_fable_5_paper_reset_v2
586,doi:10.1038/s41598-024-68597-z,10.1038/s41598-024-68597-z,,Precision improvement of robotic bioprinting via vision-based tool path compensation,Erfan Shojaei Barjuei; Joonhwan Shin; Keekyoung Kim; Jihyun Lee,2024,Scientific Reports,other,L8_public_benchmarks_transfer,7.041,true,EXCLUDE,NOT_ROBOT_DOMAIN,Bioprinting path compensation,,2026-08-24T03:12:11+00:00,claude_fable_5_paper_reset_v2
587,doi:10.1017/9781009744225.007,10.1017/9781009744225.007,,Chief Justice Robots,Eugene Volokh,2026,Cambridge University Press eBooks,other,L2_manipulator_actuator_sensor_fdi,7.039,true,EXCLUDE,NOT_ROBOT_DOMAIN,Law essay,,2026-08-24T03:12:11+00:00,claude_fable_5_paper_reset_v2
588,doi:10.1186/s44147-023-00279-5,10.1186/s44147-023-00279-5,,A learning-based approach to fault detection and fault-tolerant control of permanent magnet DC motors,Abolghasem Sardashti; Jamal A. Nazari,2023,Journal of Engineering and Applied Science,other,L2_manipulator_actuator_sensor_fdi,7.02,true,INCLUDE_BACKGROUND,CONTEXT_RELEVANT,Learning FD+FTC for PMDC motors; actuator-level,L2_manipulator_actuator_sensor_fdi,2026-08-24T03:12:11+00:00,claude_fable_5_paper_reset_v2
589,doi:10.48550/arxiv.2312.02530,10.48550/arxiv.2312.02530,,MEMTO: Memory-guided Transformer for Multivariate Time Series Anomaly Detection,Junho Song; Keonwoo Kim; Jeonglyul Oh; Sungzoon Cho,2023,arXiv (Cornell University),other,L8_public_benchmarks_transfer,7.02,true,INCLUDE_FULLTEXT,METHOD_RELEVANT,MEMTO memory-guided transformer MTSAD (NeurIPS23); frozen recent-MTSAD baseline-slot candidate (audit PA usage),L7_mtsad_context_ood_sequential,2026-08-24T03:12:11+00:00,claude_fable_5_paper_reset_v2
590,doi:10.1002/aisy.202300359,10.1002/aisy.202300359,,Multimodal Human–Robot Interaction for Human‐Centric Smart Manufacturing: A Survey,Tian Wang; Pai Zheng; Shufei Li; Lihui Wang,2023,Advanced Intelligent Systems,other,L10_cross_robot_few_shot,7.0,true,EXCLUDE,SURVEY_TANGENTIAL,Multimodal HRI survey,,2026-08-24T03:12:11+00:00,claude_fable_5_paper_reset_v2
591,doi:10.1007/s10489-022-03344-3,10.1007/s10489-022-03344-3,,Machine learning techniques applied to mechanical fault diagnosis and fault prognosis in the context of real industrial manufacturing use-cases: a systematic literature review,Marta Fernandes; Juan M. Corchado; Goreti Marreiros,2022,Applied Intelligence,other,L10_cross_robot_few_shot,7.0,false,EXCLUDE,PROCESS_MACHINERY_ONLY,Industrial ML-FD SLR,,2026-08-24T03:12:11+00:00,claude_fable_5_paper_reset_v2
592,doi:10.1016/0005-1098(94)90209-7,10.1016/0005-1098(94)90209-7,,"A survey of models, analysis tools and compensation methods for the control of machines with friction",Brian Armstrong-Hélouvry; Pierre E. Dupont; Carlos Canudas de Wit,1994,Automatica,C,L5_lie_geometry_equivariant,7.0,true,INCLUDE_FULLTEXT,CLASSIC_ANCHOR,Armstrong-Helouvry friction survey (Automatica 1994); classic anchor — friction is the dominant confounder of every torque-residual detector,L3_learned_momentum_observer,2026-08-24T03:12:11+00:00,claude_fable_5_paper_reset_v2
593,doi:10.1016/j.cja.2021.10.006,10.1016/j.cja.2021.10.006,,Rotating machinery fault detection and diagnosis based on deep domain adaptation: A survey,Siyu Zhang; Lei Su; Jiefei Gu; Ke Li; Lang Zhou; Michael Pecht,2021,Chinese Journal of Aeronautics,other,L10_cross_robot_few_shot,7.0,true,EXCLUDE,PROCESS_MACHINERY_ONLY,Rotating-machinery DA survey (covered by TIM review),,2026-08-24T03:12:11+00:00,claude_fable_5_paper_reset_v2
594,doi:10.1016/j.neunet.2024.106099,10.1016/j.neunet.2024.106099,,Causal Disentanglement Domain Generalization for time-series signal fault diagnosis,Linshan Jia; Tommy W.S. Chow; Yixuan Yuan,2024,Neural Networks,other,L10_cross_robot_few_shot,7.0,false,INCLUDE_FULLTEXT,METHOD_RELEVANT,Causal disentanglement domain generalization for TS FD (Neural Networks 24); causal context-invariance mechanism relevant to fault-vs-context separation,L10_cross_robot_few_shot,2026-08-24T03:12:11+00:00,claude_fable_5_paper_reset_v2
595,doi:10.1016/j.ress.2023.109171,10.1016/j.ress.2023.109171,,Cross-domain augmentation diagnosis: An adversarial domain-augmented generalization method for fault diagnosis under unseen working conditions,Qi Li; Liang Chen; Lin Kong; Dong Wang; Min Xia; Changqing Shen,2023,Reliability Engineering & System Safety,other,L10_cross_robot_few_shot,7.0,false,INCLUDE_BACKGROUND,CONTEXT_RELEVANT,Adversarial domain-augmented generalization for unseen conditions (RESS),L10_cross_robot_few_shot,2026-08-24T03:12:11+00:00,claude_fable_5_paper_reset_v2
596,doi:10.1016/j.ress.2023.109891,10.1016/j.ress.2023.109891,,A novel generalized source-free domain adaptation approach for cross-domain industrial fault diagnosis,Jilun Tian; Jiusi Zhang; Yuchen Jiang; Shimeng Wu; Hao Luo; Shen Yin,2024,Reliability Engineering &amp; System Safety,other,L10_cross_robot_few_shot,7.0,false,INCLUDE_BACKGROUND,CONTEXT_RELEVANT,Generalized source-free DA (RESS),L10_cross_robot_few_shot,2026-08-24T03:12:11+00:00,claude_fable_5_paper_reset_v2
597,doi:10.1038/s41598-025-90810-w,10.1038/s41598-025-90810-w,,Hybrid machine learning framework for predictive maintenance and anomaly detection in lithium-ion batteries using enhanced random forest,R. Kumar; Arvind R. Singh; P. Narayana; V. S. Chandrika; Mohit Bajaj; I. Zaitsev,2025,Scientific Reports,other,L5_lie_geometry_equivariant,7.0,true,EXCLUDE,NOT_ROBOT_DOMAIN,Battery predictive maintenance,,2026-08-24T03:12:11+00:00,claude_fable_5_paper_reset_v2
598,doi:10.1080/10618600.2023.2174126,10.1080/10618600.2023.2174126,2101.02404v2,Modeling massive highly-multivariate nonstationary spatial data with the basis graphical lasso,Mitchell Krock; William Kleiber; Dorit Hammerling; Stephen Becker,2021,"Journal of Computational and Graphical Statistics, 32(4), 1472-1487 (2023)",other,L5_lie_geometry_equivariant; L7_mtsad_context_ood_sequential,7.0,true,EXCLUDE,NOT_ROBOT_DOMAIN,Spatial statistics,,2026-08-24T03:12:11+00:00,claude_fable_5_paper_reset_v2
599,doi:10.1109/access.2021.3056767,10.1109/access.2021.3056767,,Fault Diagnosis of Bearings Based on Multi-Sensor Information Fusion and 2D Convolutional Neural Network,Jiaxing Wang; Dazhi Wang; Sihan Wang; Wenhui Li; Keling Song,2021,IEEE Access,other,L10_cross_robot_few_shot,7.0,true,EXCLUDE,PROCESS_MACHINERY_ONLY,Bearing fusion CNN,,2026-08-24T03:12:11+00:00,claude_fable_5_paper_reset_v2
600,doi:10.1109/cvpr52733.2024.01594,10.1109/cvpr52733.2024.01594,,PromptAD: Learning Prompts with only Normal Samples for Few-Shot Anomaly Detection,Xiaofan Li; Zhizhong Zhang; Xin Tan; Chengwei Chen; Yanyun Qu; Yuan Xie; Lizhuang Ma,2024,2024 IEEE/CVF Conference on Computer Vision and Pattern Recognition (CVPR),other,L10_cross_robot_few_shot,7.0,true,EXCLUDE,NOT_ROBOT_DOMAIN,Few-shot visual AD prompt learning,,2026-08-24T03:12:11+00:00,claude_fable_5_paper_reset_v2
601,doi:10.1109/iros60139.2025.11246735,10.1109/iros60139.2025.11246735,2507.03934v1,Robust and Modular Multi-Limb Synchronization in Motion Stack for Space Robots with Trajectory Clamping via Hypersphere,Elian Neppel; Ashutosh Mishra; Shamistan Karimov; Kentaro Uno; Shreya Santra; Kazuya Yoshida,2025,"2025 IEEE/RSJ International Conference on Intelligent Robots and Systems (IROS), Pages 3767-3772",R,L4_structured_chain_graph_dynamics,7.0,true,EXCLUDE,NOT_FAULT_ANOMALY_TOPIC,Multi-limb trajectory synchronization,,2026-08-24T03:12:11+00:00,claude_fable_5_paper_reset_v2
602,doi:10.1109/lra.2026.3692060,10.1109/lra.2026.3692060,,Improved Anti-Peak Extended State Observer Based Data-Driven Trajectory Tracking Control for Unmanned Marine Vehicles,Li-Ying Hao; Xuqi Zhang; Huiying Liu,2026,IEEE Robotics and Automation Letters,R,L3_learned_momentum_observer,7.0,true,EXCLUDE,WRONG_OBJECT,Marine-vehicle ESO tracking,,2026-08-24T03:12:11+00:00,claude_fable_5_paper_reset_v2
603,doi:10.1109/lra.2026.3703242,10.1109/lra.2026.3703242,,Robust Data-Driven Path Tracking Control for Autonomous Vehicles: A Koopman Operator Approach With High-Order Super-Twisting Observer,Shaobo Liang; Shuguo Pan; Zongliang Chen; Wang Gao; Xianlu Tao,2026,IEEE Robotics and Automation Letters,R,L3_learned_momentum_observer,7.0,true,EXCLUDE,WRONG_OBJECT,AV path tracking (Koopman),,2026-08-24T03:12:11+00:00,claude_fable_5_paper_reset_v2
604,doi:10.1109/lra.2026.3715029,10.1109/lra.2026.3715029,,VTLoc: Learning-Based Tactile Contact Localization in Visual Point Clouds,Zhiyuan Wu; Zhuo Chen; Shan Luo,2026,IEEE Robotics and Automation Letters,R,L6_contact_collision_localization,7.0,false,INCLUDE_BACKGROUND,CONTEXT_RELEVANT,VTLoc tactile contact localization in visual point clouds (RAL26),L6_contact_collision_localization,2026-08-24T03:12:11+00:00,claude_fable_5_paper_reset_v2
605,doi:10.1109/tie.2026.3657018,10.1109/tie.2026.3657018,,Data-Driven Closed-Loop System Fault Diagnosis Using Feedback-Invariant Dynamic Residual Analysis,Li Wen; Qiang Liu; Biao Huang,2026,IEEE Transactions on Industrial Electronics,C,L2_manipulator_actuator_sensor_fdi,7.0,true,INCLUDE_FULLTEXT,METHOD_RELEVANT,Feedback-invariant dynamic residual analysis for closed-loop FD (TIE26); directly relevant to closed-loop detectability,L2_manipulator_actuator_sensor_fdi,2026-08-24T03:12:11+00:00,claude_fable_5_paper_reset_v2
606,doi:10.1109/tim.2023.3244237,10.1109/tim.2023.3244237,,Deep Transfer Learning for Bearing Fault Diagnosis: A Systematic Review Since 2016,Xiaohan Chen; Rui Yang; Yihao Xue; Mengjie Huang; Roberto Ferrero; Zidong Wang,2023,IEEE Transactions on Instrumentation and Measurement,other,L10_cross_robot_few_shot,7.0,true,INCLUDE_BACKGROUND,CONTEXT_RELEVANT,Deep transfer learning for bearing FD systematic review (TIM); L10 landscape,L10_cross_robot_few_shot,2026-08-24T03:12:11+00:00,claude_fable_5_paper_reset_v2
607,doi:10.1111/exsy.13360,10.1111/exsy.13360,,Data‐driven fault diagnosis approaches for industrial equipment: A review,Atma Ram Sahu; Sanjay Kumar Palei; Aishwarya Mishra,2023,Expert Systems,other,L10_cross_robot_few_shot,7.0,true,EXCLUDE,PROCESS_MACHINERY_ONLY,DDFD review,,2026-08-24T03:12:11+00:00,claude_fable_5_paper_reset_v2
608,doi:10.1145/3570169,10.1145/3570169,,Nonverbal Cues in Human–Robot Interaction: A Communication Studies Perspective,Jacqueline Urakami; Katie Seaborn,2022,ACM Transactions on Human-Robot Interaction,other,L10_cross_robot_few_shot,7.0,true,EXCLUDE,NOT_ROBOT_DOMAIN,Nonverbal HRI communication,,2026-08-24T03:12:11+00:00,claude_fable_5_paper_reset_v2
609,doi:10.1186/s10033-023-00838-0,10.1186/s10033-023-00838-0,,Denoising Fault-Aware Wavelet Network: A Signal Processing Informed Neural Network for Fault Diagnosis,Zuogang Shang; Zhibin Zhao; Ruqiang Yan,2023,Chinese Journal of Mechanical Engineering,other,L10_cross_robot_few_shot,7.0,true,EXCLUDE,PROCESS_MACHINERY_ONLY,Wavelet-informed FD network,,2026-08-24T03:12:11+00:00,claude_fable_5_paper_reset_v2
610,doi:10.1186/s42492-023-00140-9,10.1186/s42492-023-00140-9,,Vision transformer architecture and applications in digital health: a tutorial and survey,Khalid Al-hammuri; Fayez Gebali; Awos Kanan; Ilamparithi Thirumarai Chelvan,2023,Visual Computing for Industry Biomedicine and Art,other,L10_cross_robot_few_shot,7.0,true,EXCLUDE,NOT_ROBOT_DOMAIN,ViT digital-health tutorial,,2026-08-24T03:12:11+00:00,claude_fable_5_paper_reset_v2
611,doi:10.20944/preprints202210.0423.v1,10.20944/preprints202210.0423.v1,,Multivariate Time Series Dataset of Milling 16MnCr5 for Anomaly Detection,Tobias Schlagenhauf; Jan Wolf; Alexander Puchta,2022,,MDPI,L7_mtsad_context_ood_sequential; L8_public_benchmarks_transfer,7.0,true,EXCLUDE,PROCESS_MACHINERY_ONLY,Milling anomaly dataset,,2026-08-24T03:12:11+00:00,claude_fable_5_paper_reset_v2
612,doi:10.3262/paed2211053,10.3262/paed2211053,,Fachlernen setzt Leben lernen voraus,Adolf Bartz,2022,Pädagogik,other,L8_public_benchmarks_transfer,7.0,true,EXCLUDE,NOT_ROBOT_DOMAIN,German pedagogy piece ('voraus' collision),,2026-08-24T03:12:11+00:00,claude_fable_5_paper_reset_v2
613,doi:10.3390/bioengineering11040337,10.3390/bioengineering11040337,,The Role of AI in Hospitals and Clinics: Transforming Healthcare in the 21st Century,Shiva Maleki Varnosfaderani; Mohamad Forouzanfar,2024,Bioengineering,other,L10_cross_robot_few_shot,7.0,true,EXCLUDE,NOT_ROBOT_DOMAIN,AI in hospitals review,,2026-08-24T03:12:11+00:00,claude_fable_5_paper_reset_v2
614,doi:10.3390/engproc2023039065,10.3390/engproc2023039065,,Automata Based Multivariate Time Series Analysis for Anomaly Detection over Sliding Time Windows,Arnold Hien; Nicolas Beldiceanu; Claude-Guy Quimper; María-I. Restrepo,2023,ITISE 2023,MDPI,L7_mtsad_context_ood_sequential; L8_public_benchmarks_transfer,7.0,true,EXCLUDE,NOT_ROBOT_DOMAIN,Automata TS tool (MDPI proc),,2026-08-24T03:12:11+00:00,claude_fable_5_paper_reset_v2
615,doi:10.3390/j4040043,10.3390/j4040043,,The European Commission’s Proposal for an Artificial Intelligence Act—A Critical Assessment by Members of the Robotics and AI Law Society (RAILS),Martin Ebers; Veronica R. S. Hoch; Frank Rosenkranz; Hannah Ruschemeier; Björn Steinrötter,2021,J — Multidisciplinary Scientific Journal,other,L10_cross_robot_few_shot,7.0,true,EXCLUDE,NOT_ROBOT_DOMAIN,AI Act commentary,,2026-08-24T03:12:11+00:00,claude_fable_5_paper_reset_v2
616,doi:10.51202/0342-3743-2021-6-003,10.51202/0342-3743-2021-6-003,,Den Fälschern voraus,,2021,packREPORT,other,L8_public_benchmarks_transfer,7.0,true,EXCLUDE,NOT_ROBOT_DOMAIN,German packaging piece ('voraus' collision),,2026-08-24T03:12:11+00:00,claude_fable_5_paper_reset_v2
617,doi:10.52202/078360-0155,10.52202/078360-0155,,Deep Neural Network-Based Robust Collision Avoidance Control of Space Manipulator for Active Debris Removal,Shabadini Sampath; Feng Jinglang,2024,22nd IAA Symposium on Space Debris,other,L4_structured_chain_graph_dynamics,7.0,true,EXCLUDE,NOT_FAULT_ANOMALY_TOPIC,Space-debris collision avoidance control,,2026-08-24T03:12:11+00:00,claude_fable_5_paper_reset_v2
618,doi:10.52202/085713-5374,10.52202/085713-5374,,Multivariate Time Series Anomaly Detection with Idempotent Reconstruction,Xin Sun; Heng Zhou; Chao Li,2025,Advances in Neural Information Processing Systems 38,C,L8_public_benchmarks_transfer,7.0,false,INCLUDE_FULLTEXT,METHOD_RELEVANT,Idempotent-reconstruction MTSAD (NeurIPS25); newest reconstruction-family candidate for baseline slot,L7_mtsad_context_ood_sequential,2026-08-24T03:12:11+00:00,claude_fable_5_paper_reset_v2
619,doi:10.5771/9783465146506-147,10.5771/9783465146506-147,,IV. Conf X setzt Ad Simpl I 2 nicht voraus. Zur Diskussion mit Kenneth M. Wilson,Kurt Flasch,2024,Augustin neu lesen,other,L8_public_benchmarks_transfer,7.0,false,EXCLUDE,NOT_ROBOT_DOMAIN,Augustine philology ('voraus' collision),,2026-08-24T03:12:11+00:00,claude_fable_5_paper_reset_v2
620,doi:10.9734/bpi/naer/v13/12782d,10.9734/bpi/naer/v13/12782d,,Study on Finite-time Fault-tolerant Control for a Robot Manipulator Based on Synchronous Terminal Sliding Mode Control,Quang Dan Le; Hee-Jun Kang,2021,New Approaches in Engineering Research Vol. 13,other,L5_lie_geometry_equivariant,7.0,true,EXCLUDE,OFF_TOPIC_OTHER,Book-chapter FTC reprint,,2026-08-24T03:12:11+00:00,claude_fable_5_paper_reset_v2
621,tay:identifying patterns of proprioception and target matching acuity in healthy humans|carducci|2024,,2411.12664v1,Identifying patterns of proprioception and target matching acuity in healthy humans,Jacob Carducci; Jeremy D. Brown,2024,arXiv,other,L9_foundation_multimodal,7.0,true,EXCLUDE,NOT_ROBOT_DOMAIN,Human kinesthetic acuity,,2026-08-24T03:12:11+00:00,claude_fable_5_paper_reset_v2
622,tay:xmodbench benchmarking cross modal capabilities and consistency in omni language models|wang|2025,,2510.15148v2,XModBench: Benchmarking Cross-Modal Capabilities and Consistency in Omni-Language Models,Xingrui Wang; Jiang Liu; Chao Huang; Xiaodong Yu; Ze Wang; Ximeng Sun; Jialian Wu; Alan Yuille; Emad Barsoum; Zicheng Liu,2025,Published as a conference paper at ICLR 2026,C,L_killer_precision,7.0,true,EXCLUDE,NOT_ROBOT_DOMAIN,Omni-LLM benchmark,,2026-08-24T03:12:11+00:00,claude_fable_5_paper_reset_v2
623,doi:10.1007/s10994-022-06129-4,10.1007/s10994-022-06129-4,,Unsupervised anomaly detection in multivariate time series with online evolving spiking neural networks,Dennis Bäßler; Tobias Kortus; Gabriele Gühring,2022,Machine Learning,other,L8_public_benchmarks_transfer,6.999,true,INCLUDE_BACKGROUND,CONTEXT_RELEVANT,Online evolving spiking-NN MTSAD (Machine Learning),L7_mtsad_context_ood_sequential,2026-08-24T03:12:11+00:00,claude_fable_5_paper_reset_v2
624,doi:10.1177/14759217231158540,10.1177/14759217231158540,,Review on recent advances in structural health monitoring paradigm for looseness detection in bolted assemblies,Nikesh Chelimilla; Viswanath Chinthapenta; Naresh Kali; Srikanth Korla,2023,Structural Health Monitoring,other,L10_cross_robot_few_shot,6.995,true,EXCLUDE,PROCESS_MACHINERY_ONLY,Bolt-looseness SHM review,,2026-08-24T03:12:11+00:00,claude_fable_5_paper_reset_v2
625,doi:10.1109/tmech.2022.3154087,10.1109/tmech.2022.3154087,,Extracting Human-Exoskeleton Interaction Torque for Cable-Driven Upper-Limb Exoskeleton Equipped With Torque Sensors,Yansong Wang; Ahmad Zahedi; Yanzheng Zhao; Dingguo Zhang,2022,IEEE/ASME Transactions on Mechatronics,C,L4_structured_chain_graph_dynamics,6.976,true,EXCLUDE,WRONG_OBJECT,Exoskeleton interaction torque,,2026-08-24T03:12:11+00:00,claude_fable_5_paper_reset_v2
626,doi:10.1109/tpami.2021.3125686,10.1109/tpami.2021.3125686,,Few-shot domain-adaptive anomaly detection for cross-site brain images,Jianpo Su; Hui Shen; Limin Peng; D. Hu,2021,IEEE Transactions on Pattern Analysis and Machine Intelligence,other,L10_cross_robot_few_shot,6.976,true,INCLUDE_BACKGROUND,CONTEXT_RELEVANT,"Few-shot domain-adaptive AD across sites (TPAMI, fMRI); mechanism-level neighbor for few-shot AD adaptation",L10_cross_robot_few_shot,2026-08-24T03:12:11+00:00,claude_fable_5_paper_reset_v2
627,doi:10.1007/jhep12(2024)180,10.1007/jhep12(2024)180,,Modular anomaly of BPS back holes,Sergei Alexandrov; Khalil Bendriss,2024,Journal of High Energy Physics,other,L_killer_precision,6.966,true,EXCLUDE,NOT_ROBOT_DOMAIN,String-theory modular anomaly,,2026-08-24T03:12:11+00:00,claude_fable_5_paper_reset_v2
628,doi:10.1109/eecr60807.2024.10607341,10.1109/eecr60807.2024.10607341,,Robotic Flexible Collision Detection Based on Second-Order Sliding-Mode Momentum Observer,Shouyan Chen; Hang Xiao; Liming Qiu; Qilin Bi; Xiaoqun Chen,2024,"2024 10th International Conference on Electrical Engineering, Control and Robotics (EECR)",other,L7_mtsad_context_ood_sequential,6.966,true,INCLUDE_BACKGROUND,CONTEXT_RELEVANT,2nd-order sliding-mode MOB collision detection (weak conf),L3_learned_momentum_observer,2026-08-24T03:12:11+00:00,claude_fable_5_paper_reset_v2
629,doi:10.1016/j.ejcon.2023.100939,10.1016/j.ejcon.2023.100939,,Uncertainty and velocity observer-based predefined-time nonsingular terminal sliding mode control of the underwater robot manipulators,Saeed Zaare; Mohammad Reza Soltanpour,2024,European Journal of Control,other,L3_learned_momentum_observer,6.955,false,EXCLUDE,WRONG_OBJECT,Underwater manipulator SMC,,2026-08-24T03:12:11+00:00,claude_fable_5_paper_reset_v2
630,doi:10.1007/s10696-024-09588-0,10.1007/s10696-024-09588-0,,A data-efficient active learning architecture for anomaly detection in industrial time series data,David Holtz; Can Kaymakci; Daniel Leuthe; Simon Wenninger; Alexander Sauer,2025,Flexible Services and Manufacturing Journal,other,L8_public_benchmarks_transfer,6.939,true,INCLUDE_BACKGROUND,CONTEXT_RELEVANT,Active-learning labeling architecture for industrial TS AD; L11-adjacent labeling economics,L11_active_diagnosis,2026-08-24T03:12:11+00:00,claude_fable_5_paper_reset_v2
631,doi:10.1002/aisy.202300062,10.1002/aisy.202300062,,Independently Actuated Soft Magnetic Manipulators for Bimanual Operations in Confined Anatomical Cavities,Zaneta Koszowska; Michael Brockdorff; Tomás da Veiga; Giovanni Pittiglio; Peter Lloyd; Thomas Khan-White; Russell A. Harris; James Moor; James H. Chandler; Pietro Valdastri,2023,Advanced Intelligent Systems,other,L6_contact_collision_localization,6.931,true,EXCLUDE,NOT_FAULT_ANOMALY_TOPIC,Magnetic continuum manipulators,,2026-08-24T03:12:11+00:00,claude_fable_5_paper_reset_v2
632,doi:10.1109/iros55552.2023.10341698,10.1109/iros55552.2023.10341698,,Whole-Body Torque Control Without Joint Position Control Using Vibration-Suppressed Friction Compensation for Bipedal Locomotion of Gear-Driven Torque Sensorless Humanoid,Takuma Hiraoka; Shimpei Sato; Naoki Hiraoka; Annan Tang; Kunio Kojima; Kei Okada; Masayuki Inaba; Koji Kawasaki,2023,2023 IEEE/RSJ International Conference on Intelligent Robots and Systems (IROS),R,L6_contact_collision_localization,6.916,true,EXCLUDE,NOT_FAULT_ANOMALY_TOPIC,Humanoid torque control with friction compensation,,2026-08-24T03:12:11+00:00,claude_fable_5_paper_reset_v2
633,doi:10.1109/ro-man63969.2025.11217684,10.1109/ro-man63969.2025.11217684,,Nudging Without Words: Movement-Only Cues from a Robot Manipulator Influence Human Decisions,Dražen Brščić; Brian Scassellati,2025,2025 34th IEEE International Conference on Robot and Human Interactive Communication (RO-MAN),other,L_killer_precision,6.916,true,EXCLUDE,NOT_FAULT_ANOMALY_TOPIC,Robot nudging study,,2026-08-24T03:12:11+00:00,claude_fable_5_paper_reset_v2
634,doi:10.2139/ssrn.5163869,10.2139/ssrn.5163869,,Research on Robot Force Compensation and Collision Detection Based on Six-Dimensional Force Sensor,Zhijun Wang; Yunyi Wang; Yongli Feng; Yanghuan Xu,2025,,other,L7_mtsad_context_ood_sequential,6.916,false,EXCLUDE,METADATA_TOO_THIN,"SSRN stub, 6D F/T collision detection",,2026-08-24T03:12:11+00:00,claude_fable_5_paper_reset_v2
635,doi:10.69916/jkbti.v4i3.324,10.69916/jkbti.v4i3.324,,ANOMALY DETECTION IN MNIST DATASET USING ONE-CLASS SVM,Barokah Saadah,2025,Jurnal Kecerdasan Buatan dan Teknologi Informasi,other,L8_public_benchmarks_transfer; L_recent_2025_2026,6.916,true,EXCLUDE,NOT_ROBOT_DOMAIN,MNIST OCSVM exercise,,2026-08-24T03:12:11+00:00,claude_fable_5_paper_reset_v2
636,doi:10.1007/s13218-021-00703-z,10.1007/s13218-021-00703-z,,Sensorimotor Representation Learning for an “Active Self” in Robots: A Model Survey,Phuong D. H. Nguyen; Yasmin Kim Georgie; Ezgi Kayhan; Manfred Eppe; Verena V. Hafner; Stefan Wermter,2021,edoc Publication server (Humboldt University of Berlin),other,L6_contact_collision_localization,6.907,true,EXCLUDE,SURVEY_TANGENTIAL,Sensorimotor 'active self' model survey,,2026-08-24T03:12:11+00:00,claude_fable_5_paper_reset_v2
637,doi:10.1109/access.2022.3155738,10.1109/access.2022.3155738,,Adaptive Fault Detection and Emergency Control of Autonomous Vehicles for Fail-Safe Systems Using a Sliding Mode Approach,Jong‐Min Lee; Kwangseok Oh; Youngmin Yoon; Taejun Song; Taehoon Lee; Kyongsu Yi,2022,IEEE Access,other,L2_manipulator_actuator_sensor_fdi,6.907,true,EXCLUDE,WRONG_OBJECT,AV fail-safe sensor FD,,2026-08-24T03:12:11+00:00,claude_fable_5_paper_reset_v2
638,doi:10.1145/3568162.3576990,10.1145/3568162.3576990,,On Using Social Signals to Enable Flexible Error-Aware HRI,Maia Stiber; Russell H. Taylor; Chien‐Ming Huang,2023,,other,L_killer_precision,6.907,true,INCLUDE_BACKGROUND,CONTEXT_RELEVANT,Error-aware HRI via social signals; alternative error-detection channel,L9_foundation_multimodal,2026-08-24T03:12:11+00:00,claude_fable_5_paper_reset_v2
639,doi:10.1016/j.measurement.2024.115402,10.1016/j.measurement.2024.115402,,Few-shot bearing fault diagnosis by semi-supervised meta-learning with graph convolutional neural network under variable working conditions,Zhen Liu; Zhenrui Peng,2025,Measurement,other,L4_structured_chain_graph_dynamics,6.882,false,INCLUDE_BACKGROUND,CONTEXT_RELEVANT,Few-shot semi-supervised meta GCN bearing FD (Measurement),L10_cross_robot_few_shot,2026-08-24T03:12:11+00:00,claude_fable_5_paper_reset_v2
640,doi:10.1007/s11071-021-07127-2,10.1007/s11071-021-07127-2,,Event-driven-observer-based fuzzy fault-tolerant control for nonlinear system with actuator fault,Bin Guo; Songyi Dian; Tao Zhao,2022,Nonlinear Dynamics,other,L2_manipulator_actuator_sensor_fdi,6.881,false,EXCLUDE,OFF_TOPIC_OTHER,Fuzzy FTC,,2026-08-24T03:12:11+00:00,claude_fable_5_paper_reset_v2
641,doi:10.1109/access.2022.3204690,10.1109/access.2022.3204690,,Visualizing Realistic Benchmarked IDS Dataset: CIRA-CIC-DoHBrw-2020,Mohammad Hafiz Mohd Yusof; Akram A. Almohammedi; Vladimir Shepelev; Osman Ahmed,2022,IEEE Access,other,L_killer_precision,6.881,true,EXCLUDE,NOT_ROBOT_DOMAIN,IDS dataset visualization,,2026-08-24T03:12:11+00:00,claude_fable_5_paper_reset_v2
642,doi:10.1007/s40815-022-01338-4,10.1007/s40815-022-01338-4,,Adaptive Fuzzy Fault-Tolerant Control of Flexible Spacecraft with Rotating Appendages,Gaowang Zhang; Shi Qiu; Feng Wang,2022,International Journal of Fuzzy Systems,other,L2_manipulator_actuator_sensor_fdi,6.855,true,EXCLUDE,WRONG_OBJECT,Spacecraft fuzzy FTC,,2026-08-24T03:12:11+00:00,claude_fable_5_paper_reset_v2
643,doi:10.1109/jsen.2022.3221282,10.1109/jsen.2022.3221282,,Data-Driven Sensor Fault Diagnosis Under Closed-Loop Control With Slow Feature Analysis,Hongquan Ji,2022,IEEE Sensors Journal,other,L2_manipulator_actuator_sensor_fdi,6.855,true,INCLUDE_FULLTEXT,METHOD_RELEVANT,Slow-feature-analysis sensor FD under closed-loop control (JSEN22); closed-loop detectability line,L2_manipulator_actuator_sensor_fdi,2026-08-24T03:12:11+00:00,claude_fable_5_paper_reset_v2
644,doi:10.1016/j.automatica.2024.111519,10.1016/j.automatica.2024.111519,,A new input design framework for asymptotic active fault diagnosis with application to integrated diagnosis and control,Feng Xu,2024,Automatica,C,L11_active_diagnosis,6.748,false,INCLUDE_FULLTEXT,LINEAGE_QUOTA,Asymptotic active-FD input design + integrated diagnosis/control (Automatica24); L11,L11_active_diagnosis,2026-08-24T03:12:11+00:00,claude_fable_5_paper_reset_v2
645,doi:10.1016/j.automatica.2024.111631,10.1016/j.automatica.2024.111631,,Active fault diagnosis for stochastic systems subject to non-convex input constraints,Yaqi Guo; Qinyuan Liu; Xiao He,2024,Automatica,C,L11_active_diagnosis,6.748,false,INCLUDE_FULLTEXT,LINEAGE_QUOTA,Active FD for stochastic systems under non-convex input constraints (Automatica24); L11,L11_active_diagnosis,2026-08-24T03:12:11+00:00,claude_fable_5_paper_reset_v2
646,doi:10.1016/j.automatica.2025.112548,10.1016/j.automatica.2025.112548,,Observer-based asymptotic active fault diagnosis: Separate and joint design of observer gain and input,Feng Xu; Yiming Wan; Ye Wang; Vicenç Puig,2026,Automatica,C,L11_active_diagnosis,6.659,false,INCLUDE_FULLTEXT,LINEAGE_QUOTA,"Observer-based asymptotic active FD, joint gain+input design (Automatica26); L11",L11_active_diagnosis,2026-08-24T03:12:11+00:00,claude_fable_5_paper_reset_v2
647,doi:10.1016/j.compedu.2019.103778,10.1016/j.compedu.2019.103778,,"A systematic review of immersive virtual reality applications for higher education: Design elements, lessons learned, and research agenda",Jaziar Radianti; Tim A. Majchrzak; Jennifer Fromm; Isabell Wohlgenannt,2019,Computers & Education,other,L6_contact_collision_localization,6.5,true,EXCLUDE,NOT_ROBOT_DOMAIN,VR education review,,2026-08-24T03:12:11+00:00,claude_fable_5_paper_reset_v2
648,doi:10.1016/j.neucom.2019.10.118,10.1016/j.neucom.2019.10.118,,"A comprehensive survey on support vector machine classification: Applications, challenges and trends",Jair Cervantes; Farid García‐Lamont; Lisbeth Rodríguez-Mazahua; Asdrúbal López‐Chau,2020,Neurocomputing,other,L6_contact_collision_localization,6.5,false,EXCLUDE,NOT_ROBOT_DOMAIN,SVM survey,,2026-08-24T03:12:11+00:00,claude_fable_5_paper_reset_v2
649,doi:10.1016/j.robot.2013.09.004,10.1016/j.robot.2013.09.004,,A survey on coverage path planning for robotics,Enric Galceran; Marc Carreras,2013,Robotics and Autonomous Systems,other,L5_lie_geometry_equivariant,6.5,false,EXCLUDE,PRE_WINDOW_NOT_CLASSIC,Coverage path planning survey,,2026-08-24T03:12:11+00:00,claude_fable_5_paper_reset_v2
650,doi:10.1016/s0921-8890(02)00372-x,10.1016/s0921-8890(02)00372-x,,A survey of socially interactive robots,Terrence Fong; Illah Nourbakhsh; Kerstin Dautenhahn,2003,Robotics and Autonomous Systems,other,L5_lie_geometry_equivariant,6.5,false,EXCLUDE,PRE_WINDOW_NOT_CLASSIC,Social robots survey 2003; not an FDI classic,,2026-08-24T03:12:11+00:00,claude_fable_5_paper_reset_v2
651,doi:10.1051/0004-6361/201629272,10.1051/0004-6361/201629272,,The<i>Gaia</i>mission,T. Prusti; J. H. J. de Bruijne; A. G. A. Brown; A. Vallenari; C. Babusiaux; C. A. L. Bailer-Jones; U. Bastian; M. Biermann; D. W. Evans; L. Eyer; F. Jansen; C. Jordi; S. A. Klioner; U. Lammers; L. Lindegren; X. Luri; F. Mignard; David Milligan; C. Panem; Vincent Poinsignon; D. Pourbaix; S. Randich; G. Sarri; P. Sartoretti; H. I. Siddiqui; C. Soubiran; V. Valette; F. van Leeuwen; N. A. Walton; C. Aerts; F. Arenou; M. Cropper; R. Drimmel; E. Høg; D. Katz; M. G. Lattanzi; William O’Mullane; E. K. Grebel; A. D. Holland; C. Huc; X. Passot; L. Bramante; C. Cacciari; J. Castañeda; L. Chaoul; N. Cheek; F. De Angeli; C. Fabricius; R. Guerra; J. Hernández; A. Jean-Antoine-Piccolo; E. Masana; R. Messineo; N. Mowlavï; K. Nienartowicz; D. Ordóñez-Blanco; P. Panuzzo; J. Portell; P. J. Richards; M. Riello; G. M. Seabroke; P. Tanga; F. Thévenin; J. Torra; S. Els; G. Gracia-Abril; G. Comoretto; M. Garcia-Reinaldos; T. Lock; Emma Mercier; M. Altmann; R. Andrae; T. L. Astraatmadja; I. Bellas-Velidis; K. Benson; J. Berthier; R. Blomme; G. Busso; B. Carry; A. Cellino; G. Clementini; S. Cowell; O. L. Creevey; J. Cuypers; M. Davidson; J. De Ridder; A. de Torres; L. Delchambre; A. Dell’Oro; C. Ducourant; Y. Frémat; Miguel García-Torres; E. Gosset; J. L. Halbwachs; N. C. Hambly; D. L. Harrison; M. Häuser; Daniel Hestroffer; S. T. Hodgkin; H. E. Huckle,2016,Astronomy and Astrophysics,other,L3_learned_momentum_observer,6.5,true,EXCLUDE,NOT_ROBOT_DOMAIN,Gaia mission,,2026-08-24T03:12:11+00:00,claude_fable_5_paper_reset_v2
652,doi:10.1086/304829,10.1086/304829,,Advection‐Dominated Accretion and the Spectral States of Black Hole X‐Ray Binaries: Application to Nova Muscae 1991,Ann A. Esin; Jeffrey E. McClintock; Ramesh Narayan,1997,The Astrophysical Journal,other,L3_learned_momentum_observer,6.5,true,EXCLUDE,NOT_ROBOT_DOMAIN,Black-hole accretion,,2026-08-24T03:12:11+00:00,claude_fable_5_paper_reset_v2
653,doi:10.1088/0067-0049/192/2/18,10.1088/0067-0049/192/2/18,,SEVEN-YEAR<i>WILKINSON MICROWAVE ANISOTROPY PROBE</i>(<i>WMAP</i>) OBSERVATIONS: COSMOLOGICAL INTERPRETATION,Eiichiro Komatsu; Kendrick M. Smith; J. Dunkley; C. L. Bennett; B. Gold; G. Hinshaw; N. Jarosik; D. Larson; M. R. Nolta; Lyman A. Page; David N. Spergel; M. Halpern; Ryley Hill; A. Kogut; M. Limon; S. S. Meyer; N. Odegard; Gregory S. Tucker; J. L. Weiland; Edward J. Wollack; E. L. Wright,2011,The Astrophysical Journal Supplement Series,other,L3_learned_momentum_observer,6.5,true,EXCLUDE,NOT_ROBOT_DOMAIN,WMAP cosmology,,2026-08-24T03:12:11+00:00,claude_fable_5_paper_reset_v2
654,doi:10.1088/0264-9381/26/16/163001,10.1088/0264-9381/26/16/163001,,Quasinormal modes of black holes and black branes,Emanuele Berti; Vítor Cardoso; Andrei O. Starinets,2009,Classical and Quantum Gravity,other,L3_learned_momentum_observer,6.5,true,EXCLUDE,NOT_ROBOT_DOMAIN,Quasinormal modes,,2026-08-24T03:12:11+00:00,claude_fable_5_paper_reset_v2
655,doi:10.1088/1361-648x/aa680e,10.1088/1361-648x/aa680e,,The atomic simulation environment—a Python library for working with atoms,Ask Hjorth Larsen; Jens Jørgen Mortensen; Jakob Blomqvist; Ivano E. Castelli; Rune Christensen; Marcin Dułak; Jesper Friis; Michael N. Groves; Bjørk Hammer; Cory Hargus; Eric Hermes; Paul C. Jennings; Peter Bjerre Jensen; James R. Kermode; John R. Kitchin; Esben L. Kolsbjerg; Joseph Kubal; Kristen Kaasbjerg; Steen Lysgaard; Jón Bergmann Maronsson; Tristan Maxson; Thomas Olsen; Lars Pastewka; Andrew A. Peterson; C. Rostgaard; Jakob Schiøtz; Ole Schütt; Mikkel Strange; Kristian S. Thygesen; Tejs Vegge; Lasse B. Vilhelmsen; Michael Walter; Zhenhua Zeng; Karsten W. Jacobsen,2017,Journal of Physics Condensed Matter,other,L3_learned_momentum_observer,6.5,true,EXCLUDE,NOT_ROBOT_DOMAIN,ASE library,,2026-08-24T03:12:11+00:00,claude_fable_5_paper_reset_v2
656,doi:10.1103/physrev.76.769,10.1103/physrev.76.769,,Space-Time Approach to Quantum Electrodynamics,Richard P. Feynman,1949,Physical Review,other,L3_learned_momentum_observer,6.5,true,EXCLUDE,NOT_ROBOT_DOMAIN,Feynman QED,,2026-08-24T03:12:11+00:00,claude_fable_5_paper_reset_v2
657,doi:10.1103/revmodphys.62.251,10.1103/revmodphys.62.251,,Reaction-rate theory: fifty years after Kramers,Peter Hänggi; Peter Talkner; Michal Borkovec,1990,Reviews of Modern Physics,other,L3_learned_momentum_observer,6.5,true,EXCLUDE,NOT_ROBOT_DOMAIN,Kramers reaction-rate theory,,2026-08-24T03:12:11+00:00,claude_fable_5_paper_reset_v2
658,doi:10.1103/revmodphys.75.559,10.1103/revmodphys.75.559,,The cosmological constant and dark energy,P. J. E. Peebles; Bharat Ratra,2003,Reviews of Modern Physics,other,L3_learned_momentum_observer,6.5,true,EXCLUDE,NOT_ROBOT_DOMAIN,Dark energy review,,2026-08-24T03:12:11+00:00,claude_fable_5_paper_reset_v2
659,doi:10.1103/revmodphys.81.1051,10.1103/revmodphys.81.1051,,Optics and interferometry with atoms and molecules,Alexander D. Cronin; Jörg Schmiedmayer; David E. Pritchard,2009,Reviews of Modern Physics,other,L3_learned_momentum_observer,6.5,true,EXCLUDE,NOT_ROBOT_DOMAIN,Atom interferometry,,2026-08-24T03:12:11+00:00,claude_fable_5_paper_reset_v2
660,doi:10.1109/access.2015.2437951,10.1109/access.2015.2437951,,The Internet of Things for Health Care: A Comprehensive Survey,S. M. Riazul Islam; Daehan Kwak; Md. Humaun Kabir; Mahmud Hossain; Kyung-Sup Kwak,2015,IEEE Access,other,L5_lie_geometry_equivariant,6.5,true,EXCLUDE,NOT_ROBOT_DOMAIN,IoT healthcare survey,,2026-08-24T03:12:11+00:00,claude_fable_5_paper_reset_v2
661,doi:10.3847/2041-8213/ab0ec7,10.3847/2041-8213/ab0ec7,,First M87 Event Horizon Telescope Results. I. The Shadow of the Supermassive Black Hole,Kazunori Akiyama; A. Alberdi; W. Alef; Keiichi Asada; Rebecca Azulay; Anne-Kathrin Baczko; David Ball; Mislav Baloković; John Barrett; Dan Bintley; Lindy Blackburn; W. Boland; Katherine L. Bouman; Geoffrey C. Bower; Michael Bremer; Christiaan D. Brinkerink; Roger Brissenden; S. Britzen; Avery E. Broderick; Dominique Broguière; Thomas Bronzwaer; Do‐Young Byun; J. E. Carlstrom; Andrew Chael; Chi‐kwan Chan; Shami Chatterjee; Koushik Chatterjee; Ming‐Tang Chen; Xiaopeng Cheng; Ilje Cho; Pierre Christian; J. E. Conway; J. M. Cordes; G. Crew; Yuzhu Cui; Jordy Davelaar; Mariafelicia De Laurentis; Roger Deane; Jessica Dempsey; G. Desvignes; Jason Dexter; Sheperd S. Doeleman; Ralph P. Eatough; H. Falcke; Vincent L. Fish; Ed Fomalont; Raquel Fraga-Encinas; William T. Freeman; Per Friberg; Christian M. Fromm; José L. Gómez; Peter Galison; Charles F. Gammie; Roberto García; Olivier Gentaz; Boris Georgiev; C. Goddi; Roman Gold; Minfeng Gu; Mark Gurwell; Kazuhiro Hada; M. H. Hecht; Ronald Hesper; Luis C. Ho; Paul T. P. Ho; Mareki Honma; Chih-Wei L. Huang; Lei 磊 Huang 黄; D. H. Hughes; Shiro Ikeda; Makoto Inoue; Sara Issaoun; D. J. James; Buell T. Jannuzi; Michaël Janssen; Britton Jeter; Wu Jiang; Michael D. Johnson; Svetlana G. Jorstad; Taehyun Jung; Mansour Karami; R. Karuppusamy; Tomohisa Kawashima; Garrett K. Keating; Mark Kettenis; Jae-Young Kim; Junhan Kim; Jongsoo Kim; Motoki Kino; Jun Yi Koay; Patrick M. Koch; Shoko Koyama; Michael Kramer; C. Krämer; T. P. Krichbaum; Cheng‐Yu Kuo; Tod R. Lauer; Sang-Sung Lee; Yanrong Li; Zhiyuan 志远 Li 李,2019,The Astrophysical Journal Letters,other,L3_learned_momentum_observer,6.5,true,EXCLUDE,NOT_ROBOT_DOMAIN,EHT black hole,,2026-08-24T03:12:11+00:00,claude_fable_5_paper_reset_v2
662,doi:10.6028/nist.sp.800-82r2,10.6028/nist.sp.800-82r2,,Guide to Industrial Control Systems (ICS) Security,Keith Stouffer; Victoria Pillitteri; Suzanne Lightman; Marshall D. Abrams; Adam Hahn,2015,,other,L6_contact_collision_localization,6.5,true,EXCLUDE,NOT_ROBOT_DOMAIN,ICS security guide,,2026-08-24T03:12:11+00:00,claude_fable_5_paper_reset_v2
663,tay:the theory and practice of concurrency|roscoe|1997,,,The Theory and Practice of Concurrency,A. W. Roscoe,1997,Oxford University Research Archive (ORA) (University of Oxford),other,L2_manipulator_actuator_sensor_fdi,6.5,false,EXCLUDE,NOT_ROBOT_DOMAIN,Concurrency textbook,,2026-08-24T03:12:11+00:00,claude_fable_5_paper_reset_v2
664,doi:10.1016/j.neunet.2019.01.012,10.1016/j.neunet.2019.01.012,,Continual lifelong learning with neural networks: A review,German I. Parisi; Ronald Kemker; Jose L. Part; Christopher Kanan; Stefan Wermter,2019,Neural Networks,other,L5_lie_geometry_equivariant,5.5,true,EXCLUDE,PRE_WINDOW_NOT_CLASSIC,Continual learning review 2019,,2026-08-24T03:12:11+00:00,claude_fable_5_paper_reset_v2
665,doi:10.1037/0033-2909.131.4.510,10.1037/0033-2909.131.4.510,,"Decision making, the P3, and the locus coeruleus--norepinephrine system.",Sander Nieuwenhuis; Gary Aston‐Jones; Jonathan D. Cohen,2005,Psychological Bulletin,other,L5_lie_geometry_equivariant,5.5,true,EXCLUDE,NOT_ROBOT_DOMAIN,P3 neuroscience,,2026-08-24T03:12:11+00:00,claude_fable_5_paper_reset_v2
666,doi:10.1038/nbt.3192,10.1038/nbt.3192,,Spatial reconstruction of single-cell gene expression data,Rahul Satija; Jeffrey A. Farrell; David Gennert; Alexander F. Schier; Aviv Regev,2015,Nature Biotechnology,other,L5_lie_geometry_equivariant,5.5,false,EXCLUDE,NOT_ROBOT_DOMAIN,Single-cell spatial reconstruction,,2026-08-24T03:12:11+00:00,claude_fable_5_paper_reset_v2
667,doi:10.1056/nejmoa0807646,10.1056/nejmoa0807646,,Rosuvastatin to Prevent Vascular Events in Men and Women with Elevated C-Reactive Protein,Paul M. Ridker; Eleanor Danielson; Francisco Antônio Helfenstein Fonseca; Jacques Genest; Antonio M. Gotto; John J.P. Kastelein; Wolfgang Köenig; Peter Libby; Alberto Lorenzatti; Jean MacFadyen; Børge G. Nordestgaard; James Shepherd; James T. Willerson; Robert J. Glynn,2008,New England Journal of Medicine,other,L5_lie_geometry_equivariant,5.5,true,EXCLUDE,NOT_ROBOT_DOMAIN,Statin trial,,2026-08-24T03:12:11+00:00,claude_fable_5_paper_reset_v2
668,doi:10.1088/1748-0221/3/08/s08001,10.1088/1748-0221/3/08/s08001,,LHC Machine,Lyndon R Evans; P J Bryant,2008,Journal of Instrumentation,other,L5_lie_geometry_equivariant,5.5,true,EXCLUDE,NOT_ROBOT_DOMAIN,LHC machine,,2026-08-24T03:12:11+00:00,claude_fable_5_paper_reset_v2
669,doi:10.1109/5.726791,10.1109/5.726791,,Gradient-based learning applied to document recognition,Yann LeCun; Léon Bottou; Yoshua Bengio; Patrick Haffner,1998,Proceedings of the IEEE,other,L5_lie_geometry_equivariant,5.5,true,EXCLUDE,PRE_WINDOW_NOT_CLASSIC,"LeCun 1998; ML classic, not domain classic",,2026-08-24T03:12:11+00:00,claude_fable_5_paper_reset_v2
670,doi:10.1109/cvpr.2017.11,10.1109/cvpr.2017.11,,Dynamic Edge-Conditioned Filters in Convolutional Neural Networks on Graphs,Martin Simonovsky; Nikos Komodakis,2017,,other,L5_lie_geometry_equivariant,5.5,true,EXCLUDE,PRE_WINDOW_NOT_CLASSIC,Edge-conditioned graph conv 2017,,2026-08-24T03:12:11+00:00,claude_fable_5_paper_reset_v2
671,doi:10.1109/tsp.2017.2690524,10.1109/tsp.2017.2690524,,Tensor Decomposition for Signal Processing and Machine Learning,Nicholas D. Sidiropoulos; Lieven De Lathauwer; Xiao Fu; Kejun Huang; Evangelos E. Papalexakis; Christos Faloutsos,2017,IEEE Transactions on Signal Processing,other,L5_lie_geometry_equivariant,5.5,true,EXCLUDE,PRE_WINDOW_NOT_CLASSIC,Tensor decomposition review,,2026-08-24T03:12:11+00:00,claude_fable_5_paper_reset_v2
672,doi:10.1145/3916.3988,10.1145/3916.3988,,Virtual time,David Jefferson,1985,ACM Transactions on Programming Languages and Systems,other,L5_lie_geometry_equivariant,5.5,true,EXCLUDE,NOT_ROBOT_DOMAIN,Virtual time (distributed systems),,2026-08-24T03:12:11+00:00,claude_fable_5_paper_reset_v2
673,doi:10.1186/1471-2202-5-42,10.1186/1471-2202-5-42,,An information integration theory of consciousness,Giulio Tononi,2004,BMC Neuroscience,other,L5_lie_geometry_equivariant,5.5,true,EXCLUDE,NOT_ROBOT_DOMAIN,Consciousness theory,,2026-08-24T03:12:11+00:00,claude_fable_5_paper_reset_v2
674,doi:10.1186/s40537-019-0192-5,10.1186/s40537-019-0192-5,,Survey on deep learning with class imbalance,Justin Johnson; Taghi M. Khoshgoftaar,2019,Journal Of Big Data,other,L5_lie_geometry_equivariant,5.5,true,EXCLUDE,PRE_WINDOW_NOT_CLASSIC,Class-imbalance survey 2019,,2026-08-24T03:12:11+00:00,claude_fable_5_paper_reset_v2
675,doi:10.1186/s40649-019-0069-y,10.1186/s40649-019-0069-y,,Graph convolutional networks: a comprehensive review,Si Zhang; Hanghang Tong; Jiejun Xu; Ross Maciejewski,2019,Computational Social Networks,other,L5_lie_geometry_equivariant,5.5,true,EXCLUDE,PRE_WINDOW_NOT_CLASSIC,GCN review 2019,,2026-08-24T03:12:11+00:00,claude_fable_5_paper_reset_v2
676,doi:10.1523/jneurosci.14-05-03208.1994,10.1523/jneurosci.14-05-03208.1994,,Adaptive representation of dynamics during learning of a motor task,Reza Shadmehr; FA Mussa-Ivaldi,1994,Journal of Neuroscience,other,L5_lie_geometry_equivariant,5.5,true,EXCLUDE,PRE_WINDOW_NOT_CLASSIC,Human motor adaptation classic; not robot FDI,,2026-08-24T03:12:11+00:00,claude_fable_5_paper_reset_v2
677,doi:10.1523/jneurosci.3874-05.2006,10.1523/jneurosci.3874-05.2006,,"A Resilient, Low-Frequency, Small-World Human Brain Functional Network with Highly Connected Association Cortical Hubs",Sophie Achard; Raymond Salvador; Brandon Whitcher; John Suckling; Edward T. Bullmore,2006,Journal of Neuroscience,other,L5_lie_geometry_equivariant,5.5,true,EXCLUDE,NOT_ROBOT_DOMAIN,Brain functional networks,,2026-08-24T03:12:11+00:00,claude_fable_5_paper_reset_v2
678,doi:10.1613/jair.301,10.1613/jair.301,,Reinforcement Learning: A Survey,Leslie Pack Kaelbling; Michael L. Littman; Andrew Moore,1996,Journal of Artificial Intelligence Research,other,L5_lie_geometry_equivariant,5.5,true,EXCLUDE,PRE_WINDOW_NOT_CLASSIC,RL survey 1996,,2026-08-24T03:12:11+00:00,claude_fable_5_paper_reset_v2
679,doi:10.48550/arxiv.1812.08434,10.48550/arxiv.1812.08434,,Graph Neural Networks: A Review of Methods and Applications,Jie Zhou; Ganqu Cui; Shengding Hu; Zhengyan Zhang; Cheng Yang; Zhiyuan Liu; Lifeng Wang; Changcheng Li; Maosong Sun,2018,arXiv (Cornell University),other,L5_lie_geometry_equivariant,5.5,true,EXCLUDE,PRE_WINDOW_NOT_CLASSIC,GNN review 2018,,2026-08-24T03:12:11+00:00,claude_fable_5_paper_reset_v2
680,doi:10.3390/s16010115,10.3390/s16010115,,Deep Convolutional and LSTM Recurrent Neural Networks for Multimodal Wearable Activity Recognition,Francisco Ordóñez; Daniel Roggen,2016,Sensors,MDPI,L5_lie_geometry_equivariant,3.5,true,EXCLUDE,PRE_WINDOW_NOT_CLASSIC,DeepConvLSTM HAR 2016,,2026-08-24T03:12:11+00:00,claude_fable_5_paper_reset_v2
