H_post_slots,elapsed_seconds,family,stage_endpoint,readout,transfers,completed_symmetric_blocks,physical_rule_status,direction_status,uniform_variance_status,uniform_mean_status,risk_status,direction_record_sha256,direction_record_path,raw_zero_moment
40,11,stay,,average250,0,0,PASS_INHERITED_RULE_INSTANCE_CHECK,ZERO_OR_ROUNDED_DEGENERATE_DIRECTION,NOT_RUN,NOT_RUN,ZERO_DIRECTION_NO_SEPARATION_CERTIFICATE,662e1781cc40a0d468492336458f7e5e771cdb0f37cf34fbdd4c4cbf44f97d46,work\d2a_cert_preflight\h40_stay_average250.json,
40,11,stay,,point_last_fast_read,0,0,PASS_INHERITED_RULE_INSTANCE_CHECK,ZERO_OR_ROUNDED_DEGENERATE_DIRECTION,NOT_RUN,NOT_RUN,ZERO_DIRECTION_NO_SEPARATION_CERTIFICATE,17fbdbf6482f9b5bb40abf15657a2086cc79388645e547096e373faa206cd290,work\d2a_cert_preflight\h40_stay_point_last_fast_read.json,
40,11,fixed20,,average250,1,0,PASS_INHERITED_RULE_INSTANCE_CHECK,ZERO_OR_ROUNDED_DEGENERATE_DIRECTION,NOT_RUN,NOT_RUN,ZERO_DIRECTION_NO_SEPARATION_CERTIFICATE,eaea596818eba0803b49c361e94d9ba44bdc5aeec58d81c55c84cb280565a1fe,work\d2a_cert_preflight\h40_fixed20_average250.json,
40,11,fixed20,,point_last_fast_read,1,0,PASS_INHERITED_RULE_INSTANCE_CHECK,ZERO_OR_ROUNDED_DEGENERATE_DIRECTION,NOT_RUN,NOT_RUN,ZERO_DIRECTION_NO_SEPARATION_CERTIFICATE,1b3367a92443986587cd4bd36e627ff0541300a3efdda53fc38ac43b804b1a30,work\d2a_cert_preflight\h40_fixed20_point_last_fast_read.json,
40,11,fixed40,,average250,0,0,PASS_INHERITED_RULE_INSTANCE_CHECK,ZERO_OR_ROUNDED_DEGENERATE_DIRECTION,NOT_RUN,NOT_RUN,ZERO_DIRECTION_NO_SEPARATION_CERTIFICATE,ef9a9df7ed49298ef416cdfbf05991f94c485a9e344d5c69d136644c53ae9904,work\d2a_cert_preflight\h40_fixed40_average250.json,
40,11,fixed40,,point_last_fast_read,0,0,PASS_INHERITED_RULE_INSTANCE_CHECK,ZERO_OR_ROUNDED_DEGENERATE_DIRECTION,NOT_RUN,NOT_RUN,ZERO_DIRECTION_NO_SEPARATION_CERTIFICATE,26c6001f08020189ad2995769157311d14151ca2041ea22ae1e9f451604eaec2,work\d2a_cert_preflight\h40_fixed40_point_last_fast_read.json,
40,11,fixed76,,average250,0,0,PASS_INHERITED_RULE_INSTANCE_CHECK,ZERO_OR_ROUNDED_DEGENERATE_DIRECTION,NOT_RUN,NOT_RUN,ZERO_DIRECTION_NO_SEPARATION_CERTIFICATE,97bb3470908bf49b2ae40e537673e70873da11b5c43f476e0202ce61b85015c7,work\d2a_cert_preflight\h40_fixed76_average250.json,
40,11,fixed76,,point_last_fast_read,0,0,PASS_INHERITED_RULE_INSTANCE_CHECK,ZERO_OR_ROUNDED_DEGENERATE_DIRECTION,NOT_RUN,NOT_RUN,ZERO_DIRECTION_NO_SEPARATION_CERTIFICATE,58177d4fe2a61c7cc449fb11bcf5ba3f6723869b10e1644eb399f221acd3faea,work\d2a_cert_preflight\h40_fixed76_point_last_fast_read.json,
40,11,terminal_balanced,,average250,2,1,PASS_INHERITED_RULE_INSTANCE_CHECK,ZERO_OR_ROUNDED_DEGENERATE_DIRECTION,NOT_RUN,NOT_RUN,ZERO_DIRECTION_NO_SEPARATION_CERTIFICATE,75a4865786313f0b37356e828718ed713661d5fb714bcd9da951a46903329d97,work\d2a_cert_preflight\h40_terminal_balanced_average250.json,
40,11,terminal_balanced,,point_last_fast_read,2,1,PASS_INHERITED_RULE_INSTANCE_CHECK,ZERO_OR_ROUNDED_DEGENERATE_DIRECTION,NOT_RUN,NOT_RUN,ZERO_DIRECTION_NO_SEPARATION_CERTIFICATE,86a6fc6fc3d62f6ffe271ddb1b1b1b836b68854d772cba9f473d286558cdb01e,work\d2a_cert_preflight\h40_terminal_balanced_point_last_fast_read.json,
40,11,switch_then_stay,20,average250,0,0,PASS_INHERITED_RULE_INSTANCE_CHECK,ZERO_OR_ROUNDED_DEGENERATE_DIRECTION,NOT_RUN,NOT_RUN,ZERO_DIRECTION_NO_SEPARATION_CERTIFICATE,acbfb9ba245f920bef80b5b4ad204a30dc12cc530dc3024f6a6e03c37e11ab57,work\d2a_cert_preflight\h40_switch_then_stay_S20_average250.json,
40,11,switch_then_stay,20,point_last_fast_read,0,0,PASS_INHERITED_RULE_INSTANCE_CHECK,ZERO_OR_ROUNDED_DEGENERATE_DIRECTION,NOT_RUN,NOT_RUN,ZERO_DIRECTION_NO_SEPARATION_CERTIFICATE,eed4cebadef8b42b91ce209a9c7a31fbfb1e4d777cbc1c1c7655fc2acfff5f9e,work\d2a_cert_preflight\h40_switch_then_stay_S20_point_last_fast_read.json,
40,11,switch_then_stay,40,average250,2,1,PASS_INHERITED_RULE_INSTANCE_CHECK,ZERO_OR_ROUNDED_DEGENERATE_DIRECTION,NOT_RUN,NOT_RUN,ZERO_DIRECTION_NO_SEPARATION_CERTIFICATE,38f45677c76e7f2e67ba3f7350a2eb37577c0ddf6815a8cd0232898123ddb0a3,work\d2a_cert_preflight\h40_switch_then_stay_S40_average250.json,
40,11,switch_then_stay,40,point_last_fast_read,2,1,PASS_INHERITED_RULE_INSTANCE_CHECK,ZERO_OR_ROUNDED_DEGENERATE_DIRECTION,NOT_RUN,NOT_RUN,ZERO_DIRECTION_NO_SEPARATION_CERTIFICATE,36ebd4d376cbefcd289d92a3938f1ceeb2077598bd5918e076a3f1097e282036,work\d2a_cert_preflight\h40_switch_then_stay_S40_point_last_fast_read.json,
60,16,stay,,average250,0,0,PASS_INHERITED_RULE_INSTANCE_CHECK,ZERO_OR_ROUNDED_DEGENERATE_DIRECTION,NOT_RUN,NOT_RUN,ZERO_DIRECTION_NO_SEPARATION_CERTIFICATE,9ff0783165e67dee11d765087306f9295f7c13e53c0e0caabccbbf96c47fdaf1,work\d2a_cert_preflight\h60_stay_average250.json,
60,16,stay,,point_last_fast_read,0,0,PASS_INHERITED_RULE_INSTANCE_CHECK,ZERO_OR_ROUNDED_DEGENERATE_DIRECTION,NOT_RUN,NOT_RUN,ZERO_DIRECTION_NO_SEPARATION_CERTIFICATE,c857d60793d2a76560e20f7378523decfcc60457b0688f1a31c3e99aab2d8d93,work\d2a_cert_preflight\h60_stay_point_last_fast_read.json,
60,16,fixed20,,average250,1,0,PASS_INHERITED_RULE_INSTANCE_CHECK,ZERO_OR_ROUNDED_DEGENERATE_DIRECTION,NOT_RUN,NOT_RUN,ZERO_DIRECTION_NO_SEPARATION_CERTIFICATE,80c33ef714c7cb2481fbbf25f37f119c6db7d9bc05c3a27b9a1f9de5f86d8ea0,work\d2a_cert_preflight\h60_fixed20_average250.json,
60,16,fixed20,,point_last_fast_read,1,0,PASS_INHERITED_RULE_INSTANCE_CHECK,ZERO_OR_ROUNDED_DEGENERATE_DIRECTION,NOT_RUN,NOT_RUN,ZERO_DIRECTION_NO_SEPARATION_CERTIFICATE,b75aa320e1d48949763e9cc717229041418593f16f6b440065a11c547836f820,work\d2a_cert_preflight\h60_fixed20_point_last_fast_read.json,
60,16,fixed40,,average250,1,0,PASS_INHERITED_RULE_INSTANCE_CHECK,NONZERO_EXACT_KKT_DIRECTION,NOT_RUN,NOT_RUN,NOT_RUN,275c07e8e049495e77c6059e3c62962f858264594dc8d7849ddbc90398bc8ebd,work\d2a_cert_preflight\h60_fixed40_average250.json,True
60,16,fixed40,,point_last_fast_read,1,0,PASS_INHERITED_RULE_INSTANCE_CHECK,NONZERO_EXACT_KKT_DIRECTION,NOT_RUN,NOT_RUN,NOT_RUN,45090a7de186123efc491c7a516cbfa470b845327604aeacb4b5a503ca1e07f4,work\d2a_cert_preflight\h60_fixed40_point_last_fast_read.json,True
60,16,fixed76,,average250,0,0,PASS_INHERITED_RULE_INSTANCE_CHECK,ZERO_OR_ROUNDED_DEGENERATE_DIRECTION,NOT_RUN,NOT_RUN,ZERO_DIRECTION_NO_SEPARATION_CERTIFICATE,262dde8178b0b0f50237df6a18394fd56e9780d5f83f252f20a5ed05ecbcacc1,work\d2a_cert_preflight\h60_fixed76_average250.json,
60,16,fixed76,,point_last_fast_read,0,0,PASS_INHERITED_RULE_INSTANCE_CHECK,ZERO_OR_ROUNDED_DEGENERATE_DIRECTION,NOT_RUN,NOT_RUN,ZERO_DIRECTION_NO_SEPARATION_CERTIFICATE,68d2967d8a882f42c8ad0e8ee69012e1992c2e40c50c2f5f2a52294fd99c9b3a,work\d2a_cert_preflight\h60_fixed76_point_last_fast_read.json,
60,16,terminal_balanced,,average250,2,1,PASS_INHERITED_RULE_INSTANCE_CHECK,NONZERO_EXACT_KKT_DIRECTION,NOT_RUN,NOT_RUN,NOT_RUN,eda54ddbc6c4783eaf8680b2c90057e2b56b933bfb2df561135000c7e53fa35f,work\d2a_cert_preflight\h60_terminal_balanced_average250.json,True
60,16,terminal_balanced,,point_last_fast_read,2,1,PASS_INHERITED_RULE_INSTANCE_CHECK,NONZERO_EXACT_KKT_DIRECTION,NOT_RUN,NOT_RUN,NOT_RUN,7fc23ddd8d7d82b235db4d433b385199208caccd072c5183ef1d342bda475a60,work\d2a_cert_preflight\h60_terminal_balanced_point_last_fast_read.json,True
60,16,switch_then_stay,20,average250,0,0,PASS_INHERITED_RULE_INSTANCE_CHECK,ZERO_OR_ROUNDED_DEGENERATE_DIRECTION,NOT_RUN,NOT_RUN,ZERO_DIRECTION_NO_SEPARATION_CERTIFICATE,c7eebe61150e102f18dfcdd7f7ea586e6454505d2991518468550ce41554685d,work\d2a_cert_preflight\h60_switch_then_stay_S20_average250.json,
60,16,switch_then_stay,20,point_last_fast_read,0,0,PASS_INHERITED_RULE_INSTANCE_CHECK,ZERO_OR_ROUNDED_DEGENERATE_DIRECTION,NOT_RUN,NOT_RUN,ZERO_DIRECTION_NO_SEPARATION_CERTIFICATE,4c5e75dc541e4851c5eb95dfe8fb389a668bab0f0f17175d6b9e3d7ce97589e4,work\d2a_cert_preflight\h60_switch_then_stay_S20_point_last_fast_read.json,
60,16,switch_then_stay,40,average250,2,1,PASS_INHERITED_RULE_INSTANCE_CHECK,ZERO_OR_ROUNDED_DEGENERATE_DIRECTION,NOT_RUN,NOT_RUN,ZERO_DIRECTION_NO_SEPARATION_CERTIFICATE,10ed17a7ad2ff9c7aa3877ba1e33e40bf2372ebe3cc7daa473e9cf236c1d0593,work\d2a_cert_preflight\h60_switch_then_stay_S40_average250.json,
60,16,switch_then_stay,40,point_last_fast_read,2,1,PASS_INHERITED_RULE_INSTANCE_CHECK,ZERO_OR_ROUNDED_DEGENERATE_DIRECTION,NOT_RUN,NOT_RUN,ZERO_DIRECTION_NO_SEPARATION_CERTIFICATE,9f2c9a1d436541819dfc503d6ceb9c08faa089e309aee468d8ed3745450dec89,work\d2a_cert_preflight\h60_switch_then_stay_S40_point_last_fast_read.json,
60,16,switch_then_stay,60,average250,2,1,PASS_INHERITED_RULE_INSTANCE_CHECK,NONZERO_EXACT_KKT_DIRECTION,NOT_RUN,NOT_RUN,NOT_RUN,b57b57d7bbdbf752c3988fc62f2bb0938002995a9474109e8fbede9572293495,work\d2a_cert_preflight\h60_switch_then_stay_S60_average250.json,True
60,16,switch_then_stay,60,point_last_fast_read,2,1,PASS_INHERITED_RULE_INSTANCE_CHECK,NONZERO_EXACT_KKT_DIRECTION,NOT_RUN,NOT_RUN,NOT_RUN,bafffb73f537e639b3e78c472701b821ca89583d52e212dda60e73ff7254deff,work\d2a_cert_preflight\h60_switch_then_stay_S60_point_last_fast_read.json,True
80,21,stay,,average250,0,0,PASS_INHERITED_RULE_INSTANCE_CHECK,ZERO_OR_ROUNDED_DEGENERATE_DIRECTION,NOT_RUN,NOT_RUN,ZERO_DIRECTION_NO_SEPARATION_CERTIFICATE,ca466e01a1986db445bdb6830f36d827a71947b3b86eb7a9b4654424ec5b4c93,work\d2a_cert_preflight\h80_stay_average250.json,
80,21,stay,,point_last_fast_read,0,0,PASS_INHERITED_RULE_INSTANCE_CHECK,ZERO_OR_ROUNDED_DEGENERATE_DIRECTION,NOT_RUN,NOT_RUN,ZERO_DIRECTION_NO_SEPARATION_CERTIFICATE,6dea9a40553adf1c736c19ca40b810dcf12c5d65fb29e636e407b10514c5ae1d,work\d2a_cert_preflight\h80_stay_point_last_fast_read.json,
80,21,fixed20,,average250,2,0,PASS_INHERITED_RULE_INSTANCE_CHECK,NONZERO_EXACT_KKT_DIRECTION,NOT_RUN,NOT_RUN,NOT_RUN,13296542e910079a20eed257730038065bfb4dffdc58bdcf1d4fa8ba1c213eab,work\d2a_cert_preflight\h80_fixed20_average250.json,True
80,21,fixed20,,point_last_fast_read,2,0,PASS_INHERITED_RULE_INSTANCE_CHECK,NONZERO_EXACT_KKT_DIRECTION,NOT_RUN,NOT_RUN,NOT_RUN,9a652a5dbe61c286f894572eae705bf7e3a4f52a7bf3d20bd53ae776a537e498,work\d2a_cert_preflight\h80_fixed20_point_last_fast_read.json,True
80,21,fixed40,,average250,1,0,PASS_INHERITED_RULE_INSTANCE_CHECK,NONZERO_EXACT_KKT_DIRECTION,NOT_RUN,NOT_RUN,NOT_RUN,ede8c3ded6db42d788e7d8124a2134240615d94a33d9f0b1684605f10e879f7a,work\d2a_cert_preflight\h80_fixed40_average250.json,True
80,21,fixed40,,point_last_fast_read,1,0,PASS_INHERITED_RULE_INSTANCE_CHECK,NONZERO_EXACT_KKT_DIRECTION,NOT_RUN,NOT_RUN,NOT_RUN,25da19f4c0f632111a133ddc0ba35839f2cb993537085a6f8589736d50e88dfd,work\d2a_cert_preflight\h80_fixed40_point_last_fast_read.json,True
80,21,fixed76,,average250,0,0,PASS_INHERITED_RULE_INSTANCE_CHECK,ZERO_OR_ROUNDED_DEGENERATE_DIRECTION,NOT_RUN,NOT_RUN,ZERO_DIRECTION_NO_SEPARATION_CERTIFICATE,aab0f173985be704aa08eda55526c16ead2e2dc1856aca3db70e47ce591e4b7c,work\d2a_cert_preflight\h80_fixed76_average250.json,
80,21,fixed76,,point_last_fast_read,0,0,PASS_INHERITED_RULE_INSTANCE_CHECK,ZERO_OR_ROUNDED_DEGENERATE_DIRECTION,NOT_RUN,NOT_RUN,ZERO_DIRECTION_NO_SEPARATION_CERTIFICATE,1d508e16a9b1a415a50f3c570f04a5b395ed8601ba985692d16273662ddf0ba8,work\d2a_cert_preflight\h80_fixed76_point_last_fast_read.json,
80,21,terminal_balanced,,average250,4,2,PASS_INHERITED_RULE_INSTANCE_CHECK,NONZERO_EXACT_KKT_DIRECTION,NOT_RUN,NOT_RUN,NOT_RUN,dddbfd1c84b488fc6c3aa8eccd1695ca81ca0fd0918fb5474260c674477fbedb,work\d2a_cert_preflight\h80_terminal_balanced_average250.json,True
80,21,terminal_balanced,,point_last_fast_read,4,2,PASS_INHERITED_RULE_INSTANCE_CHECK,NONZERO_EXACT_KKT_DIRECTION,NOT_RUN,NOT_RUN,NOT_RUN,676328d84c5f6185adfd914a6728078f464ccd326ece778fbf956102c91c87c3,work\d2a_cert_preflight\h80_terminal_balanced_point_last_fast_read.json,True
80,21,switch_then_stay,20,average250,0,0,PASS_INHERITED_RULE_INSTANCE_CHECK,ZERO_OR_ROUNDED_DEGENERATE_DIRECTION,NOT_RUN,NOT_RUN,ZERO_DIRECTION_NO_SEPARATION_CERTIFICATE,8f9eb2616501117df933b05fc1ce198c092f61b4ac1a8abc36fdbea23d9b6786,work\d2a_cert_preflight\h80_switch_then_stay_S20_average250.json,
80,21,switch_then_stay,20,point_last_fast_read,0,0,PASS_INHERITED_RULE_INSTANCE_CHECK,ZERO_OR_ROUNDED_DEGENERATE_DIRECTION,NOT_RUN,NOT_RUN,ZERO_DIRECTION_NO_SEPARATION_CERTIFICATE,4c7a6791f39e7915ea93b950726465e5c1df33745b6acc8491393dc5bd6f8046,work\d2a_cert_preflight\h80_switch_then_stay_S20_point_last_fast_read.json,
80,21,switch_then_stay,40,average250,2,1,PASS_INHERITED_RULE_INSTANCE_CHECK,ZERO_OR_ROUNDED_DEGENERATE_DIRECTION,NOT_RUN,NOT_RUN,ZERO_DIRECTION_NO_SEPARATION_CERTIFICATE,21e49cb249db0dcdbc0b89fc62262815cb27bb3653d2bcee5985e5d3ccc1f2e5,work\d2a_cert_preflight\h80_switch_then_stay_S40_average250.json,
80,21,switch_then_stay,40,point_last_fast_read,2,1,PASS_INHERITED_RULE_INSTANCE_CHECK,ZERO_OR_ROUNDED_DEGENERATE_DIRECTION,NOT_RUN,NOT_RUN,ZERO_DIRECTION_NO_SEPARATION_CERTIFICATE,c4f8382b96470bc4a105d560de38fa446050dfe38856b12f7301679e4e90909f,work\d2a_cert_preflight\h80_switch_then_stay_S40_point_last_fast_read.json,
80,21,switch_then_stay,60,average250,2,1,PASS_INHERITED_RULE_INSTANCE_CHECK,NONZERO_EXACT_KKT_DIRECTION,NOT_RUN,NOT_RUN,NOT_RUN,18bcc7be03bfec01e092120cbaab814af83680da3758079ccb842f1f1246f58f,work\d2a_cert_preflight\h80_switch_then_stay_S60_average250.json,True
80,21,switch_then_stay,60,point_last_fast_read,2,1,PASS_INHERITED_RULE_INSTANCE_CHECK,NONZERO_EXACT_KKT_DIRECTION,NOT_RUN,NOT_RUN,NOT_RUN,af6a82ca06a2247322509ff28a26078513403ee5b027fa4b6d325dc6dcd6b1bc,work\d2a_cert_preflight\h80_switch_then_stay_S60_point_last_fast_read.json,True
80,21,switch_then_stay,80,average250,4,2,PASS_INHERITED_RULE_INSTANCE_CHECK,NONZERO_EXACT_KKT_DIRECTION,NOT_RUN,NOT_RUN,NOT_RUN,a2999e5fe5ed46cdedd737dfb260718bf1f435ddea60d2fe4de1bf4fbe275873,work\d2a_cert_preflight\h80_switch_then_stay_S80_average250.json,True
80,21,switch_then_stay,80,point_last_fast_read,4,2,PASS_INHERITED_RULE_INSTANCE_CHECK,NONZERO_EXACT_KKT_DIRECTION,NOT_RUN,NOT_RUN,NOT_RUN,f740edd88d608eb40fa545cf96fd7b81de75d638f3d0bdfc83f961cbbe7e2eaa,work\d2a_cert_preflight\h80_switch_then_stay_S80_point_last_fast_read.json,True
100,26,stay,,average250,0,0,PASS_INHERITED_RULE_INSTANCE_CHECK,ZERO_OR_ROUNDED_DEGENERATE_DIRECTION,NOT_RUN,NOT_RUN,ZERO_DIRECTION_NO_SEPARATION_CERTIFICATE,38b08b53dc0db6cda7329ab1e5ec217ce4bbf7945edf83d8807debfa05160cd6,work\d2a_cert_preflight\h100_stay_average250.json,
100,26,stay,,point_last_fast_read,0,0,PASS_INHERITED_RULE_INSTANCE_CHECK,ZERO_OR_ROUNDED_DEGENERATE_DIRECTION,NOT_RUN,NOT_RUN,ZERO_DIRECTION_NO_SEPARATION_CERTIFICATE,6ef5ea7add922716abd75a613c977284c11c2a29df95d19f2eb2b4beccfa6d29,work\d2a_cert_preflight\h100_stay_point_last_fast_read.json,
100,26,fixed20,,average250,3,0,PASS_INHERITED_RULE_INSTANCE_CHECK,NONZERO_EXACT_KKT_DIRECTION,NOT_RUN,NOT_RUN,NOT_RUN,6e466b05b9949f3829df1c1717bcf959c7721e62c472e12ae12e83869f9783d2,work\d2a_cert_preflight\h100_fixed20_average250.json,True
100,26,fixed20,,point_last_fast_read,3,0,PASS_INHERITED_RULE_INSTANCE_CHECK,NONZERO_EXACT_KKT_DIRECTION,NOT_RUN,NOT_RUN,NOT_RUN,dedef93c5d0f47bde0d2cb1daba9d8a335c1cd871b3cbd180a17f7383bc6d771,work\d2a_cert_preflight\h100_fixed20_point_last_fast_read.json,True
100,26,fixed40,,average250,1,0,PASS_INHERITED_RULE_INSTANCE_CHECK,NONZERO_EXACT_KKT_DIRECTION,NOT_RUN,NOT_RUN,NOT_RUN,ab7605c03637062628e4448060eceb6275744fd9951495fa7f49922e2321b531,work\d2a_cert_preflight\h100_fixed40_average250.json,True
100,26,fixed40,,point_last_fast_read,1,0,PASS_INHERITED_RULE_INSTANCE_CHECK,NONZERO_EXACT_KKT_DIRECTION,NOT_RUN,NOT_RUN,NOT_RUN,f77d75ccba179530d12641dc08a0cc037e44172109992ea1e9bad58dcc88d43d,work\d2a_cert_preflight\h100_fixed40_point_last_fast_read.json,True
100,26,fixed76,,average250,1,0,PASS_INHERITED_RULE_INSTANCE_CHECK,NONZERO_EXACT_KKT_DIRECTION,NOT_RUN,NOT_RUN,NOT_RUN,879b4264e4ac5a92546659682fb533fb18af7a970e8b24634bce6c253f79e074,work\d2a_cert_preflight\h100_fixed76_average250.json,True
100,26,fixed76,,point_last_fast_read,1,0,PASS_INHERITED_RULE_INSTANCE_CHECK,NONZERO_EXACT_KKT_DIRECTION,NOT_RUN,NOT_RUN,NOT_RUN,8f02c78e68477ec6a660f27b704bab286ccfcf1347d6a1f3db2290542eebec70,work\d2a_cert_preflight\h100_fixed76_point_last_fast_read.json,True
100,26,terminal_balanced,,average250,4,2,PASS_INHERITED_RULE_INSTANCE_CHECK,NONZERO_EXACT_KKT_DIRECTION,NOT_RUN,NOT_RUN,NOT_RUN,51660dc555f113ff1eab45b7708a837c900555ce1fec4c9f6bc64d6ec2db4416,work\d2a_cert_preflight\h100_terminal_balanced_average250.json,True
100,26,terminal_balanced,,point_last_fast_read,4,2,PASS_INHERITED_RULE_INSTANCE_CHECK,NONZERO_EXACT_KKT_DIRECTION,NOT_RUN,NOT_RUN,NOT_RUN,2a8b55e4b4d4ecaadfb94fb2aa007639d2f7eaae3d84ddb7b458805e3d8f884e,work\d2a_cert_preflight\h100_terminal_balanced_point_last_fast_read.json,True
100,26,switch_then_stay,20,average250,0,0,PASS_INHERITED_RULE_INSTANCE_CHECK,ZERO_OR_ROUNDED_DEGENERATE_DIRECTION,NOT_RUN,NOT_RUN,ZERO_DIRECTION_NO_SEPARATION_CERTIFICATE,a413ff70196e56d17b0db38b8204c0abeb5886d175b37470dbf69033d363ed4c,work\d2a_cert_preflight\h100_switch_then_stay_S20_average250.json,
100,26,switch_then_stay,20,point_last_fast_read,0,0,PASS_INHERITED_RULE_INSTANCE_CHECK,ZERO_OR_ROUNDED_DEGENERATE_DIRECTION,NOT_RUN,NOT_RUN,ZERO_DIRECTION_NO_SEPARATION_CERTIFICATE,99d41badd84b11f07d3c2796cf3868b5ce73d9ce7e2cbb01a9293a06881d056f,work\d2a_cert_preflight\h100_switch_then_stay_S20_point_last_fast_read.json,
100,26,switch_then_stay,40,average250,2,1,PASS_INHERITED_RULE_INSTANCE_CHECK,ZERO_OR_ROUNDED_DEGENERATE_DIRECTION,NOT_RUN,NOT_RUN,ZERO_DIRECTION_NO_SEPARATION_CERTIFICATE,6cf1bb60f7334da2f61cf79efbde1eb37e3d6b7525cf9ae296475c51c5340fe9,work\d2a_cert_preflight\h100_switch_then_stay_S40_average250.json,
100,26,switch_then_stay,40,point_last_fast_read,2,1,PASS_INHERITED_RULE_INSTANCE_CHECK,ZERO_OR_ROUNDED_DEGENERATE_DIRECTION,NOT_RUN,NOT_RUN,ZERO_DIRECTION_NO_SEPARATION_CERTIFICATE,53a6f97de56c11ef01d91fb7d5fa78b9d9dae54487dbabb35d1a12d94c9c4bd1,work\d2a_cert_preflight\h100_switch_then_stay_S40_point_last_fast_read.json,
100,26,switch_then_stay,60,average250,2,1,PASS_INHERITED_RULE_INSTANCE_CHECK,NONZERO_EXACT_KKT_DIRECTION,NOT_RUN,NOT_RUN,NOT_RUN,2a53dfa09d4615f2e0751e024d5d904294b59b63b90b8637a78b9b8083fd39ab,work\d2a_cert_preflight\h100_switch_then_stay_S60_average250.json,True
100,26,switch_then_stay,60,point_last_fast_read,2,1,PASS_INHERITED_RULE_INSTANCE_CHECK,NONZERO_EXACT_KKT_DIRECTION,NOT_RUN,NOT_RUN,NOT_RUN,e8969f108acd98107797f5c668a1c206f9e9d98d04c5767e081da6fea8c15b0e,work\d2a_cert_preflight\h100_switch_then_stay_S60_point_last_fast_read.json,True
100,26,switch_then_stay,80,average250,4,2,PASS_INHERITED_RULE_INSTANCE_CHECK,NONZERO_EXACT_KKT_DIRECTION,NOT_RUN,NOT_RUN,NOT_RUN,71f6e7b2c2f9dd77d3bfb28e5f847a1aeb2f91a7b402440b155379f2d228d994,work\d2a_cert_preflight\h100_switch_then_stay_S80_average250.json,True
100,26,switch_then_stay,80,point_last_fast_read,4,2,PASS_INHERITED_RULE_INSTANCE_CHECK,NONZERO_EXACT_KKT_DIRECTION,NOT_RUN,NOT_RUN,NOT_RUN,8de8a3e7dfad05a9bb8797c108c3b6a55b7760a8af9a6d5ca8289aa12b07a562,work\d2a_cert_preflight\h100_switch_then_stay_S80_point_last_fast_read.json,True
100,26,switch_then_stay,100,average250,4,2,PASS_INHERITED_RULE_INSTANCE_CHECK,NONZERO_EXACT_KKT_DIRECTION,NOT_RUN,NOT_RUN,NOT_RUN,557c7900ae845fc05dbc5850ebae1a05e1611c3268783a402ee777e2fc59c62a,work\d2a_cert_preflight\h100_switch_then_stay_S100_average250.json,True
100,26,switch_then_stay,100,point_last_fast_read,4,2,PASS_INHERITED_RULE_INSTANCE_CHECK,NONZERO_EXACT_KKT_DIRECTION,NOT_RUN,NOT_RUN,NOT_RUN,65692ba35308f5ff6e66494a399ca938551ff48b1874c6c61eb5dd609f62634b,work\d2a_cert_preflight\h100_switch_then_stay_S100_point_last_fast_read.json,True
120,31,stay,,average250,0,0,PASS_INHERITED_RULE_INSTANCE_CHECK,ZERO_OR_ROUNDED_DEGENERATE_DIRECTION,NOT_RUN,NOT_RUN,ZERO_DIRECTION_NO_SEPARATION_CERTIFICATE,eec5f7d0c6ad6366078647a00e5afd135587bf48e0138658354d24744186a9bc,work\d2a_cert_preflight\h120_stay_average250.json,
120,31,stay,,point_last_fast_read,0,0,PASS_INHERITED_RULE_INSTANCE_CHECK,ZERO_OR_ROUNDED_DEGENERATE_DIRECTION,NOT_RUN,NOT_RUN,ZERO_DIRECTION_NO_SEPARATION_CERTIFICATE,c85681ec4678145ccc358954a9ca8642f8feec7f893a70730166126d34433a32,work\d2a_cert_preflight\h120_stay_point_last_fast_read.json,
120,31,fixed20,,average250,3,0,PASS_INHERITED_RULE_INSTANCE_CHECK,NONZERO_EXACT_KKT_DIRECTION,NOT_RUN,NOT_RUN,NOT_RUN,c335d1faf425b8d2638b9cf23ff5f0b277bc3116a43fafec1d942c074fb7dead,work\d2a_cert_preflight\h120_fixed20_average250.json,True
120,31,fixed20,,point_last_fast_read,3,0,PASS_INHERITED_RULE_INSTANCE_CHECK,NONZERO_EXACT_KKT_DIRECTION,NOT_RUN,NOT_RUN,NOT_RUN,a3bb49c0a02e5d8914d66e05f5b150c27854d131695b10df2fdb0f939f6a3b49,work\d2a_cert_preflight\h120_fixed20_point_last_fast_read.json,True
120,31,fixed40,,average250,2,0,PASS_INHERITED_RULE_INSTANCE_CHECK,NONZERO_EXACT_KKT_DIRECTION,NOT_RUN,NOT_RUN,NOT_RUN,4194cd32123b7b8f4798f0667c49b2e570fbeea4d5b3047feca5e2b349c49577,work\d2a_cert_preflight\h120_fixed40_average250.json,True
120,31,fixed40,,point_last_fast_read,2,0,PASS_INHERITED_RULE_INSTANCE_CHECK,NONZERO_EXACT_KKT_DIRECTION,NOT_RUN,NOT_RUN,NOT_RUN,ed415a41aa965d6df70ea49d45d1f4897283cb8d054684618debe1b5daf5543f,work\d2a_cert_preflight\h120_fixed40_point_last_fast_read.json,True
120,31,fixed76,,average250,1,0,PASS_INHERITED_RULE_INSTANCE_CHECK,NONZERO_EXACT_KKT_DIRECTION,NOT_RUN,NOT_RUN,NOT_RUN,f503e905535a50b79be4c8d82f63a63c86dd9bf23622b84bb05e855a92549641,work\d2a_cert_preflight\h120_fixed76_average250.json,True
120,31,fixed76,,point_last_fast_read,1,0,PASS_INHERITED_RULE_INSTANCE_CHECK,NONZERO_EXACT_KKT_DIRECTION,NOT_RUN,NOT_RUN,NOT_RUN,9a1b7e46f9258bc07f97abea9d380a60b6e1a958cfd492b1c9232f47f238d274,work\d2a_cert_preflight\h120_fixed76_point_last_fast_read.json,True
120,31,terminal_balanced,,average250,4,2,PASS_INHERITED_RULE_INSTANCE_CHECK,NONZERO_EXACT_KKT_DIRECTION,GENERATED,GENERATED,CERTIFIED_TARGET_PASS,e9a774ec480a7106f1354eae37d6ece05029a24ad3c122a8ffddb4004e130b27,work\d2a_cert_preflight\h120_terminal_balanced_average250.json,True
120,31,terminal_balanced,,point_last_fast_read,4,2,PASS_INHERITED_RULE_INSTANCE_CHECK,NONZERO_EXACT_KKT_DIRECTION,NOT_RUN,NOT_RUN,NOT_RUN,1078c31e1428d771aa235e192051589df251e4bd331e46fb0808745b1f961827,work\d2a_cert_preflight\h120_terminal_balanced_point_last_fast_read.json,True
120,31,switch_then_stay,20,average250,0,0,PASS_INHERITED_RULE_INSTANCE_CHECK,ZERO_OR_ROUNDED_DEGENERATE_DIRECTION,NOT_RUN,NOT_RUN,ZERO_DIRECTION_NO_SEPARATION_CERTIFICATE,6beb571b517c7a24877d2bb385c24ebc9573395ca3ddb82d3b1ae50e89ad5430,work\d2a_cert_preflight\h120_switch_then_stay_S20_average250.json,
120,31,switch_then_stay,20,point_last_fast_read,0,0,PASS_INHERITED_RULE_INSTANCE_CHECK,ZERO_OR_ROUNDED_DEGENERATE_DIRECTION,NOT_RUN,NOT_RUN,ZERO_DIRECTION_NO_SEPARATION_CERTIFICATE,a2f9e4ea0833b7835fe21dfc6e7404ec0acc93c420efb72df856450762860bfa,work\d2a_cert_preflight\h120_switch_then_stay_S20_point_last_fast_read.json,
120,31,switch_then_stay,40,average250,2,1,PASS_INHERITED_RULE_INSTANCE_CHECK,ZERO_OR_ROUNDED_DEGENERATE_DIRECTION,NOT_RUN,NOT_RUN,ZERO_DIRECTION_NO_SEPARATION_CERTIFICATE,d3b8347f6711bf7bbffbc20aed6af53e82d7ead19db3552cba17c4ec5cf688f9,work\d2a_cert_preflight\h120_switch_then_stay_S40_average250.json,
120,31,switch_then_stay,40,point_last_fast_read,2,1,PASS_INHERITED_RULE_INSTANCE_CHECK,ZERO_OR_ROUNDED_DEGENERATE_DIRECTION,NOT_RUN,NOT_RUN,ZERO_DIRECTION_NO_SEPARATION_CERTIFICATE,97845114adc244cda722bfef52cf41e694fe58ac6c37728e24b96eb808f6b1dc,work\d2a_cert_preflight\h120_switch_then_stay_S40_point_last_fast_read.json,
120,31,switch_then_stay,60,average250,2,1,PASS_INHERITED_RULE_INSTANCE_CHECK,NONZERO_EXACT_KKT_DIRECTION,NOT_RUN,NOT_RUN,NOT_RUN,a3959d176b3ccee95b6be0970c904796ab552101f894532e0ac0c0cbcee825b7,work\d2a_cert_preflight\h120_switch_then_stay_S60_average250.json,True
120,31,switch_then_stay,60,point_last_fast_read,2,1,PASS_INHERITED_RULE_INSTANCE_CHECK,NONZERO_EXACT_KKT_DIRECTION,NOT_RUN,NOT_RUN,NOT_RUN,b96ff9d114bbf4d99ae97dd65e4073db5b90a6e98dbbbefd561a5f67c87f0efd,work\d2a_cert_preflight\h120_switch_then_stay_S60_point_last_fast_read.json,True
120,31,switch_then_stay,80,average250,4,2,PASS_INHERITED_RULE_INSTANCE_CHECK,NONZERO_EXACT_KKT_DIRECTION,NOT_RUN,NOT_RUN,NOT_RUN,134967b17f8e23a43a29f350cc82df51b980403c763a5af50f1aea3cb3ed605d,work\d2a_cert_preflight\h120_switch_then_stay_S80_average250.json,True
120,31,switch_then_stay,80,point_last_fast_read,4,2,PASS_INHERITED_RULE_INSTANCE_CHECK,NONZERO_EXACT_KKT_DIRECTION,NOT_RUN,NOT_RUN,NOT_RUN,4dec8f88f47aba97c48c3f998f203fca9099ca3cd16d55a0ba4dbd07ecc376af,work\d2a_cert_preflight\h120_switch_then_stay_S80_point_last_fast_read.json,True
120,31,switch_then_stay,100,average250,4,2,PASS_INHERITED_RULE_INSTANCE_CHECK,NONZERO_EXACT_KKT_DIRECTION,NOT_RUN,NOT_RUN,NOT_RUN,79fb2214e2b13f9b7746924c78457f0f83adfcd92da5e9aa5dc5a289a4dde84d,work\d2a_cert_preflight\h120_switch_then_stay_S100_average250.json,True
120,31,switch_then_stay,100,point_last_fast_read,4,2,PASS_INHERITED_RULE_INSTANCE_CHECK,NONZERO_EXACT_KKT_DIRECTION,NOT_RUN,NOT_RUN,NOT_RUN,5f6d7d361963325eaca4f7ca77fd5e87de06beaabbcafbb05134c81505824b5a,work\d2a_cert_preflight\h120_switch_then_stay_S100_point_last_fast_read.json,True
120,31,switch_then_stay,120,average250,4,2,PASS_INHERITED_RULE_INSTANCE_CHECK,NONZERO_EXACT_KKT_DIRECTION,NOT_RUN,NOT_RUN,NOT_RUN,c46c4f69f54a920e62d23c1a0b37552e403131b84d81b9abfb47df82dd692876,work\d2a_cert_preflight\h120_switch_then_stay_S120_average250.json,True
120,31,switch_then_stay,120,point_last_fast_read,4,2,PASS_INHERITED_RULE_INSTANCE_CHECK,NONZERO_EXACT_KKT_DIRECTION,NOT_RUN,NOT_RUN,NOT_RUN,0be09bf3d08a584c245a757de5bf5f8254e09052eb8ae2af229f05d69baa629c,work\d2a_cert_preflight\h120_switch_then_stay_S120_point_last_fast_read.json,True
160,41,stay,,average250,0,0,PASS_INHERITED_RULE_INSTANCE_CHECK,ZERO_OR_ROUNDED_DEGENERATE_DIRECTION,NOT_RUN,NOT_RUN,ZERO_DIRECTION_NO_SEPARATION_CERTIFICATE,3238289446a0d3d1c6c07aa44403bc3524b0607dd2f4ae65803b0956ac9f01a6,work\d2a_cert_preflight\h160_stay_average250.json,
160,41,stay,,point_last_fast_read,0,0,PASS_INHERITED_RULE_INSTANCE_CHECK,ZERO_OR_ROUNDED_DEGENERATE_DIRECTION,NOT_RUN,NOT_RUN,ZERO_DIRECTION_NO_SEPARATION_CERTIFICATE,a6dd7288771a24198064c8e6c98d84ab04d9a4251d917d407bcf618159f114ce,work\d2a_cert_preflight\h160_stay_point_last_fast_read.json,
160,41,fixed20,,average250,4,0,PASS_INHERITED_RULE_INSTANCE_CHECK,NONZERO_EXACT_KKT_DIRECTION,NOT_RUN,NOT_RUN,NOT_RUN,6dae7b0e1c42330a35cbbe0e51466c3051ae5b6e119c92eb4838a5a724897de2,work\d2a_cert_preflight\h160_fixed20_average250.json,True
160,41,fixed20,,point_last_fast_read,4,0,PASS_INHERITED_RULE_INSTANCE_CHECK,NONZERO_EXACT_KKT_DIRECTION,NOT_RUN,NOT_RUN,NOT_RUN,f613970a8b5f2bef74c388965970eb108e9513080198a66d8a581809e363c6d8,work\d2a_cert_preflight\h160_fixed20_point_last_fast_read.json,True
160,41,fixed40,,average250,3,0,PASS_INHERITED_RULE_INSTANCE_CHECK,NONZERO_EXACT_KKT_DIRECTION,NOT_RUN,NOT_RUN,NOT_RUN,be7bf2524643b34c12837f4d7f576a62ccd81756deaaa547a6f129ac4bb29304,work\d2a_cert_preflight\h160_fixed40_average250.json,True
160,41,fixed40,,point_last_fast_read,3,0,PASS_INHERITED_RULE_INSTANCE_CHECK,NONZERO_EXACT_KKT_DIRECTION,NOT_RUN,NOT_RUN,NOT_RUN,ca7784ac58a07f9652ffe07c571dc463fa41403e2124b3143eb54b59cf4bfd6b,work\d2a_cert_preflight\h160_fixed40_point_last_fast_read.json,True
160,41,fixed76,,average250,1,0,PASS_INHERITED_RULE_INSTANCE_CHECK,NONZERO_EXACT_KKT_DIRECTION,NOT_RUN,NOT_RUN,NOT_RUN,8a9d77c9e6cde6f5c445c519170ba5f0c55ef95f555b88a0bd289bb0a2499e3f,work\d2a_cert_preflight\h160_fixed76_average250.json,True
160,41,fixed76,,point_last_fast_read,1,0,PASS_INHERITED_RULE_INSTANCE_CHECK,NONZERO_EXACT_KKT_DIRECTION,NOT_RUN,NOT_RUN,NOT_RUN,4646eaef7f2fde9dec6bc74cbefa295a7c68f2ce271ee7681095c6742d13d5f2,work\d2a_cert_preflight\h160_fixed76_point_last_fast_read.json,True
160,41,terminal_balanced,,average250,6,3,PASS_INHERITED_RULE_INSTANCE_CHECK,NONZERO_EXACT_KKT_DIRECTION,NOT_RUN,NOT_RUN,NOT_RUN,ef64194dfc9e56a02faa07eaa696f49069b80d67fec032735b3f4085450e2688,work\d2a_cert_preflight\h160_terminal_balanced_average250.json,True
160,41,terminal_balanced,,point_last_fast_read,6,3,PASS_INHERITED_RULE_INSTANCE_CHECK,NONZERO_EXACT_KKT_DIRECTION,NOT_RUN,NOT_RUN,NOT_RUN,b2ca9e9979248ef1b24383f42d72aee2d2e12e5b365f6450babeefdb1714b7c6,work\d2a_cert_preflight\h160_terminal_balanced_point_last_fast_read.json,True
160,41,switch_then_stay,20,average250,0,0,PASS_INHERITED_RULE_INSTANCE_CHECK,ZERO_OR_ROUNDED_DEGENERATE_DIRECTION,NOT_RUN,NOT_RUN,ZERO_DIRECTION_NO_SEPARATION_CERTIFICATE,972ea96cefdb8bbe09f82d3ae7212b67a61bc5324a260f1f4dff218428155cce,work\d2a_cert_preflight\h160_switch_then_stay_S20_average250.json,
160,41,switch_then_stay,20,point_last_fast_read,0,0,PASS_INHERITED_RULE_INSTANCE_CHECK,ZERO_OR_ROUNDED_DEGENERATE_DIRECTION,NOT_RUN,NOT_RUN,ZERO_DIRECTION_NO_SEPARATION_CERTIFICATE,fbd77bfbae0ed0f5e88b2cc69764a27e39af6f6709ca100954ccf2882d787e4a,work\d2a_cert_preflight\h160_switch_then_stay_S20_point_last_fast_read.json,
160,41,switch_then_stay,40,average250,2,1,PASS_INHERITED_RULE_INSTANCE_CHECK,ZERO_OR_ROUNDED_DEGENERATE_DIRECTION,NOT_RUN,NOT_RUN,ZERO_DIRECTION_NO_SEPARATION_CERTIFICATE,69d1db6b8bc952bd7214b68bb78b9fb7c582c2282cd53f22411ebb6e56ce54dc,work\d2a_cert_preflight\h160_switch_then_stay_S40_average250.json,
160,41,switch_then_stay,40,point_last_fast_read,2,1,PASS_INHERITED_RULE_INSTANCE_CHECK,ZERO_OR_ROUNDED_DEGENERATE_DIRECTION,NOT_RUN,NOT_RUN,ZERO_DIRECTION_NO_SEPARATION_CERTIFICATE,45ce82ad81919ddf401e21de11492af33226dd51f2e4764052394e44ec4b3a27,work\d2a_cert_preflight\h160_switch_then_stay_S40_point_last_fast_read.json,
160,41,switch_then_stay,60,average250,2,1,PASS_INHERITED_RULE_INSTANCE_CHECK,NONZERO_EXACT_KKT_DIRECTION,NOT_RUN,NOT_RUN,NOT_RUN,612870d07002e76a690392e13695c687ed2ac57bbcc066bbbad72fed77ce8151,work\d2a_cert_preflight\h160_switch_then_stay_S60_average250.json,True
160,41,switch_then_stay,60,point_last_fast_read,2,1,PASS_INHERITED_RULE_INSTANCE_CHECK,NONZERO_EXACT_KKT_DIRECTION,NOT_RUN,NOT_RUN,NOT_RUN,5f30704a70ffd60a90997d471c620cd14632630d1f74e2d325ebd616288482b0,work\d2a_cert_preflight\h160_switch_then_stay_S60_point_last_fast_read.json,True
160,41,switch_then_stay,80,average250,4,2,PASS_INHERITED_RULE_INSTANCE_CHECK,NONZERO_EXACT_KKT_DIRECTION,NOT_RUN,NOT_RUN,NOT_RUN,dad5b4afeefb66335928938b89f5b1ac8dbbecc3b353591f1a29be3fb70d77fc,work\d2a_cert_preflight\h160_switch_then_stay_S80_average250.json,True
160,41,switch_then_stay,80,point_last_fast_read,4,2,PASS_INHERITED_RULE_INSTANCE_CHECK,NONZERO_EXACT_KKT_DIRECTION,NOT_RUN,NOT_RUN,NOT_RUN,7c392d867309b86e9ee8f068efb010707456fc6f5bbb8bb58477d153d5e877ff,work\d2a_cert_preflight\h160_switch_then_stay_S80_point_last_fast_read.json,True
160,41,switch_then_stay,100,average250,4,2,PASS_INHERITED_RULE_INSTANCE_CHECK,NONZERO_EXACT_KKT_DIRECTION,NOT_RUN,NOT_RUN,NOT_RUN,6358a55a46c8de1b0442903216803b7b29597a9f5137f1d5d47d07c497545e81,work\d2a_cert_preflight\h160_switch_then_stay_S100_average250.json,True
160,41,switch_then_stay,100,point_last_fast_read,4,2,PASS_INHERITED_RULE_INSTANCE_CHECK,NONZERO_EXACT_KKT_DIRECTION,NOT_RUN,NOT_RUN,NOT_RUN,5dcf96226dff5ccea5955f1e976503244f68e311c808d830d6a3be55a5abbb85,work\d2a_cert_preflight\h160_switch_then_stay_S100_point_last_fast_read.json,True
160,41,switch_then_stay,120,average250,4,2,PASS_INHERITED_RULE_INSTANCE_CHECK,NONZERO_EXACT_KKT_DIRECTION,NOT_RUN,NOT_RUN,NOT_RUN,8f5ede29e807e85f15f779a228923d2c38b35fc75c9b1fa45d06da432dd942c4,work\d2a_cert_preflight\h160_switch_then_stay_S120_average250.json,True
160,41,switch_then_stay,120,point_last_fast_read,4,2,PASS_INHERITED_RULE_INSTANCE_CHECK,NONZERO_EXACT_KKT_DIRECTION,NOT_RUN,NOT_RUN,NOT_RUN,461ae05ec250f4b3d3ac863ca4d92b40545e4b66a0923cd3d1e51f6131218b14,work\d2a_cert_preflight\h160_switch_then_stay_S120_point_last_fast_read.json,True
160,41,switch_then_stay,140,average250,6,3,PASS_INHERITED_RULE_INSTANCE_CHECK,NONZERO_EXACT_KKT_DIRECTION,NOT_RUN,NOT_RUN,NOT_RUN,a6d8630485105c123fe4a3501c82f5a1d7941642860eb3b69b6e19757699d5d5,work\d2a_cert_preflight\h160_switch_then_stay_S140_average250.json,True
160,41,switch_then_stay,140,point_last_fast_read,6,3,PASS_INHERITED_RULE_INSTANCE_CHECK,NONZERO_EXACT_KKT_DIRECTION,NOT_RUN,NOT_RUN,NOT_RUN,89d3cf9ef8f23c9a5dd7fc984982ec40d6ba9612c32e8cc667087d0945e740b6,work\d2a_cert_preflight\h160_switch_then_stay_S140_point_last_fast_read.json,True
160,41,switch_then_stay,160,average250,6,3,PASS_INHERITED_RULE_INSTANCE_CHECK,NONZERO_EXACT_KKT_DIRECTION,NOT_RUN,NOT_RUN,NOT_RUN,52232513ffea67bd6f791b83a8458397add902f62ba16718417ea13708514a1e,work\d2a_cert_preflight\h160_switch_then_stay_S160_average250.json,True
160,41,switch_then_stay,160,point_last_fast_read,6,3,PASS_INHERITED_RULE_INSTANCE_CHECK,NONZERO_EXACT_KKT_DIRECTION,NOT_RUN,NOT_RUN,NOT_RUN,d2cd6fc61b8a8e50a0c2201b81953dc57850d75a2c10bbd2630a74e87a665e1a,work\d2a_cert_preflight\h160_switch_then_stay_S160_point_last_fast_read.json,True
200,51,stay,,average250,0,0,PASS_INHERITED_RULE_INSTANCE_CHECK,ZERO_OR_ROUNDED_DEGENERATE_DIRECTION,NOT_RUN,NOT_RUN,ZERO_DIRECTION_NO_SEPARATION_CERTIFICATE,3a5eb39464b3c9ff84d5ea6d84dbeebfbd6393b7d4271b6c3d11a2dfe02d2f94,work\d2a_cert_preflight\h200_stay_average250.json,
200,51,stay,,point_last_fast_read,0,0,PASS_INHERITED_RULE_INSTANCE_CHECK,ZERO_OR_ROUNDED_DEGENERATE_DIRECTION,NOT_RUN,NOT_RUN,ZERO_DIRECTION_NO_SEPARATION_CERTIFICATE,fb590bc1eccdf83ee6426b10810707177930fbe5d7411f7518c2e047d4c773eb,work\d2a_cert_preflight\h200_stay_point_last_fast_read.json,
200,51,fixed20,,average250,6,0,PASS_INHERITED_RULE_INSTANCE_CHECK,NONZERO_EXACT_KKT_DIRECTION,NOT_RUN,NOT_RUN,NOT_RUN,44b8596013586526975b3b7406fa6b3a9e29d6615355cfb13155203fe77b8786,work\d2a_cert_preflight\h200_fixed20_average250.json,True
200,51,fixed20,,point_last_fast_read,6,0,PASS_INHERITED_RULE_INSTANCE_CHECK,NONZERO_EXACT_KKT_DIRECTION,NOT_RUN,NOT_RUN,NOT_RUN,1c5418f326837c2b9cdc507b4dffb74cbed36ad696e17e8c8e53d1b98c86ddd2,work\d2a_cert_preflight\h200_fixed20_point_last_fast_read.json,True
200,51,fixed40,,average250,3,0,PASS_INHERITED_RULE_INSTANCE_CHECK,NONZERO_EXACT_KKT_DIRECTION,NOT_RUN,NOT_RUN,NOT_RUN,62d3971176259e5198dbf5dd2a632bfcfb80a705b2becfdbbbcc3a7327e7553f,work\d2a_cert_preflight\h200_fixed40_average250.json,True
200,51,fixed40,,point_last_fast_read,3,0,PASS_INHERITED_RULE_INSTANCE_CHECK,NONZERO_EXACT_KKT_DIRECTION,NOT_RUN,NOT_RUN,NOT_RUN,90b4fb9b0d8050cad99b4a0242331f9f66df09438964fa41e0289f62c0444868,work\d2a_cert_preflight\h200_fixed40_point_last_fast_read.json,True
200,51,fixed76,,average250,2,0,PASS_INHERITED_RULE_INSTANCE_CHECK,NONZERO_EXACT_KKT_DIRECTION,NOT_RUN,NOT_RUN,NOT_RUN,00f702efff9143d729e78b25419e101d6b9cad40f800d5d874bef1ed37dede6b,work\d2a_cert_preflight\h200_fixed76_average250.json,True
200,51,fixed76,,point_last_fast_read,2,0,PASS_INHERITED_RULE_INSTANCE_CHECK,NONZERO_EXACT_KKT_DIRECTION,NOT_RUN,NOT_RUN,NOT_RUN,a75c0b0b2107a4b8a54328c050cf90908c2fb26a587a20523427316cb7536031,work\d2a_cert_preflight\h200_fixed76_point_last_fast_read.json,True
200,51,terminal_balanced,,average250,8,4,PASS_INHERITED_RULE_INSTANCE_CHECK,NONZERO_EXACT_KKT_DIRECTION,NOT_RUN,NOT_RUN,NOT_RUN,8c80a5f54df854d28bfc307b8786be38a130f67a3e15cfcd3e0ef4b89be14a66,work\d2a_cert_preflight\h200_terminal_balanced_average250.json,True
200,51,terminal_balanced,,point_last_fast_read,8,4,PASS_INHERITED_RULE_INSTANCE_CHECK,NONZERO_EXACT_KKT_DIRECTION,NOT_RUN,NOT_RUN,NOT_RUN,8fac2a1148c81072f6edd4002ae76566dd0653227995adb692ee31d327da9e83,work\d2a_cert_preflight\h200_terminal_balanced_point_last_fast_read.json,True
200,51,switch_then_stay,20,average250,0,0,PASS_INHERITED_RULE_INSTANCE_CHECK,ZERO_OR_ROUNDED_DEGENERATE_DIRECTION,NOT_RUN,NOT_RUN,ZERO_DIRECTION_NO_SEPARATION_CERTIFICATE,722dba78658ab74aab97e8e812345a9f3df06e34e18902b5034e675f22d7ca85,work\d2a_cert_preflight\h200_switch_then_stay_S20_average250.json,
200,51,switch_then_stay,20,point_last_fast_read,0,0,PASS_INHERITED_RULE_INSTANCE_CHECK,ZERO_OR_ROUNDED_DEGENERATE_DIRECTION,NOT_RUN,NOT_RUN,ZERO_DIRECTION_NO_SEPARATION_CERTIFICATE,d74a7e5fc121f384e1bfc08f01155b5b91658913289a70b6f2ed0b48378a6591,work\d2a_cert_preflight\h200_switch_then_stay_S20_point_last_fast_read.json,
200,51,switch_then_stay,40,average250,2,1,PASS_INHERITED_RULE_INSTANCE_CHECK,ZERO_OR_ROUNDED_DEGENERATE_DIRECTION,NOT_RUN,NOT_RUN,ZERO_DIRECTION_NO_SEPARATION_CERTIFICATE,15316db1b2dd79947d52a0ecc2cd997f40084fe9e164d3ec4620c020f379479f,work\d2a_cert_preflight\h200_switch_then_stay_S40_average250.json,
200,51,switch_then_stay,40,point_last_fast_read,2,1,PASS_INHERITED_RULE_INSTANCE_CHECK,ZERO_OR_ROUNDED_DEGENERATE_DIRECTION,NOT_RUN,NOT_RUN,ZERO_DIRECTION_NO_SEPARATION_CERTIFICATE,d8af8ecac06cce8de12c92572ab8d7738755619d0327d72e139ca7ea99f5bd4d,work\d2a_cert_preflight\h200_switch_then_stay_S40_point_last_fast_read.json,
200,51,switch_then_stay,60,average250,2,1,PASS_INHERITED_RULE_INSTANCE_CHECK,NONZERO_EXACT_KKT_DIRECTION,NOT_RUN,NOT_RUN,NOT_RUN,9d9b5b37bfda6eaa46abf703a1e4522666b3a1807cf4bc8aa827a008e61a7cc1,work\d2a_cert_preflight\h200_switch_then_stay_S60_average250.json,True
200,51,switch_then_stay,60,point_last_fast_read,2,1,PASS_INHERITED_RULE_INSTANCE_CHECK,NONZERO_EXACT_KKT_DIRECTION,NOT_RUN,NOT_RUN,NOT_RUN,d9e44dcd74afb345ea3296951fedd3dade421119161d6c07fa57d01b472e3f06,work\d2a_cert_preflight\h200_switch_then_stay_S60_point_last_fast_read.json,True
200,51,switch_then_stay,80,average250,4,2,PASS_INHERITED_RULE_INSTANCE_CHECK,NONZERO_EXACT_KKT_DIRECTION,NOT_RUN,NOT_RUN,NOT_RUN,653c1348737e746c618fb13d86996d3700590328a174466b1cf61a3911a63fa1,work\d2a_cert_preflight\h200_switch_then_stay_S80_average250.json,True
200,51,switch_then_stay,80,point_last_fast_read,4,2,PASS_INHERITED_RULE_INSTANCE_CHECK,NONZERO_EXACT_KKT_DIRECTION,NOT_RUN,NOT_RUN,NOT_RUN,5a4eedb4a1389e23c3940626f53e04fbabd092ac5fd1aa053ea7ad80c5ae2a6f,work\d2a_cert_preflight\h200_switch_then_stay_S80_point_last_fast_read.json,True
200,51,switch_then_stay,100,average250,4,2,PASS_INHERITED_RULE_INSTANCE_CHECK,NONZERO_EXACT_KKT_DIRECTION,NOT_RUN,NOT_RUN,NOT_RUN,7c906857be45670800c15797aa2ef308292ea40fd7d73189ca4c86e4b5f86542,work\d2a_cert_preflight\h200_switch_then_stay_S100_average250.json,True
200,51,switch_then_stay,100,point_last_fast_read,4,2,PASS_INHERITED_RULE_INSTANCE_CHECK,NONZERO_EXACT_KKT_DIRECTION,NOT_RUN,NOT_RUN,NOT_RUN,f76510c4efb6d5f3ab7da05465738147d53b689903245d46ae9b03680d3c66a5,work\d2a_cert_preflight\h200_switch_then_stay_S100_point_last_fast_read.json,True
200,51,switch_then_stay,120,average250,4,2,PASS_INHERITED_RULE_INSTANCE_CHECK,NONZERO_EXACT_KKT_DIRECTION,NOT_RUN,NOT_RUN,NOT_RUN,dfdcbe8a937f58e52595146aaf27d2ffcc8ec07a36830aad7d81bb54484bbe0c,work\d2a_cert_preflight\h200_switch_then_stay_S120_average250.json,True
200,51,switch_then_stay,120,point_last_fast_read,4,2,PASS_INHERITED_RULE_INSTANCE_CHECK,NONZERO_EXACT_KKT_DIRECTION,NOT_RUN,NOT_RUN,NOT_RUN,25776cf9f55c3210ab270b328c2850eef61fb6ea3fb0bf857ba7d9264022a40b,work\d2a_cert_preflight\h200_switch_then_stay_S120_point_last_fast_read.json,True
200,51,switch_then_stay,140,average250,6,3,PASS_INHERITED_RULE_INSTANCE_CHECK,NONZERO_EXACT_KKT_DIRECTION,NOT_RUN,NOT_RUN,NOT_RUN,dce9f6bf0200dafb1e25f25f89d6249e85c302e7c1fc43cc909261ece55581b2,work\d2a_cert_preflight\h200_switch_then_stay_S140_average250.json,True
200,51,switch_then_stay,140,point_last_fast_read,6,3,PASS_INHERITED_RULE_INSTANCE_CHECK,NONZERO_EXACT_KKT_DIRECTION,NOT_RUN,NOT_RUN,NOT_RUN,3c5211d49f78b183c3c001afdf7398a0e5c25c59b7bca753c3c0456a83ae4b3e,work\d2a_cert_preflight\h200_switch_then_stay_S140_point_last_fast_read.json,True
200,51,switch_then_stay,160,average250,6,3,PASS_INHERITED_RULE_INSTANCE_CHECK,NONZERO_EXACT_KKT_DIRECTION,NOT_RUN,NOT_RUN,NOT_RUN,4fb0be131d0955f26bed7812c18d19058f707dcd72504b5a79bb41b56e95b1b8,work\d2a_cert_preflight\h200_switch_then_stay_S160_average250.json,True
200,51,switch_then_stay,160,point_last_fast_read,6,3,PASS_INHERITED_RULE_INSTANCE_CHECK,NONZERO_EXACT_KKT_DIRECTION,NOT_RUN,NOT_RUN,NOT_RUN,ba0e5d4434c29e673e424b85e1f7913b7ee2e2e2ea431d3c14567fc70d5c80b1,work\d2a_cert_preflight\h200_switch_then_stay_S160_point_last_fast_read.json,True
200,51,switch_then_stay,180,average250,6,3,PASS_INHERITED_RULE_INSTANCE_CHECK,NONZERO_EXACT_KKT_DIRECTION,NOT_RUN,NOT_RUN,NOT_RUN,d799f1fbdc557d5ee9d8b0cbf9697ead4f360b6ba99db9a239f57fdea48cc77b,work\d2a_cert_preflight\h200_switch_then_stay_S180_average250.json,True
200,51,switch_then_stay,180,point_last_fast_read,6,3,PASS_INHERITED_RULE_INSTANCE_CHECK,NONZERO_EXACT_KKT_DIRECTION,NOT_RUN,NOT_RUN,NOT_RUN,6efe87cdf29244c902e90b825e3751453f104213dbf54b6b419d6676a21212fb,work\d2a_cert_preflight\h200_switch_then_stay_S180_point_last_fast_read.json,True
200,51,switch_then_stay,200,average250,8,4,PASS_INHERITED_RULE_INSTANCE_CHECK,NONZERO_EXACT_KKT_DIRECTION,NOT_RUN,NOT_RUN,NOT_RUN,fda42c7b5c2bdb7f950e473551d0bd76fdf62861dc8b7bbd7c22e6371418ca0f,work\d2a_cert_preflight\h200_switch_then_stay_S200_average250.json,True
200,51,switch_then_stay,200,point_last_fast_read,8,4,PASS_INHERITED_RULE_INSTANCE_CHECK,NONZERO_EXACT_KKT_DIRECTION,NOT_RUN,NOT_RUN,NOT_RUN,d3e519a62187b7918bbb632be41046929ff6d04ed5d533779a3c806dcceb2453,work\d2a_cert_preflight\h200_switch_then_stay_S200_point_last_fast_read.json,True
240,61,stay,,average250,0,0,PASS_INHERITED_RULE_INSTANCE_CHECK,ZERO_OR_ROUNDED_DEGENERATE_DIRECTION,NOT_RUN,NOT_RUN,ZERO_DIRECTION_NO_SEPARATION_CERTIFICATE,e979a5e320bb81572a63d6e1db7d04be60f966030b8289e8a6658ea2e0f3be09,work\d2a_cert_preflight\h240_stay_average250.json,
240,61,stay,,point_last_fast_read,0,0,PASS_INHERITED_RULE_INSTANCE_CHECK,ZERO_OR_ROUNDED_DEGENERATE_DIRECTION,NOT_RUN,NOT_RUN,ZERO_DIRECTION_NO_SEPARATION_CERTIFICATE,11da8e80a480b77211b723a80413ea061f4141c06695f4bae200d1152f78e539,work\d2a_cert_preflight\h240_stay_point_last_fast_read.json,
240,61,fixed20,,average250,7,0,PASS_INHERITED_RULE_INSTANCE_CHECK,NONZERO_EXACT_KKT_DIRECTION,NOT_RUN,NOT_RUN,NOT_RUN,148076495eaf668b70571169382b5d2c12e7dfa9d95b4b214e1fa0ae5c7b60b9,work\d2a_cert_preflight\h240_fixed20_average250.json,True
240,61,fixed20,,point_last_fast_read,7,0,PASS_INHERITED_RULE_INSTANCE_CHECK,NONZERO_EXACT_KKT_DIRECTION,NOT_RUN,NOT_RUN,NOT_RUN,e9eaf079cca4d269297bb131ab5189a2a79d5a0d782c9140c2b8b64850702faa,work\d2a_cert_preflight\h240_fixed20_point_last_fast_read.json,True
240,61,fixed40,,average250,4,0,PASS_INHERITED_RULE_INSTANCE_CHECK,NONZERO_EXACT_KKT_DIRECTION,NOT_RUN,NOT_RUN,NOT_RUN,bec7e679fe7c9827080b4249713cde35517d9a81d4e64e49a444bee076468010,work\d2a_cert_preflight\h240_fixed40_average250.json,True
240,61,fixed40,,point_last_fast_read,4,0,PASS_INHERITED_RULE_INSTANCE_CHECK,NONZERO_EXACT_KKT_DIRECTION,NOT_RUN,NOT_RUN,NOT_RUN,d25aac4a8fa7ecb38e06c1a0a0c5f658f963f725b655623fbcfa73e650572f31,work\d2a_cert_preflight\h240_fixed40_point_last_fast_read.json,True
240,61,fixed76,,average250,2,0,PASS_INHERITED_RULE_INSTANCE_CHECK,NONZERO_EXACT_KKT_DIRECTION,NOT_RUN,NOT_RUN,NOT_RUN,b35133c7b8088c985738fde1ceb1e27e9e6113f50bfff745753b389a50e44b4b,work\d2a_cert_preflight\h240_fixed76_average250.json,True
240,61,fixed76,,point_last_fast_read,2,0,PASS_INHERITED_RULE_INSTANCE_CHECK,NONZERO_EXACT_KKT_DIRECTION,NOT_RUN,NOT_RUN,NOT_RUN,b3bab775122989a476a9a85fc5d3e8ad40611f589755455d9b6ca67af985050c,work\d2a_cert_preflight\h240_fixed76_point_last_fast_read.json,True
240,61,terminal_balanced,,average250,8,4,PASS_INHERITED_RULE_INSTANCE_CHECK,NONZERO_EXACT_KKT_DIRECTION,NOT_RUN,NOT_RUN,NOT_RUN,dddcc311526b0942a22399f783c82e6062da6e6bb564e6f958b90a8703847b48,work\d2a_cert_preflight\h240_terminal_balanced_average250.json,True
240,61,terminal_balanced,,point_last_fast_read,8,4,PASS_INHERITED_RULE_INSTANCE_CHECK,NONZERO_EXACT_KKT_DIRECTION,NOT_RUN,NOT_RUN,NOT_RUN,7c39826bd504e2827a4db5ba27aed64a30d3994ae29ee61cecaca46377816ed9,work\d2a_cert_preflight\h240_terminal_balanced_point_last_fast_read.json,True
240,61,switch_then_stay,20,average250,0,0,PASS_INHERITED_RULE_INSTANCE_CHECK,ZERO_OR_ROUNDED_DEGENERATE_DIRECTION,NOT_RUN,NOT_RUN,ZERO_DIRECTION_NO_SEPARATION_CERTIFICATE,e2918714909cd4c3a37bd6e2494ef721558da10c1a78b3985e347b1ba030c35d,work\d2a_cert_preflight\h240_switch_then_stay_S20_average250.json,
240,61,switch_then_stay,20,point_last_fast_read,0,0,PASS_INHERITED_RULE_INSTANCE_CHECK,ZERO_OR_ROUNDED_DEGENERATE_DIRECTION,NOT_RUN,NOT_RUN,ZERO_DIRECTION_NO_SEPARATION_CERTIFICATE,20911d83e34d2271531fcd3d07d6896a8b91be1644f50f804606bc8351722e0e,work\d2a_cert_preflight\h240_switch_then_stay_S20_point_last_fast_read.json,
240,61,switch_then_stay,40,average250,2,1,PASS_INHERITED_RULE_INSTANCE_CHECK,ZERO_OR_ROUNDED_DEGENERATE_DIRECTION,NOT_RUN,NOT_RUN,ZERO_DIRECTION_NO_SEPARATION_CERTIFICATE,983baca991f14725dd0e359560d5eae9132ed8ffe5027e54f7f29543318b634d,work\d2a_cert_preflight\h240_switch_then_stay_S40_average250.json,
240,61,switch_then_stay,40,point_last_fast_read,2,1,PASS_INHERITED_RULE_INSTANCE_CHECK,ZERO_OR_ROUNDED_DEGENERATE_DIRECTION,NOT_RUN,NOT_RUN,ZERO_DIRECTION_NO_SEPARATION_CERTIFICATE,47ac0fb811664166851bd0dd6516841b97fdd5e962e978bfe85dce77a3e9c482,work\d2a_cert_preflight\h240_switch_then_stay_S40_point_last_fast_read.json,
240,61,switch_then_stay,60,average250,2,1,PASS_INHERITED_RULE_INSTANCE_CHECK,NONZERO_EXACT_KKT_DIRECTION,NOT_RUN,NOT_RUN,NOT_RUN,8740665f7695dc158f8b0fdfe37d1974a1b85448db43d0af6980e39dc3f5d17f,work\d2a_cert_preflight\h240_switch_then_stay_S60_average250.json,True
240,61,switch_then_stay,60,point_last_fast_read,2,1,PASS_INHERITED_RULE_INSTANCE_CHECK,NONZERO_EXACT_KKT_DIRECTION,NOT_RUN,NOT_RUN,NOT_RUN,e12f60c4aba2262620f768a378f933341192d1b62aeaf46d364810cd297cc8b8,work\d2a_cert_preflight\h240_switch_then_stay_S60_point_last_fast_read.json,True
240,61,switch_then_stay,80,average250,4,2,PASS_INHERITED_RULE_INSTANCE_CHECK,NONZERO_EXACT_KKT_DIRECTION,NOT_RUN,NOT_RUN,NOT_RUN,0765e880ee0ac2c6f5647db1a4745842aa85bea603576b703675f4f13bba0908,work\d2a_cert_preflight\h240_switch_then_stay_S80_average250.json,True
240,61,switch_then_stay,80,point_last_fast_read,4,2,PASS_INHERITED_RULE_INSTANCE_CHECK,NONZERO_EXACT_KKT_DIRECTION,NOT_RUN,NOT_RUN,NOT_RUN,7908508cda7b3a45273ccf314ae1dbc1a91e2914b2f75e720d98ec40cedb8bd3,work\d2a_cert_preflight\h240_switch_then_stay_S80_point_last_fast_read.json,True
240,61,switch_then_stay,100,average250,4,2,PASS_INHERITED_RULE_INSTANCE_CHECK,NONZERO_EXACT_KKT_DIRECTION,NOT_RUN,NOT_RUN,NOT_RUN,46f014643154b6dac8c7e178dc385ef3254a429f5e0417d037ac2c17af2d184c,work\d2a_cert_preflight\h240_switch_then_stay_S100_average250.json,True
240,61,switch_then_stay,100,point_last_fast_read,4,2,PASS_INHERITED_RULE_INSTANCE_CHECK,NONZERO_EXACT_KKT_DIRECTION,NOT_RUN,NOT_RUN,NOT_RUN,f489e4541867d072c67266d5caaba0aaa1475e9597b25dcdbf4d2ed43eda9c48,work\d2a_cert_preflight\h240_switch_then_stay_S100_point_last_fast_read.json,True
240,61,switch_then_stay,120,average250,4,2,PASS_INHERITED_RULE_INSTANCE_CHECK,NONZERO_EXACT_KKT_DIRECTION,NOT_RUN,NOT_RUN,NOT_RUN,7ae36b3512649b7613feaec034cdc8d30e96e73f3833cca3625173b92d241ace,work\d2a_cert_preflight\h240_switch_then_stay_S120_average250.json,True
240,61,switch_then_stay,120,point_last_fast_read,4,2,PASS_INHERITED_RULE_INSTANCE_CHECK,NONZERO_EXACT_KKT_DIRECTION,NOT_RUN,NOT_RUN,NOT_RUN,92c054e4b47d9194528b9f55f72b4c782faf35aff033bfeacda8abae8fed7c01,work\d2a_cert_preflight\h240_switch_then_stay_S120_point_last_fast_read.json,True
240,61,switch_then_stay,140,average250,6,3,PASS_INHERITED_RULE_INSTANCE_CHECK,NONZERO_EXACT_KKT_DIRECTION,NOT_RUN,NOT_RUN,NOT_RUN,4ef61f5676154d69d06f67b3e8a06ea46f78d47755c56bc37df46a5a5ac54f34,work\d2a_cert_preflight\h240_switch_then_stay_S140_average250.json,True
240,61,switch_then_stay,140,point_last_fast_read,6,3,PASS_INHERITED_RULE_INSTANCE_CHECK,NONZERO_EXACT_KKT_DIRECTION,NOT_RUN,NOT_RUN,NOT_RUN,7c1da471d9c515cc94c777e13047ef81d1616bf5f090f3f98743e32c654d9181,work\d2a_cert_preflight\h240_switch_then_stay_S140_point_last_fast_read.json,True
240,61,switch_then_stay,160,average250,6,3,PASS_INHERITED_RULE_INSTANCE_CHECK,NONZERO_EXACT_KKT_DIRECTION,NOT_RUN,NOT_RUN,NOT_RUN,b84c9645f31be4677835a3a74564d05b4dfc543dee6f5a7a2940bd3ee100c23b,work\d2a_cert_preflight\h240_switch_then_stay_S160_average250.json,True
240,61,switch_then_stay,160,point_last_fast_read,6,3,PASS_INHERITED_RULE_INSTANCE_CHECK,NONZERO_EXACT_KKT_DIRECTION,NOT_RUN,NOT_RUN,NOT_RUN,cef86e8d5f848069155b26c2e324ee2d0d4ba9f3a420ac5233b9f84d654a66ec,work\d2a_cert_preflight\h240_switch_then_stay_S160_point_last_fast_read.json,True
240,61,switch_then_stay,180,average250,6,3,PASS_INHERITED_RULE_INSTANCE_CHECK,NONZERO_EXACT_KKT_DIRECTION,NOT_RUN,NOT_RUN,NOT_RUN,66383e11c7144111504f24a90d0cdc5e9f0a9805b5029fe804cceec2b865a298,work\d2a_cert_preflight\h240_switch_then_stay_S180_average250.json,True
240,61,switch_then_stay,180,point_last_fast_read,6,3,PASS_INHERITED_RULE_INSTANCE_CHECK,NONZERO_EXACT_KKT_DIRECTION,NOT_RUN,NOT_RUN,NOT_RUN,be12aa6420600ae9e62bc3cdc3e36ad3e44d8d158ae939400fdac9bc3fb568bc,work\d2a_cert_preflight\h240_switch_then_stay_S180_point_last_fast_read.json,True
240,61,switch_then_stay,200,average250,8,4,PASS_INHERITED_RULE_INSTANCE_CHECK,NONZERO_EXACT_KKT_DIRECTION,NOT_RUN,NOT_RUN,NOT_RUN,d437077af8acded09232e3f1424b68cb9a5c3942afe1a2a19305f2ce81a8c67d,work\d2a_cert_preflight\h240_switch_then_stay_S200_average250.json,True
240,61,switch_then_stay,200,point_last_fast_read,8,4,PASS_INHERITED_RULE_INSTANCE_CHECK,NONZERO_EXACT_KKT_DIRECTION,NOT_RUN,NOT_RUN,NOT_RUN,de77d903c4da5934f8caf2e11832c9a26ab593b2bf77dbc0ccd9ed864dea2575,work\d2a_cert_preflight\h240_switch_then_stay_S200_point_last_fast_read.json,True
240,61,switch_then_stay,220,average250,8,4,PASS_INHERITED_RULE_INSTANCE_CHECK,NONZERO_EXACT_KKT_DIRECTION,NOT_RUN,NOT_RUN,NOT_RUN,6ff5b1511b1815ceec0f8237236b72b0ce6654289165bd335c6f8f70d683ad4b,work\d2a_cert_preflight\h240_switch_then_stay_S220_average250.json,True
240,61,switch_then_stay,220,point_last_fast_read,8,4,PASS_INHERITED_RULE_INSTANCE_CHECK,NONZERO_EXACT_KKT_DIRECTION,NOT_RUN,NOT_RUN,NOT_RUN,ac2ad50216f2139b68a02f02d7ba43efe61640c83fca32b1f2dfb8d645401c64,work\d2a_cert_preflight\h240_switch_then_stay_S220_point_last_fast_read.json,True
240,61,switch_then_stay,240,average250,8,4,PASS_INHERITED_RULE_INSTANCE_CHECK,NONZERO_EXACT_KKT_DIRECTION,NOT_RUN,NOT_RUN,NOT_RUN,5ac19ea1e3d17a95cb4788ac5f386072a5d89a6c92cae8393ef71c42440f637e,work\d2a_cert_preflight\h240_switch_then_stay_S240_average250.json,True
240,61,switch_then_stay,240,point_last_fast_read,8,4,PASS_INHERITED_RULE_INSTANCE_CHECK,NONZERO_EXACT_KKT_DIRECTION,NOT_RUN,NOT_RUN,NOT_RUN,10820edfed3121e41ec118ea9c0d6fea551d20d390035d4c096dc8c090842ae0,work\d2a_cert_preflight\h240_switch_then_stay_S240_point_last_fast_read.json,True
300,76,stay,,average250,0,0,PASS_INHERITED_RULE_INSTANCE_CHECK,ZERO_OR_ROUNDED_DEGENERATE_DIRECTION,NOT_RUN,NOT_RUN,ZERO_DIRECTION_NO_SEPARATION_CERTIFICATE,60446f54350bce757114545a90b5872c9bd2a27e9e0f2615cb9368c0b0d1ee64,work\d2a_cert_preflight\h300_stay_average250.json,
300,76,stay,,point_last_fast_read,0,0,PASS_INHERITED_RULE_INSTANCE_CHECK,ZERO_OR_ROUNDED_DEGENERATE_DIRECTION,NOT_RUN,NOT_RUN,ZERO_DIRECTION_NO_SEPARATION_CERTIFICATE,619110fc7e537c3372bb32696085251b0709ad19e426b5dd264d4b6e97cb8870,work\d2a_cert_preflight\h300_stay_point_last_fast_read.json,
300,76,fixed20,,average250,9,0,PASS_INHERITED_RULE_INSTANCE_CHECK,NONZERO_EXACT_KKT_DIRECTION,NOT_RUN,NOT_RUN,NOT_RUN,62fe576a46e0f5ff00c8b4844633b2d6f5ef8c1ebc18eee4a97e38bd12f0780b,work\d2a_cert_preflight\h300_fixed20_average250.json,True
300,76,fixed20,,point_last_fast_read,9,0,PASS_INHERITED_RULE_INSTANCE_CHECK,NONZERO_EXACT_KKT_DIRECTION,NOT_RUN,NOT_RUN,NOT_RUN,59ca7763360ed6dda7f5130568fe1b20021ff433a66f7248f5c5d9710f052cee,work\d2a_cert_preflight\h300_fixed20_point_last_fast_read.json,True
300,76,fixed40,,average250,5,0,PASS_INHERITED_RULE_INSTANCE_CHECK,NONZERO_EXACT_KKT_DIRECTION,NOT_RUN,NOT_RUN,NOT_RUN,c8c3d1e38e9bfc467d9fa0baf27d3b0ce7e8a374ea934b3ddce32c8307f600fc,work\d2a_cert_preflight\h300_fixed40_average250.json,True
300,76,fixed40,,point_last_fast_read,5,0,PASS_INHERITED_RULE_INSTANCE_CHECK,NONZERO_EXACT_KKT_DIRECTION,NOT_RUN,NOT_RUN,NOT_RUN,e77133b5ee031a6d2f0b662b728fe1bef10c578ad31f3744c691380a8cf49689,work\d2a_cert_preflight\h300_fixed40_point_last_fast_read.json,True
300,76,fixed76,,average250,3,0,PASS_INHERITED_RULE_INSTANCE_CHECK,NONZERO_EXACT_KKT_DIRECTION,NOT_RUN,NOT_RUN,NOT_RUN,3037efeddbe713778b31eedd61c153404b2c57ec569e802c3bf404c9243ba29c,work\d2a_cert_preflight\h300_fixed76_average250.json,True
300,76,fixed76,,point_last_fast_read,3,0,PASS_INHERITED_RULE_INSTANCE_CHECK,NONZERO_EXACT_KKT_DIRECTION,NOT_RUN,NOT_RUN,NOT_RUN,ed24d5631229bac6f0cc7472a774ba6c3766719479252fbff9c3d3a4cb81a359,work\d2a_cert_preflight\h300_fixed76_point_last_fast_read.json,True
300,76,terminal_balanced,,average250,10,5,PASS_INHERITED_RULE_INSTANCE_CHECK,NONZERO_EXACT_KKT_DIRECTION,NOT_RUN,NOT_RUN,NOT_RUN,2302b0c6964dd0dff38a4dce0732acad5cc96d2034c143b017358c30912538d2,work\d2a_cert_preflight\h300_terminal_balanced_average250.json,True
300,76,terminal_balanced,,point_last_fast_read,10,5,PASS_INHERITED_RULE_INSTANCE_CHECK,NONZERO_EXACT_KKT_DIRECTION,NOT_RUN,NOT_RUN,NOT_RUN,55371cbcf935919ab8bd78d6553a72ad0bbadcc3b17aa713a3535a9f9a89d61e,work\d2a_cert_preflight\h300_terminal_balanced_point_last_fast_read.json,True
300,76,switch_then_stay,20,average250,0,0,PASS_INHERITED_RULE_INSTANCE_CHECK,ZERO_OR_ROUNDED_DEGENERATE_DIRECTION,NOT_RUN,NOT_RUN,ZERO_DIRECTION_NO_SEPARATION_CERTIFICATE,982e7aacd9e7dd46ffd22cda1c2b245c5305b581bb6c23e51258e98d4400feeb,work\d2a_cert_preflight\h300_switch_then_stay_S20_average250.json,
300,76,switch_then_stay,20,point_last_fast_read,0,0,PASS_INHERITED_RULE_INSTANCE_CHECK,ZERO_OR_ROUNDED_DEGENERATE_DIRECTION,NOT_RUN,NOT_RUN,ZERO_DIRECTION_NO_SEPARATION_CERTIFICATE,4d3e307c090ebb0cab69ac997160d6c897784bcc6c0d23b7d29d87e9948b1ad5,work\d2a_cert_preflight\h300_switch_then_stay_S20_point_last_fast_read.json,
300,76,switch_then_stay,40,average250,2,1,PASS_INHERITED_RULE_INSTANCE_CHECK,ZERO_OR_ROUNDED_DEGENERATE_DIRECTION,NOT_RUN,NOT_RUN,ZERO_DIRECTION_NO_SEPARATION_CERTIFICATE,c83a13785c96765f4fa1f6df728e5a6dc69c261063d3800fdeb94aa0cc7ca10e,work\d2a_cert_preflight\h300_switch_then_stay_S40_average250.json,
300,76,switch_then_stay,40,point_last_fast_read,2,1,PASS_INHERITED_RULE_INSTANCE_CHECK,ZERO_OR_ROUNDED_DEGENERATE_DIRECTION,NOT_RUN,NOT_RUN,ZERO_DIRECTION_NO_SEPARATION_CERTIFICATE,eff1cd898cdaa22f70d315cb923dadd0b9d618cccaee84dbb630bd0161dccce9,work\d2a_cert_preflight\h300_switch_then_stay_S40_point_last_fast_read.json,
300,76,switch_then_stay,60,average250,2,1,PASS_INHERITED_RULE_INSTANCE_CHECK,NONZERO_EXACT_KKT_DIRECTION,NOT_RUN,NOT_RUN,NOT_RUN,f61ca4db336af07bd5b0de99d745c733b2a5b0b8bedec630ab4b1c5a07ccfcca,work\d2a_cert_preflight\h300_switch_then_stay_S60_average250.json,True
300,76,switch_then_stay,60,point_last_fast_read,2,1,PASS_INHERITED_RULE_INSTANCE_CHECK,NONZERO_EXACT_KKT_DIRECTION,NOT_RUN,NOT_RUN,NOT_RUN,29673d75caf11033980058ccd44ede54f112e4374b5645afcba0937479027d4f,work\d2a_cert_preflight\h300_switch_then_stay_S60_point_last_fast_read.json,True
300,76,switch_then_stay,80,average250,4,2,PASS_INHERITED_RULE_INSTANCE_CHECK,NONZERO_EXACT_KKT_DIRECTION,NOT_RUN,NOT_RUN,NOT_RUN,719e863e09d02c839f52a3148f8a88d10d1a2493a99870e37c10ca04afe41410,work\d2a_cert_preflight\h300_switch_then_stay_S80_average250.json,True
300,76,switch_then_stay,80,point_last_fast_read,4,2,PASS_INHERITED_RULE_INSTANCE_CHECK,NONZERO_EXACT_KKT_DIRECTION,NOT_RUN,NOT_RUN,NOT_RUN,279f800efe7de9743672c3c697e9e46032ae55d5636f3890ac050b00531b7d77,work\d2a_cert_preflight\h300_switch_then_stay_S80_point_last_fast_read.json,True
300,76,switch_then_stay,100,average250,4,2,PASS_INHERITED_RULE_INSTANCE_CHECK,NONZERO_EXACT_KKT_DIRECTION,NOT_RUN,NOT_RUN,NOT_RUN,6e0bfb3e841c1ade42c6751d6b78a2448a2fb5f998dffd1b15542c0ff5eb15d1,work\d2a_cert_preflight\h300_switch_then_stay_S100_average250.json,True
300,76,switch_then_stay,100,point_last_fast_read,4,2,PASS_INHERITED_RULE_INSTANCE_CHECK,NONZERO_EXACT_KKT_DIRECTION,NOT_RUN,NOT_RUN,NOT_RUN,a3fdcd12fb6d0ca407a6a0de2905f450bdbbc79064e936d4fb6c54f0def63ac7,work\d2a_cert_preflight\h300_switch_then_stay_S100_point_last_fast_read.json,True
300,76,switch_then_stay,120,average250,4,2,PASS_INHERITED_RULE_INSTANCE_CHECK,NONZERO_EXACT_KKT_DIRECTION,NOT_RUN,NOT_RUN,NOT_RUN,4bf4c634063cf66ff4ccc55da6a424d02ef92c5089ab062a5f4c93c8ab65c0b5,work\d2a_cert_preflight\h300_switch_then_stay_S120_average250.json,True
300,76,switch_then_stay,120,point_last_fast_read,4,2,PASS_INHERITED_RULE_INSTANCE_CHECK,NONZERO_EXACT_KKT_DIRECTION,NOT_RUN,NOT_RUN,NOT_RUN,4e9cc874f6ce2403e3f8748c3ebc7e2c7a4dddabee2e7e620795ea2f3c974f44,work\d2a_cert_preflight\h300_switch_then_stay_S120_point_last_fast_read.json,True
300,76,switch_then_stay,140,average250,6,3,PASS_INHERITED_RULE_INSTANCE_CHECK,NONZERO_EXACT_KKT_DIRECTION,NOT_RUN,NOT_RUN,NOT_RUN,644a1c07d17f823f6666926e715d2e33befe510180d5293681c0ab2265be9d58,work\d2a_cert_preflight\h300_switch_then_stay_S140_average250.json,True
300,76,switch_then_stay,140,point_last_fast_read,6,3,PASS_INHERITED_RULE_INSTANCE_CHECK,NONZERO_EXACT_KKT_DIRECTION,NOT_RUN,NOT_RUN,NOT_RUN,c6f6614a69b94fc6ec8c83031e815889d59ba321f5f7ec230ec1a9fd8142bd1e,work\d2a_cert_preflight\h300_switch_then_stay_S140_point_last_fast_read.json,True
300,76,switch_then_stay,160,average250,6,3,PASS_INHERITED_RULE_INSTANCE_CHECK,NONZERO_EXACT_KKT_DIRECTION,NOT_RUN,NOT_RUN,NOT_RUN,c50bb595f32bf38a59de63153ca2ded624a9f1d54860413c7bd468d3c09a73fe,work\d2a_cert_preflight\h300_switch_then_stay_S160_average250.json,True
300,76,switch_then_stay,160,point_last_fast_read,6,3,PASS_INHERITED_RULE_INSTANCE_CHECK,NONZERO_EXACT_KKT_DIRECTION,NOT_RUN,NOT_RUN,NOT_RUN,a467ca81ce78edeb89aa8feee458123b17de94ec51a97a2e27dc9679800a943e,work\d2a_cert_preflight\h300_switch_then_stay_S160_point_last_fast_read.json,True
300,76,switch_then_stay,180,average250,6,3,PASS_INHERITED_RULE_INSTANCE_CHECK,NONZERO_EXACT_KKT_DIRECTION,NOT_RUN,NOT_RUN,NOT_RUN,9bcb99a714eeb9e92a7e5a219c44143252f866de4ffe04e12ca353009763c992,work\d2a_cert_preflight\h300_switch_then_stay_S180_average250.json,True
300,76,switch_then_stay,180,point_last_fast_read,6,3,PASS_INHERITED_RULE_INSTANCE_CHECK,NONZERO_EXACT_KKT_DIRECTION,NOT_RUN,NOT_RUN,NOT_RUN,97c2646688d35288de3fd194ae32177e16da83825ed2a447e0946dc2b1463aff,work\d2a_cert_preflight\h300_switch_then_stay_S180_point_last_fast_read.json,True
300,76,switch_then_stay,200,average250,8,4,PASS_INHERITED_RULE_INSTANCE_CHECK,NONZERO_EXACT_KKT_DIRECTION,NOT_RUN,NOT_RUN,NOT_RUN,e7a306ab6a794ec8d7115eacc49c122eb84efbd79f1eeb29df190fa2c54f5f66,work\d2a_cert_preflight\h300_switch_then_stay_S200_average250.json,True
300,76,switch_then_stay,200,point_last_fast_read,8,4,PASS_INHERITED_RULE_INSTANCE_CHECK,NONZERO_EXACT_KKT_DIRECTION,NOT_RUN,NOT_RUN,NOT_RUN,05a26d60a49670b13f10a6d47ab86c4a42c833f6e495f6e50c83c3018d1ffc71,work\d2a_cert_preflight\h300_switch_then_stay_S200_point_last_fast_read.json,True
300,76,switch_then_stay,220,average250,8,4,PASS_INHERITED_RULE_INSTANCE_CHECK,NONZERO_EXACT_KKT_DIRECTION,NOT_RUN,NOT_RUN,NOT_RUN,61432078970acd1f1ea46716024108177b34640c184088ba86fa31bb76e118ab,work\d2a_cert_preflight\h300_switch_then_stay_S220_average250.json,True
300,76,switch_then_stay,220,point_last_fast_read,8,4,PASS_INHERITED_RULE_INSTANCE_CHECK,NONZERO_EXACT_KKT_DIRECTION,NOT_RUN,NOT_RUN,NOT_RUN,94e4ca8cf28e2c21b83f4ad10f60ae74000a66f265d787f4f3ade420114c2951,work\d2a_cert_preflight\h300_switch_then_stay_S220_point_last_fast_read.json,True
300,76,switch_then_stay,240,average250,8,4,PASS_INHERITED_RULE_INSTANCE_CHECK,NONZERO_EXACT_KKT_DIRECTION,NOT_RUN,NOT_RUN,NOT_RUN,ccc52b32aefb4e67d19a902bc33ef5f35a6ad835c0dd2d303409f4ee38feefab,work\d2a_cert_preflight\h300_switch_then_stay_S240_average250.json,True
300,76,switch_then_stay,240,point_last_fast_read,8,4,PASS_INHERITED_RULE_INSTANCE_CHECK,NONZERO_EXACT_KKT_DIRECTION,NOT_RUN,NOT_RUN,NOT_RUN,023c27fa4e806105c90f7b38850c1382132a423e3f957c16f417fa41ce758fcb,work\d2a_cert_preflight\h300_switch_then_stay_S240_point_last_fast_read.json,True
300,76,switch_then_stay,260,average250,10,5,PASS_INHERITED_RULE_INSTANCE_CHECK,NONZERO_EXACT_KKT_DIRECTION,NOT_RUN,NOT_RUN,NOT_RUN,dee20b10101c2228765f5e40bcac85f08b3a9e070b8063706271043465cd6b45,work\d2a_cert_preflight\h300_switch_then_stay_S260_average250.json,True
300,76,switch_then_stay,260,point_last_fast_read,10,5,PASS_INHERITED_RULE_INSTANCE_CHECK,NONZERO_EXACT_KKT_DIRECTION,NOT_RUN,NOT_RUN,NOT_RUN,29a52f2410fa95d4f4364b555aedec5541eea1148e1e135b28ed68fb684e2947,work\d2a_cert_preflight\h300_switch_then_stay_S260_point_last_fast_read.json,True
300,76,switch_then_stay,280,average250,10,5,PASS_INHERITED_RULE_INSTANCE_CHECK,NONZERO_EXACT_KKT_DIRECTION,NOT_RUN,NOT_RUN,NOT_RUN,b2a51432d2c8b389be1c5942191deffcc6eb08a3b7fff2e7bf146fe552ce624c,work\d2a_cert_preflight\h300_switch_then_stay_S280_average250.json,True
300,76,switch_then_stay,280,point_last_fast_read,10,5,PASS_INHERITED_RULE_INSTANCE_CHECK,NONZERO_EXACT_KKT_DIRECTION,NOT_RUN,NOT_RUN,NOT_RUN,3f50742ab3ec776d16f067fb186a06c75cbaa764181ed09750c0ef00adee2657,work\d2a_cert_preflight\h300_switch_then_stay_S280_point_last_fast_read.json,True
300,76,switch_then_stay,300,average250,10,5,PASS_INHERITED_RULE_INSTANCE_CHECK,NONZERO_EXACT_KKT_DIRECTION,NOT_RUN,NOT_RUN,NOT_RUN,e03267c6c71bdfa6ef6275fbfb887c44970b390222170e49110b0140921dad0f,work\d2a_cert_preflight\h300_switch_then_stay_S300_average250.json,True
300,76,switch_then_stay,300,point_last_fast_read,10,5,PASS_INHERITED_RULE_INSTANCE_CHECK,NONZERO_EXACT_KKT_DIRECTION,NOT_RUN,NOT_RUN,NOT_RUN,5fad5b836ab0875478efc00206dca25705621a1ed211ad15a6ec66ee31169a1e,work\d2a_cert_preflight\h300_switch_then_stay_S300_point_last_fast_read.json,True
400,101,stay,,average250,0,0,PASS_INHERITED_RULE_INSTANCE_CHECK,ZERO_OR_ROUNDED_DEGENERATE_DIRECTION,NOT_RUN,NOT_RUN,ZERO_DIRECTION_NO_SEPARATION_CERTIFICATE,3b5529289e1011a92a0ea0ed85f24d8c18b8766033b346c6be0717a81edd906d,work\d2a_cert_preflight\h400_stay_average250.json,
400,101,stay,,point_last_fast_read,0,0,PASS_INHERITED_RULE_INSTANCE_CHECK,ZERO_OR_ROUNDED_DEGENERATE_DIRECTION,NOT_RUN,NOT_RUN,ZERO_DIRECTION_NO_SEPARATION_CERTIFICATE,ab003c90871efbbf81266a2d7ac7e0a03a0131fefdd2dc7de2cdc459bf995ae3,work\d2a_cert_preflight\h400_stay_point_last_fast_read.json,
400,101,fixed20,,average250,12,0,PASS_INHERITED_RULE_INSTANCE_CHECK,NONZERO_EXACT_KKT_DIRECTION,NOT_RUN,NOT_RUN,NOT_RUN,82abfcb708b43f9239dafecdd4317c44c6ed0cf5dda01036c8b648750f866a4e,work\d2a_cert_preflight\h400_fixed20_average250.json,True
400,101,fixed20,,point_last_fast_read,12,0,PASS_INHERITED_RULE_INSTANCE_CHECK,NONZERO_EXACT_KKT_DIRECTION,NOT_RUN,NOT_RUN,NOT_RUN,a29242b2e6e7dc7fae745759f6cd3c9d7736d22ed38d55e50b4340d58499311d,work\d2a_cert_preflight\h400_fixed20_point_last_fast_read.json,True
400,101,fixed40,,average250,7,0,PASS_INHERITED_RULE_INSTANCE_CHECK,NONZERO_EXACT_KKT_DIRECTION,NOT_RUN,NOT_RUN,NOT_RUN,d4565f53856b6b4e8c78a9f655b68609c812983c50be1e028b391c2c77369366,work\d2a_cert_preflight\h400_fixed40_average250.json,True
400,101,fixed40,,point_last_fast_read,7,0,PASS_INHERITED_RULE_INSTANCE_CHECK,NONZERO_EXACT_KKT_DIRECTION,NOT_RUN,NOT_RUN,NOT_RUN,02d12e76a55d9dc3e55645c39941d9ae33db83eb2057ca5b63a05be669560100,work\d2a_cert_preflight\h400_fixed40_point_last_fast_read.json,True
400,101,fixed76,,average250,4,0,PASS_INHERITED_RULE_INSTANCE_CHECK,NONZERO_EXACT_KKT_DIRECTION,NOT_RUN,NOT_RUN,NOT_RUN,8b020e8a90f851b4be8c1958316e0481ebca73fa3077dd13b30a3d28860a605e,work\d2a_cert_preflight\h400_fixed76_average250.json,True
400,101,fixed76,,point_last_fast_read,4,0,PASS_INHERITED_RULE_INSTANCE_CHECK,NONZERO_EXACT_KKT_DIRECTION,NOT_RUN,NOT_RUN,NOT_RUN,819cd66b7359bb9e933eb8762212423ed0c778ca93d7e05f3221d32824dcc90a,work\d2a_cert_preflight\h400_fixed76_point_last_fast_read.json,True
400,101,terminal_balanced,,average250,12,6,PASS_INHERITED_RULE_INSTANCE_CHECK,NONZERO_EXACT_KKT_DIRECTION,NOT_RUN,NOT_RUN,NOT_RUN,9738416ba757137891d4b3e3247d608770dfc3726b6fe4f825a33eaa2d093633,work\d2a_cert_preflight\h400_terminal_balanced_average250.json,True
400,101,terminal_balanced,,point_last_fast_read,12,6,PASS_INHERITED_RULE_INSTANCE_CHECK,NONZERO_EXACT_KKT_DIRECTION,NOT_RUN,NOT_RUN,NOT_RUN,eacc592297a66dbe9c0477ccf4555b5fc8475d584511d222fc7c25557add6a09,work\d2a_cert_preflight\h400_terminal_balanced_point_last_fast_read.json,True
400,101,switch_then_stay,20,average250,0,0,PASS_INHERITED_RULE_INSTANCE_CHECK,ZERO_OR_ROUNDED_DEGENERATE_DIRECTION,NOT_RUN,NOT_RUN,ZERO_DIRECTION_NO_SEPARATION_CERTIFICATE,1c8081cb75233e671aad63a77e8e041d054eb47a1c736524e49a22317d89d69f,work\d2a_cert_preflight\h400_switch_then_stay_S20_average250.json,
400,101,switch_then_stay,20,point_last_fast_read,0,0,PASS_INHERITED_RULE_INSTANCE_CHECK,ZERO_OR_ROUNDED_DEGENERATE_DIRECTION,NOT_RUN,NOT_RUN,ZERO_DIRECTION_NO_SEPARATION_CERTIFICATE,10a76f4ad785e74f73ed058f3b3f8c35ccbc294a8848012e09b0cd05a4c656b6,work\d2a_cert_preflight\h400_switch_then_stay_S20_point_last_fast_read.json,
400,101,switch_then_stay,40,average250,2,1,PASS_INHERITED_RULE_INSTANCE_CHECK,ZERO_OR_ROUNDED_DEGENERATE_DIRECTION,NOT_RUN,NOT_RUN,ZERO_DIRECTION_NO_SEPARATION_CERTIFICATE,d2407c134411b64bdc5f42fbc6fa4774b5b8e240ff77d8cebebead23b2f8a2d3,work\d2a_cert_preflight\h400_switch_then_stay_S40_average250.json,
400,101,switch_then_stay,40,point_last_fast_read,2,1,PASS_INHERITED_RULE_INSTANCE_CHECK,ZERO_OR_ROUNDED_DEGENERATE_DIRECTION,NOT_RUN,NOT_RUN,ZERO_DIRECTION_NO_SEPARATION_CERTIFICATE,1c8a39de970782614ca78c036e5b1d3dfe4e93fb2f3ca4ebf579e999537b147e,work\d2a_cert_preflight\h400_switch_then_stay_S40_point_last_fast_read.json,
400,101,switch_then_stay,60,average250,2,1,PASS_INHERITED_RULE_INSTANCE_CHECK,NONZERO_EXACT_KKT_DIRECTION,NOT_RUN,NOT_RUN,NOT_RUN,972118e8804d39f9fbc44f0e529fe7a2eb773d0acde2faa926ed5e9682e18543,work\d2a_cert_preflight\h400_switch_then_stay_S60_average250.json,True
400,101,switch_then_stay,60,point_last_fast_read,2,1,PASS_INHERITED_RULE_INSTANCE_CHECK,NONZERO_EXACT_KKT_DIRECTION,NOT_RUN,NOT_RUN,NOT_RUN,058fece0fb3da4de9abed733e8c194fb9dea4280800ed107a9d18997309686ab,work\d2a_cert_preflight\h400_switch_then_stay_S60_point_last_fast_read.json,True
400,101,switch_then_stay,80,average250,4,2,PASS_INHERITED_RULE_INSTANCE_CHECK,NONZERO_EXACT_KKT_DIRECTION,NOT_RUN,NOT_RUN,NOT_RUN,125ddba26b516fa58a502d1bf57e3dbf8f08d4af620d5851bb87d60c425c6e04,work\d2a_cert_preflight\h400_switch_then_stay_S80_average250.json,True
400,101,switch_then_stay,80,point_last_fast_read,4,2,PASS_INHERITED_RULE_INSTANCE_CHECK,NONZERO_EXACT_KKT_DIRECTION,NOT_RUN,NOT_RUN,NOT_RUN,9f7eaeacf4a6b8569165219f09708b7c9cb3dd1bc73abb4402d76d25dad0baaf,work\d2a_cert_preflight\h400_switch_then_stay_S80_point_last_fast_read.json,True
400,101,switch_then_stay,100,average250,4,2,PASS_INHERITED_RULE_INSTANCE_CHECK,NONZERO_EXACT_KKT_DIRECTION,NOT_RUN,NOT_RUN,NOT_RUN,bae7d28ffcff1cae4e7382e7c89041f48ffd9cae35b4214cff30cae48e88c2ae,work\d2a_cert_preflight\h400_switch_then_stay_S100_average250.json,True
400,101,switch_then_stay,100,point_last_fast_read,4,2,PASS_INHERITED_RULE_INSTANCE_CHECK,NONZERO_EXACT_KKT_DIRECTION,NOT_RUN,NOT_RUN,NOT_RUN,df31d2260a4f3d17dc39043bcd3fe89996ace9e9369832bc17b4b16b3f0d1c4f,work\d2a_cert_preflight\h400_switch_then_stay_S100_point_last_fast_read.json,True
400,101,switch_then_stay,120,average250,4,2,PASS_INHERITED_RULE_INSTANCE_CHECK,NONZERO_EXACT_KKT_DIRECTION,NOT_RUN,NOT_RUN,NOT_RUN,aeb01d7439c2d6fab16ab076007fdb71d10bd1cbe151171060b0b5dc4069669d,work\d2a_cert_preflight\h400_switch_then_stay_S120_average250.json,True
400,101,switch_then_stay,120,point_last_fast_read,4,2,PASS_INHERITED_RULE_INSTANCE_CHECK,NONZERO_EXACT_KKT_DIRECTION,NOT_RUN,NOT_RUN,NOT_RUN,fec8bff5e16b3352412fec45f1fbf6448f20c32f63d05fb0b44c6d6bf5cff7bf,work\d2a_cert_preflight\h400_switch_then_stay_S120_point_last_fast_read.json,True
400,101,switch_then_stay,140,average250,6,3,PASS_INHERITED_RULE_INSTANCE_CHECK,NONZERO_EXACT_KKT_DIRECTION,NOT_RUN,NOT_RUN,NOT_RUN,e669ae4431c128963cf71a4fa2b4eadc4df4b1699aa2d79105934e163aa83520,work\d2a_cert_preflight\h400_switch_then_stay_S140_average250.json,True
400,101,switch_then_stay,140,point_last_fast_read,6,3,PASS_INHERITED_RULE_INSTANCE_CHECK,NONZERO_EXACT_KKT_DIRECTION,NOT_RUN,NOT_RUN,NOT_RUN,76704b09e560f3ecbaa0177572f5e240fb6fe72fa71c825ed9b7b1363ef9448d,work\d2a_cert_preflight\h400_switch_then_stay_S140_point_last_fast_read.json,True
400,101,switch_then_stay,160,average250,6,3,PASS_INHERITED_RULE_INSTANCE_CHECK,NONZERO_EXACT_KKT_DIRECTION,NOT_RUN,NOT_RUN,NOT_RUN,a2144083b4176894c66e3bd6967d278a092a26b02fa316662ace982da6633583,work\d2a_cert_preflight\h400_switch_then_stay_S160_average250.json,True
400,101,switch_then_stay,160,point_last_fast_read,6,3,PASS_INHERITED_RULE_INSTANCE_CHECK,NONZERO_EXACT_KKT_DIRECTION,NOT_RUN,NOT_RUN,NOT_RUN,c1e74a799c250de587705557f053b1fc0da31ceef1d310c90ba087421eec295d,work\d2a_cert_preflight\h400_switch_then_stay_S160_point_last_fast_read.json,True
400,101,switch_then_stay,180,average250,6,3,PASS_INHERITED_RULE_INSTANCE_CHECK,NONZERO_EXACT_KKT_DIRECTION,NOT_RUN,NOT_RUN,NOT_RUN,8b4a6f3baebf1ad7ae30f95733f6a5168210a7d737f30571c36e31362b7f5ae4,work\d2a_cert_preflight\h400_switch_then_stay_S180_average250.json,True
400,101,switch_then_stay,180,point_last_fast_read,6,3,PASS_INHERITED_RULE_INSTANCE_CHECK,NONZERO_EXACT_KKT_DIRECTION,NOT_RUN,NOT_RUN,NOT_RUN,a1788839c51ef9b26b973250d5bedb9678b1609007518233df1beb3cfdfe74dc,work\d2a_cert_preflight\h400_switch_then_stay_S180_point_last_fast_read.json,True
400,101,switch_then_stay,200,average250,8,4,PASS_INHERITED_RULE_INSTANCE_CHECK,NONZERO_EXACT_KKT_DIRECTION,NOT_RUN,NOT_RUN,NOT_RUN,dacc4729c0bd45275db016aaacd82044730aa2c6e0703931673d5de266090b6a,work\d2a_cert_preflight\h400_switch_then_stay_S200_average250.json,True
400,101,switch_then_stay,200,point_last_fast_read,8,4,PASS_INHERITED_RULE_INSTANCE_CHECK,NONZERO_EXACT_KKT_DIRECTION,NOT_RUN,NOT_RUN,NOT_RUN,8ae3502a4403224e74792925dd4306ec4a6ded751f1d23e11ff32798ba0a4771,work\d2a_cert_preflight\h400_switch_then_stay_S200_point_last_fast_read.json,True
400,101,switch_then_stay,220,average250,8,4,PASS_INHERITED_RULE_INSTANCE_CHECK,NONZERO_EXACT_KKT_DIRECTION,NOT_RUN,NOT_RUN,NOT_RUN,ae5ff9eec65f2b9a8bfa0b64082d86639299c319bcb08f2e7bb3b49b2051a511,work\d2a_cert_preflight\h400_switch_then_stay_S220_average250.json,True
400,101,switch_then_stay,220,point_last_fast_read,8,4,PASS_INHERITED_RULE_INSTANCE_CHECK,NONZERO_EXACT_KKT_DIRECTION,NOT_RUN,NOT_RUN,NOT_RUN,2ee0af93be375c7638cbbef87ad03c97b71acc8ab14784d78449ddd964a53f73,work\d2a_cert_preflight\h400_switch_then_stay_S220_point_last_fast_read.json,True
400,101,switch_then_stay,240,average250,8,4,PASS_INHERITED_RULE_INSTANCE_CHECK,NONZERO_EXACT_KKT_DIRECTION,NOT_RUN,NOT_RUN,NOT_RUN,67f0b6d53e1ed3da180d605a16e4cb3adbe2b326a44f9a9538348e983020ab38,work\d2a_cert_preflight\h400_switch_then_stay_S240_average250.json,True
400,101,switch_then_stay,240,point_last_fast_read,8,4,PASS_INHERITED_RULE_INSTANCE_CHECK,NONZERO_EXACT_KKT_DIRECTION,NOT_RUN,NOT_RUN,NOT_RUN,2c93bacd3beecf95ec3998a9179a2ab9bf2458ecfd05a68a270f94609ad09a15,work\d2a_cert_preflight\h400_switch_then_stay_S240_point_last_fast_read.json,True
400,101,switch_then_stay,260,average250,10,5,PASS_INHERITED_RULE_INSTANCE_CHECK,NONZERO_EXACT_KKT_DIRECTION,NOT_RUN,NOT_RUN,NOT_RUN,b1d4c63712605d72747134d4ea196ca535e87acb2c5202e5ed938591f50d1ae1,work\d2a_cert_preflight\h400_switch_then_stay_S260_average250.json,True
400,101,switch_then_stay,260,point_last_fast_read,10,5,PASS_INHERITED_RULE_INSTANCE_CHECK,NONZERO_EXACT_KKT_DIRECTION,NOT_RUN,NOT_RUN,NOT_RUN,6159af34116423f2cd6a4231cc6c9dd5ce0af02a8d23b0ca22ad4a85a63d1b41,work\d2a_cert_preflight\h400_switch_then_stay_S260_point_last_fast_read.json,True
400,101,switch_then_stay,280,average250,10,5,PASS_INHERITED_RULE_INSTANCE_CHECK,NONZERO_EXACT_KKT_DIRECTION,NOT_RUN,NOT_RUN,NOT_RUN,cf8ff2cee31e4732b19c4688289f2d341183d0b700a35618dd5edd20147ef074,work\d2a_cert_preflight\h400_switch_then_stay_S280_average250.json,True
400,101,switch_then_stay,280,point_last_fast_read,10,5,PASS_INHERITED_RULE_INSTANCE_CHECK,NONZERO_EXACT_KKT_DIRECTION,NOT_RUN,NOT_RUN,NOT_RUN,3597fd804db6b771598a0ae2dc78a44076f63eb7a01353c2c4d8f3682f6d418f,work\d2a_cert_preflight\h400_switch_then_stay_S280_point_last_fast_read.json,True
400,101,switch_then_stay,300,average250,10,5,PASS_INHERITED_RULE_INSTANCE_CHECK,NONZERO_EXACT_KKT_DIRECTION,NOT_RUN,NOT_RUN,NOT_RUN,5d0755d7183d7287eb8be96f0a0ae20557f135eb9337e747c659698309e889e5,work\d2a_cert_preflight\h400_switch_then_stay_S300_average250.json,True
400,101,switch_then_stay,300,point_last_fast_read,10,5,PASS_INHERITED_RULE_INSTANCE_CHECK,NONZERO_EXACT_KKT_DIRECTION,NOT_RUN,NOT_RUN,NOT_RUN,be8d08610e9b6407f80daf818ba4bf0242bcd76e027f314f2401b0b3478d3b7f,work\d2a_cert_preflight\h400_switch_then_stay_S300_point_last_fast_read.json,True
400,101,switch_then_stay,320,average250,10,5,PASS_INHERITED_RULE_INSTANCE_CHECK,NONZERO_EXACT_KKT_DIRECTION,NOT_RUN,NOT_RUN,NOT_RUN,c82675424727f96ca033857a9bb79d0777d7d30c74c4ebff7d050210e3446f05,work\d2a_cert_preflight\h400_switch_then_stay_S320_average250.json,True
400,101,switch_then_stay,320,point_last_fast_read,10,5,PASS_INHERITED_RULE_INSTANCE_CHECK,NONZERO_EXACT_KKT_DIRECTION,NOT_RUN,NOT_RUN,NOT_RUN,ab6f1ab8b02e930c24443d03d06b1d12506531ef9fdfe546321e1bdff9a1b835,work\d2a_cert_preflight\h400_switch_then_stay_S320_point_last_fast_read.json,True
400,101,switch_then_stay,340,average250,12,6,PASS_INHERITED_RULE_INSTANCE_CHECK,NONZERO_EXACT_KKT_DIRECTION,NOT_RUN,NOT_RUN,NOT_RUN,cf21810b87cad84437479428070232e062e018cead6a6dd273c9fd4761c38294,work\d2a_cert_preflight\h400_switch_then_stay_S340_average250.json,True
400,101,switch_then_stay,340,point_last_fast_read,12,6,PASS_INHERITED_RULE_INSTANCE_CHECK,NONZERO_EXACT_KKT_DIRECTION,NOT_RUN,NOT_RUN,NOT_RUN,f36136996cd4179f44e8fff5c6629f6cced6761e820571d340e85767f2b265f6,work\d2a_cert_preflight\h400_switch_then_stay_S340_point_last_fast_read.json,True
400,101,switch_then_stay,360,average250,12,6,PASS_INHERITED_RULE_INSTANCE_CHECK,NONZERO_EXACT_KKT_DIRECTION,NOT_RUN,NOT_RUN,NOT_RUN,096b58e212020a467b9d1d438689eb9efb4a4ff3f5db4e75b25ad2d050e6f43e,work\d2a_cert_preflight\h400_switch_then_stay_S360_average250.json,True
400,101,switch_then_stay,360,point_last_fast_read,12,6,PASS_INHERITED_RULE_INSTANCE_CHECK,NONZERO_EXACT_KKT_DIRECTION,NOT_RUN,NOT_RUN,NOT_RUN,a6d34d98eba8015e2695e3282611abb29e013b21f31b41badcb783166f00bc4c,work\d2a_cert_preflight\h400_switch_then_stay_S360_point_last_fast_read.json,True
400,101,switch_then_stay,380,average250,12,6,PASS_INHERITED_RULE_INSTANCE_CHECK,NONZERO_EXACT_KKT_DIRECTION,NOT_RUN,NOT_RUN,NOT_RUN,52f5c657a81fb58c5719be0a1836d10677f994775f800383b65836073c45fd31,work\d2a_cert_preflight\h400_switch_then_stay_S380_average250.json,True
400,101,switch_then_stay,380,point_last_fast_read,12,6,PASS_INHERITED_RULE_INSTANCE_CHECK,NONZERO_EXACT_KKT_DIRECTION,NOT_RUN,NOT_RUN,NOT_RUN,88ab56766c20b3fee6033cf328b97ef87cbf0771cee30d36ae1d527b0c69eb6c,work\d2a_cert_preflight\h400_switch_then_stay_S380_point_last_fast_read.json,True
400,101,switch_then_stay,400,average250,12,6,PASS_INHERITED_RULE_INSTANCE_CHECK,NONZERO_EXACT_KKT_DIRECTION,NOT_RUN,NOT_RUN,NOT_RUN,40fd244a7e84129c4345a5236e8d75281e341e0ef403afd69f52ba16020d3ddd,work\d2a_cert_preflight\h400_switch_then_stay_S400_average250.json,True
400,101,switch_then_stay,400,point_last_fast_read,12,6,PASS_INHERITED_RULE_INSTANCE_CHECK,NONZERO_EXACT_KKT_DIRECTION,NOT_RUN,NOT_RUN,NOT_RUN,b6b19b1f619a288fd278d6ff2a5eda6039de4642762e3108e78d13902a6305b7,work\d2a_cert_preflight\h400_switch_then_stay_S400_point_last_fast_read.json,True
500,126,stay,,average250,0,0,PASS_INHERITED_RULE_INSTANCE_CHECK,NONZERO_EXACT_KKT_DIRECTION,NOT_RUN,NOT_RUN,NOT_RUN,11d6d2e758d9dfbeed1700a465e71c51158abf745739651a0b70b458a9af3088,work\d2a_cert_preflight\h500_stay_average250.json,False
500,126,stay,,point_last_fast_read,0,0,PASS_INHERITED_RULE_INSTANCE_CHECK,NONZERO_EXACT_KKT_DIRECTION,NOT_RUN,NOT_RUN,NOT_RUN,8e34fd355a41e4bb4732d8e99603c09aca9f2e4591db54c62b5b2160ac3eb7ca,work\d2a_cert_preflight\h500_stay_point_last_fast_read.json,False
500,126,fixed20,,average250,15,0,PASS_INHERITED_RULE_INSTANCE_CHECK,NONZERO_EXACT_KKT_DIRECTION,NOT_RUN,NOT_RUN,NOT_RUN,581c096dca1c0ec768e44aea9bffd848a3448c1aa9f86f91d34a2953b45196f9,work\d2a_cert_preflight\h500_fixed20_average250.json,True
500,126,fixed20,,point_last_fast_read,15,0,PASS_INHERITED_RULE_INSTANCE_CHECK,NONZERO_EXACT_KKT_DIRECTION,NOT_RUN,NOT_RUN,NOT_RUN,8cd73c91f0c0ca46e806625bee1ce155ce9038528e5380c323595c8f71c70a50,work\d2a_cert_preflight\h500_fixed20_point_last_fast_read.json,True
500,126,fixed40,,average250,9,0,PASS_INHERITED_RULE_INSTANCE_CHECK,NONZERO_EXACT_KKT_DIRECTION,NOT_RUN,NOT_RUN,NOT_RUN,6b029dd2d8a9d6cbe1844de9228fbac55f9463e9946df573bc7c1fd351c58707,work\d2a_cert_preflight\h500_fixed40_average250.json,True
500,126,fixed40,,point_last_fast_read,9,0,PASS_INHERITED_RULE_INSTANCE_CHECK,NONZERO_EXACT_KKT_DIRECTION,NOT_RUN,NOT_RUN,NOT_RUN,3eb81c4c2da11b369b726c2a0750bae90f79cfb2ec4963a25031857aabb31170,work\d2a_cert_preflight\h500_fixed40_point_last_fast_read.json,True
500,126,fixed76,,average250,5,0,PASS_INHERITED_RULE_INSTANCE_CHECK,NONZERO_EXACT_KKT_DIRECTION,NOT_RUN,NOT_RUN,NOT_RUN,ced5af3c55ba59eb3af6e8f42253cd1c57f5e53357f1860633bd20a18f29f098,work\d2a_cert_preflight\h500_fixed76_average250.json,True
500,126,fixed76,,point_last_fast_read,5,0,PASS_INHERITED_RULE_INSTANCE_CHECK,NONZERO_EXACT_KKT_DIRECTION,NOT_RUN,NOT_RUN,NOT_RUN,4553caf52879cb4135f9e365ef30d37bccdceb30adbecc69e34155d6260fd4aa,work\d2a_cert_preflight\h500_fixed76_point_last_fast_read.json,True
500,126,terminal_balanced,,average250,14,7,PASS_INHERITED_RULE_INSTANCE_CHECK,NONZERO_EXACT_KKT_DIRECTION,NOT_RUN,NOT_RUN,NOT_RUN,737691d0d3115e70db63b2555df8c0691de4970e2ff05d15df0cb38196d9043e,work\d2a_cert_preflight\h500_terminal_balanced_average250.json,True
500,126,terminal_balanced,,point_last_fast_read,14,7,PASS_INHERITED_RULE_INSTANCE_CHECK,NONZERO_EXACT_KKT_DIRECTION,NOT_RUN,NOT_RUN,NOT_RUN,64a4c23551ed1cb6336cc8390ebe8f55f96ec5171a395a58fd1cca2b157dc381,work\d2a_cert_preflight\h500_terminal_balanced_point_last_fast_read.json,True
500,126,switch_then_stay,20,average250,0,0,PASS_INHERITED_RULE_INSTANCE_CHECK,NONZERO_EXACT_KKT_DIRECTION,NOT_RUN,NOT_RUN,NOT_RUN,17c70df1302f587b37850913375a877573a4f27791aa2dc0bb35e78c5b40f434,work\d2a_cert_preflight\h500_switch_then_stay_S20_average250.json,False
500,126,switch_then_stay,20,point_last_fast_read,0,0,PASS_INHERITED_RULE_INSTANCE_CHECK,NONZERO_EXACT_KKT_DIRECTION,NOT_RUN,NOT_RUN,NOT_RUN,9c18b7b10a81467033040201044c1ced274b7e8e4392a3f0be6167f81f502a9c,work\d2a_cert_preflight\h500_switch_then_stay_S20_point_last_fast_read.json,False
500,126,switch_then_stay,40,average250,2,1,PASS_INHERITED_RULE_INSTANCE_CHECK,NONZERO_EXACT_KKT_DIRECTION,NOT_RUN,NOT_RUN,NOT_RUN,9cf4a715158ab9ce18f56fa9d940e72bf4f6a6a34fed7d26986b5ce01c1a6533,work\d2a_cert_preflight\h500_switch_then_stay_S40_average250.json,False
500,126,switch_then_stay,40,point_last_fast_read,2,1,PASS_INHERITED_RULE_INSTANCE_CHECK,NONZERO_EXACT_KKT_DIRECTION,NOT_RUN,NOT_RUN,NOT_RUN,0bedb7bdb160db952ad4219f128c219537d2aa5fa80cf96c0f0ad4f6c2328264,work\d2a_cert_preflight\h500_switch_then_stay_S40_point_last_fast_read.json,False
500,126,switch_then_stay,60,average250,2,1,PASS_INHERITED_RULE_INSTANCE_CHECK,NONZERO_EXACT_KKT_DIRECTION,NOT_RUN,NOT_RUN,NOT_RUN,6caaf18e9445b764ef9b7fd7c501fe75a723605b88f9e6bba6712613a4fbc5b8,work\d2a_cert_preflight\h500_switch_then_stay_S60_average250.json,False
500,126,switch_then_stay,60,point_last_fast_read,2,1,PASS_INHERITED_RULE_INSTANCE_CHECK,NONZERO_EXACT_KKT_DIRECTION,NOT_RUN,NOT_RUN,NOT_RUN,f3c107ae9f7cb7cbcb4c8a4437630f3d6b6dd70fbf6d45a9d0897197d8cb441c,work\d2a_cert_preflight\h500_switch_then_stay_S60_point_last_fast_read.json,False
500,126,switch_then_stay,80,average250,4,2,PASS_INHERITED_RULE_INSTANCE_CHECK,NONZERO_EXACT_KKT_DIRECTION,NOT_RUN,NOT_RUN,NOT_RUN,100c739f30f150cc049079fb07b617863041907727f9cbdcc879a0c7b1fc66ad,work\d2a_cert_preflight\h500_switch_then_stay_S80_average250.json,False
500,126,switch_then_stay,80,point_last_fast_read,4,2,PASS_INHERITED_RULE_INSTANCE_CHECK,NONZERO_EXACT_KKT_DIRECTION,NOT_RUN,NOT_RUN,NOT_RUN,fe6c1c8d30ad9ecd2095ac98995890bddc3723447f26add0f095f9539ec08131,work\d2a_cert_preflight\h500_switch_then_stay_S80_point_last_fast_read.json,False
500,126,switch_then_stay,100,average250,4,2,PASS_INHERITED_RULE_INSTANCE_CHECK,NONZERO_EXACT_KKT_DIRECTION,NOT_RUN,NOT_RUN,NOT_RUN,04a872be4f5e43568247def5695952a9faf038567572df3ffb2d7e8cb121ffb6,work\d2a_cert_preflight\h500_switch_then_stay_S100_average250.json,False
500,126,switch_then_stay,100,point_last_fast_read,4,2,PASS_INHERITED_RULE_INSTANCE_CHECK,NONZERO_EXACT_KKT_DIRECTION,NOT_RUN,NOT_RUN,NOT_RUN,f5b1b52d5e7358968ccb67368178fca83af30fb146eca628128fa19205cb8db5,work\d2a_cert_preflight\h500_switch_then_stay_S100_point_last_fast_read.json,False
500,126,switch_then_stay,120,average250,4,2,PASS_INHERITED_RULE_INSTANCE_CHECK,NONZERO_EXACT_KKT_DIRECTION,NOT_RUN,NOT_RUN,NOT_RUN,37aa021662ac7c292f8a4116c5ed8a73518f61cc2b4f1c2d5fe709fcc8363a30,work\d2a_cert_preflight\h500_switch_then_stay_S120_average250.json,False
500,126,switch_then_stay,120,point_last_fast_read,4,2,PASS_INHERITED_RULE_INSTANCE_CHECK,NONZERO_EXACT_KKT_DIRECTION,NOT_RUN,NOT_RUN,NOT_RUN,76ea25a4da03cf7fe1a8c72d269d28ad020bb5f910432da336d100b90a1b1e0b,work\d2a_cert_preflight\h500_switch_then_stay_S120_point_last_fast_read.json,False
500,126,switch_then_stay,140,average250,6,3,PASS_INHERITED_RULE_INSTANCE_CHECK,NONZERO_EXACT_KKT_DIRECTION,NOT_RUN,NOT_RUN,NOT_RUN,821b309bb88d4c817594eb517f003e821038c37ef199e69f02b9d288bb0e9f75,work\d2a_cert_preflight\h500_switch_then_stay_S140_average250.json,False
500,126,switch_then_stay,140,point_last_fast_read,6,3,PASS_INHERITED_RULE_INSTANCE_CHECK,NONZERO_EXACT_KKT_DIRECTION,NOT_RUN,NOT_RUN,NOT_RUN,69742dd5a18f91162d87fdd602eb48bb81e10d507fd20d4525e5755330349083,work\d2a_cert_preflight\h500_switch_then_stay_S140_point_last_fast_read.json,False
500,126,switch_then_stay,160,average250,6,3,PASS_INHERITED_RULE_INSTANCE_CHECK,NONZERO_EXACT_KKT_DIRECTION,NOT_RUN,NOT_RUN,NOT_RUN,14e19ecc588cede831c03c9f85df514bf0ff7452af06469aa97fc5b8d4a866c1,work\d2a_cert_preflight\h500_switch_then_stay_S160_average250.json,False
500,126,switch_then_stay,160,point_last_fast_read,6,3,PASS_INHERITED_RULE_INSTANCE_CHECK,NONZERO_EXACT_KKT_DIRECTION,NOT_RUN,NOT_RUN,NOT_RUN,c3225256e782058cafaa3652bb91ef87170a30020e4b7b02035d3fd0bee56585,work\d2a_cert_preflight\h500_switch_then_stay_S160_point_last_fast_read.json,False
500,126,switch_then_stay,180,average250,6,3,PASS_INHERITED_RULE_INSTANCE_CHECK,NONZERO_EXACT_KKT_DIRECTION,NOT_RUN,NOT_RUN,NOT_RUN,09862a0a0a292132b1560bc7f9527e445728a56c297b98a8432f623b990901ee,work\d2a_cert_preflight\h500_switch_then_stay_S180_average250.json,False
500,126,switch_then_stay,180,point_last_fast_read,6,3,PASS_INHERITED_RULE_INSTANCE_CHECK,NONZERO_EXACT_KKT_DIRECTION,NOT_RUN,NOT_RUN,NOT_RUN,cab5fdbd50884567c45a7f538404ac3da854e32ec1a1cfdbeadc603b8ef9b22f,work\d2a_cert_preflight\h500_switch_then_stay_S180_point_last_fast_read.json,False
500,126,switch_then_stay,200,average250,8,4,PASS_INHERITED_RULE_INSTANCE_CHECK,NONZERO_EXACT_KKT_DIRECTION,NOT_RUN,NOT_RUN,NOT_RUN,a4a7ab7a7ee1a075ed9d0852465b4386ee392c047abbbac3c546cff1c2ff51db,work\d2a_cert_preflight\h500_switch_then_stay_S200_average250.json,False
500,126,switch_then_stay,200,point_last_fast_read,8,4,PASS_INHERITED_RULE_INSTANCE_CHECK,NONZERO_EXACT_KKT_DIRECTION,NOT_RUN,NOT_RUN,NOT_RUN,b9403e77b3ac60641376c862df619252e68fc6fb7fe280e850d17a608542a84d,work\d2a_cert_preflight\h500_switch_then_stay_S200_point_last_fast_read.json,False
500,126,switch_then_stay,220,average250,8,4,PASS_INHERITED_RULE_INSTANCE_CHECK,NONZERO_EXACT_KKT_DIRECTION,NOT_RUN,NOT_RUN,NOT_RUN,a6e5724b3900140dd1ee8d8d547c8f1e2491dfce957c4bc6b4a7d601de18298d,work\d2a_cert_preflight\h500_switch_then_stay_S220_average250.json,False
500,126,switch_then_stay,220,point_last_fast_read,8,4,PASS_INHERITED_RULE_INSTANCE_CHECK,NONZERO_EXACT_KKT_DIRECTION,NOT_RUN,NOT_RUN,NOT_RUN,85b231a6de2a8fe0328f3a837bc1bffb6f78f15c31bc6315a8f4fcee126bf4fc,work\d2a_cert_preflight\h500_switch_then_stay_S220_point_last_fast_read.json,False
500,126,switch_then_stay,240,average250,8,4,PASS_INHERITED_RULE_INSTANCE_CHECK,NONZERO_EXACT_KKT_DIRECTION,NOT_RUN,NOT_RUN,NOT_RUN,d686e877c79e9a8ad9971d2cd84ded1c944a3850a3f25ec0fa4bdeb135516cce,work\d2a_cert_preflight\h500_switch_then_stay_S240_average250.json,False
500,126,switch_then_stay,240,point_last_fast_read,8,4,PASS_INHERITED_RULE_INSTANCE_CHECK,NONZERO_EXACT_KKT_DIRECTION,NOT_RUN,NOT_RUN,NOT_RUN,acf6d00c2460cf0fad3cc632a9effc7dbe73cd07196a02eb6abad439bf8d7edb,work\d2a_cert_preflight\h500_switch_then_stay_S240_point_last_fast_read.json,False
500,126,switch_then_stay,260,average250,10,5,PASS_INHERITED_RULE_INSTANCE_CHECK,NONZERO_EXACT_KKT_DIRECTION,NOT_RUN,NOT_RUN,NOT_RUN,a4d538ffe80d24d1a43accbc97a84186a1a8a37e0a7b80b2ac1be482e808b22c,work\d2a_cert_preflight\h500_switch_then_stay_S260_average250.json,False
500,126,switch_then_stay,260,point_last_fast_read,10,5,PASS_INHERITED_RULE_INSTANCE_CHECK,NONZERO_EXACT_KKT_DIRECTION,NOT_RUN,NOT_RUN,NOT_RUN,ff653f446c4258748cbe9ee68e9c7af1ddfd95363e81d32dee1e69314ff198aa,work\d2a_cert_preflight\h500_switch_then_stay_S260_point_last_fast_read.json,False
500,126,switch_then_stay,280,average250,10,5,PASS_INHERITED_RULE_INSTANCE_CHECK,NONZERO_EXACT_KKT_DIRECTION,NOT_RUN,NOT_RUN,NOT_RUN,584b72e14a14f96ca836437e90fc820f5ae96f11534940c8b580c77fb29b1b2a,work\d2a_cert_preflight\h500_switch_then_stay_S280_average250.json,False
500,126,switch_then_stay,280,point_last_fast_read,10,5,PASS_INHERITED_RULE_INSTANCE_CHECK,NONZERO_EXACT_KKT_DIRECTION,NOT_RUN,NOT_RUN,NOT_RUN,970277b50fd5ba897ea8439fedbd31ff58a8a259d40eeee0c11f2abb21ae0818,work\d2a_cert_preflight\h500_switch_then_stay_S280_point_last_fast_read.json,False
500,126,switch_then_stay,300,average250,10,5,PASS_INHERITED_RULE_INSTANCE_CHECK,NONZERO_EXACT_KKT_DIRECTION,NOT_RUN,NOT_RUN,NOT_RUN,b58a029da38dab9a71b2e0e97b909e368013cd8e6c49ff7426d6d2ac47e7b602,work\d2a_cert_preflight\h500_switch_then_stay_S300_average250.json,False
500,126,switch_then_stay,300,point_last_fast_read,10,5,PASS_INHERITED_RULE_INSTANCE_CHECK,NONZERO_EXACT_KKT_DIRECTION,NOT_RUN,NOT_RUN,NOT_RUN,5ffb80a325f1685005d4289591e5077bf5435cb1971ea2c07f3092316981140b,work\d2a_cert_preflight\h500_switch_then_stay_S300_point_last_fast_read.json,False
500,126,switch_then_stay,320,average250,10,5,PASS_INHERITED_RULE_INSTANCE_CHECK,NONZERO_EXACT_KKT_DIRECTION,NOT_RUN,NOT_RUN,NOT_RUN,7e4c6f8f4962de4beee3e67e46238d400516783138d30cbf6fd5129df0c90ab5,work\d2a_cert_preflight\h500_switch_then_stay_S320_average250.json,False
500,126,switch_then_stay,320,point_last_fast_read,10,5,PASS_INHERITED_RULE_INSTANCE_CHECK,NONZERO_EXACT_KKT_DIRECTION,NOT_RUN,NOT_RUN,NOT_RUN,948e5d78ce3fd2e1203e36fe2573b6968a5b4e6d3631e9eb20b4561f14d83b6e,work\d2a_cert_preflight\h500_switch_then_stay_S320_point_last_fast_read.json,False
500,126,switch_then_stay,340,average250,12,6,PASS_INHERITED_RULE_INSTANCE_CHECK,NONZERO_EXACT_KKT_DIRECTION,NOT_RUN,NOT_RUN,NOT_RUN,21acc23efb0b484f60b012c339dd6b3e30da1aa934113aba9c86151e25cbeb22,work\d2a_cert_preflight\h500_switch_then_stay_S340_average250.json,False
500,126,switch_then_stay,340,point_last_fast_read,12,6,PASS_INHERITED_RULE_INSTANCE_CHECK,NONZERO_EXACT_KKT_DIRECTION,NOT_RUN,NOT_RUN,NOT_RUN,705e9e1ea2edc60dfc4988b6aef29a9109b58c3ca03a020eeefa8f247cc14bd7,work\d2a_cert_preflight\h500_switch_then_stay_S340_point_last_fast_read.json,False
500,126,switch_then_stay,360,average250,12,6,PASS_INHERITED_RULE_INSTANCE_CHECK,NONZERO_EXACT_KKT_DIRECTION,NOT_RUN,NOT_RUN,NOT_RUN,00ed16a690d0ba6ed580ecfe494bb5caaa971733c506b6a12558e26267a8f11b,work\d2a_cert_preflight\h500_switch_then_stay_S360_average250.json,False
500,126,switch_then_stay,360,point_last_fast_read,12,6,PASS_INHERITED_RULE_INSTANCE_CHECK,NONZERO_EXACT_KKT_DIRECTION,NOT_RUN,NOT_RUN,NOT_RUN,4b2f101800d4df461863196b6d77dbed30e95085c233c7e2c9c2deedaef425b6,work\d2a_cert_preflight\h500_switch_then_stay_S360_point_last_fast_read.json,False
500,126,switch_then_stay,380,average250,12,6,PASS_INHERITED_RULE_INSTANCE_CHECK,NONZERO_EXACT_KKT_DIRECTION,NOT_RUN,NOT_RUN,NOT_RUN,5a6641ed438cd44bc26ac38fd8fe57925f57f35d0da22a7d91aba90b6a317754,work\d2a_cert_preflight\h500_switch_then_stay_S380_average250.json,False
500,126,switch_then_stay,380,point_last_fast_read,12,6,PASS_INHERITED_RULE_INSTANCE_CHECK,NONZERO_EXACT_KKT_DIRECTION,NOT_RUN,NOT_RUN,NOT_RUN,750857717c9d6642bff10bfd23f31a0ad432d52e46f3077d486a3e8966f6325e,work\d2a_cert_preflight\h500_switch_then_stay_S380_point_last_fast_read.json,False
500,126,switch_then_stay,400,average250,12,6,PASS_INHERITED_RULE_INSTANCE_CHECK,NONZERO_EXACT_KKT_DIRECTION,NOT_RUN,NOT_RUN,NOT_RUN,86d5c5a81ec980748b7df0266ea95d6d25c7733f9228c5225f4062d20f4e5e82,work\d2a_cert_preflight\h500_switch_then_stay_S400_average250.json,False
500,126,switch_then_stay,400,point_last_fast_read,12,6,PASS_INHERITED_RULE_INSTANCE_CHECK,NONZERO_EXACT_KKT_DIRECTION,NOT_RUN,NOT_RUN,NOT_RUN,a73eca338c54f5de966bb18945b24b5555113a8b3b47e38a59b98df71262bef7,work\d2a_cert_preflight\h500_switch_then_stay_S400_point_last_fast_read.json,False
500,126,switch_then_stay,420,average250,12,6,PASS_INHERITED_RULE_INSTANCE_CHECK,NONZERO_EXACT_KKT_DIRECTION,NOT_RUN,NOT_RUN,NOT_RUN,6001009ade1fb1598b087374518b87fc48be097ec53fb3846b03f95ab7fc279b,work\d2a_cert_preflight\h500_switch_then_stay_S420_average250.json,False
500,126,switch_then_stay,420,point_last_fast_read,12,6,PASS_INHERITED_RULE_INSTANCE_CHECK,NONZERO_EXACT_KKT_DIRECTION,NOT_RUN,NOT_RUN,NOT_RUN,da9bb1540b744404ef4240ea16fc2fa134b42284443dc04a17e60b254dfa4d14,work\d2a_cert_preflight\h500_switch_then_stay_S420_point_last_fast_read.json,False
500,126,switch_then_stay,440,average250,14,7,PASS_INHERITED_RULE_INSTANCE_CHECK,NONZERO_EXACT_KKT_DIRECTION,NOT_RUN,NOT_RUN,NOT_RUN,8c06315cbb2b9d59bdb29ed9240c2312f83291312700699535af09c6997c5c1b,work\d2a_cert_preflight\h500_switch_then_stay_S440_average250.json,False
500,126,switch_then_stay,440,point_last_fast_read,14,7,PASS_INHERITED_RULE_INSTANCE_CHECK,NONZERO_EXACT_KKT_DIRECTION,NOT_RUN,NOT_RUN,NOT_RUN,c7ac1b70d960deb98b50b96718bf0d3ef330d43a042ae39b9681c19eb8043afb,work\d2a_cert_preflight\h500_switch_then_stay_S440_point_last_fast_read.json,False
500,126,switch_then_stay,460,average250,14,7,PASS_INHERITED_RULE_INSTANCE_CHECK,NONZERO_EXACT_KKT_DIRECTION,NOT_RUN,NOT_RUN,NOT_RUN,37f099327ff6cb2fb1eaf87f1e46fbb156e11203c251231248106336b5cdd789,work\d2a_cert_preflight\h500_switch_then_stay_S460_average250.json,False
500,126,switch_then_stay,460,point_last_fast_read,14,7,PASS_INHERITED_RULE_INSTANCE_CHECK,NONZERO_EXACT_KKT_DIRECTION,NOT_RUN,NOT_RUN,NOT_RUN,0f6277deb4ae15928fe0e1ecd3c74532cdb16a6ba4d9f25f753bbc3362c38d64,work\d2a_cert_preflight\h500_switch_then_stay_S460_point_last_fast_read.json,False
500,126,switch_then_stay,480,average250,14,7,PASS_INHERITED_RULE_INSTANCE_CHECK,NONZERO_EXACT_KKT_DIRECTION,NOT_RUN,NOT_RUN,NOT_RUN,cdb0ccc4ec17e0a41f60ba172e89fe6d8d3ae68fa954ed85085cc251aa8131e3,work\d2a_cert_preflight\h500_switch_then_stay_S480_average250.json,True
500,126,switch_then_stay,480,point_last_fast_read,14,7,PASS_INHERITED_RULE_INSTANCE_CHECK,NONZERO_EXACT_KKT_DIRECTION,NOT_RUN,NOT_RUN,NOT_RUN,473c97c04ad6c1527a267166050733ba47206c0a538a4530dc7efdae3760d7a0,work\d2a_cert_preflight\h500_switch_then_stay_S480_point_last_fast_read.json,True
500,126,switch_then_stay,500,average250,14,7,PASS_INHERITED_RULE_INSTANCE_CHECK,NONZERO_EXACT_KKT_DIRECTION,NOT_RUN,NOT_RUN,NOT_RUN,240d95edf71f45402cf2d370123417eb7be6418bde67bc4ef4dc079e702ba997,work\d2a_cert_preflight\h500_switch_then_stay_S500_average250.json,True
500,126,switch_then_stay,500,point_last_fast_read,14,7,PASS_INHERITED_RULE_INSTANCE_CHECK,NONZERO_EXACT_KKT_DIRECTION,NOT_RUN,NOT_RUN,NOT_RUN,dc5761f78c7d12a2fd2f0c153000817d5812c212de53d9ef4fab174ba8e1cf1f,work\d2a_cert_preflight\h500_switch_then_stay_S500_point_last_fast_read.json,True
600,151,stay,,average250,0,0,PASS_INHERITED_RULE_INSTANCE_CHECK,NONZERO_EXACT_KKT_DIRECTION,NOT_RUN,NOT_RUN,NOT_RUN,25fe29e8d7a074922ca0713d5a6c5460b2da6e702c91036b3b5d2f094724f7ac,work\d2a_cert_preflight\h600_stay_average250.json,False
600,151,stay,,point_last_fast_read,0,0,PASS_INHERITED_RULE_INSTANCE_CHECK,NONZERO_EXACT_KKT_DIRECTION,NOT_RUN,NOT_RUN,NOT_RUN,ddc0a9de26476bd3bfdd3c891383efac45d55e1eac7e91232fe160c5bf43e05b,work\d2a_cert_preflight\h600_stay_point_last_fast_read.json,False
600,151,fixed20,,average250,18,0,PASS_INHERITED_RULE_INSTANCE_CHECK,NONZERO_EXACT_KKT_DIRECTION,NOT_RUN,NOT_RUN,NOT_RUN,484ef2a8976db367c0c48168362e20137b6b456700af17acce45895e807bbfd5,work\d2a_cert_preflight\h600_fixed20_average250.json,True
600,151,fixed20,,point_last_fast_read,18,0,PASS_INHERITED_RULE_INSTANCE_CHECK,NONZERO_EXACT_KKT_DIRECTION,NOT_RUN,NOT_RUN,NOT_RUN,21563d40e8ab420703c74dfb7faeb218f79cc9acebe30603add411cd62892dd8,work\d2a_cert_preflight\h600_fixed20_point_last_fast_read.json,True
600,151,fixed40,,average250,11,0,PASS_INHERITED_RULE_INSTANCE_CHECK,NONZERO_EXACT_KKT_DIRECTION,NOT_RUN,NOT_RUN,NOT_RUN,6316cdfcb1dc1015c3c2c551bfa3a10e178914a0de3208bed9fc25a8a34900a5,work\d2a_cert_preflight\h600_fixed40_average250.json,True
600,151,fixed40,,point_last_fast_read,11,0,PASS_INHERITED_RULE_INSTANCE_CHECK,NONZERO_EXACT_KKT_DIRECTION,NOT_RUN,NOT_RUN,NOT_RUN,5f0253d76362c9f3d12067af38b5be8f11ea639e7c25e308c5ade37e2f390f8c,work\d2a_cert_preflight\h600_fixed40_point_last_fast_read.json,True
600,151,fixed76,,average250,6,0,PASS_INHERITED_RULE_INSTANCE_CHECK,NONZERO_EXACT_KKT_DIRECTION,NOT_RUN,NOT_RUN,NOT_RUN,b31ac17fc72d364ba47a478d3a1203c44a873161dfb0b96ab09734f3e8c3652b,work\d2a_cert_preflight\h600_fixed76_average250.json,False
600,151,fixed76,,point_last_fast_read,6,0,PASS_INHERITED_RULE_INSTANCE_CHECK,NONZERO_EXACT_KKT_DIRECTION,NOT_RUN,NOT_RUN,NOT_RUN,cf46e02fd0ec160e9e3dbc5014fb2951f8af6a154b07a5a42a626752e246001d,work\d2a_cert_preflight\h600_fixed76_point_last_fast_read.json,False
600,151,terminal_balanced,,average250,16,8,PASS_INHERITED_RULE_INSTANCE_CHECK,NONZERO_EXACT_KKT_DIRECTION,NOT_RUN,NOT_RUN,NOT_RUN,a6f4f44bd44848f4226d355496dc9d2edc1a7e9e8bb4587d5894139287ed51aa,work\d2a_cert_preflight\h600_terminal_balanced_average250.json,True
600,151,terminal_balanced,,point_last_fast_read,16,8,PASS_INHERITED_RULE_INSTANCE_CHECK,NONZERO_EXACT_KKT_DIRECTION,NOT_RUN,NOT_RUN,NOT_RUN,cbe420fd66009db10f14d2b25b71812ae7d4508d2cb2fd2e1e7fb7dd22f6dbd7,work\d2a_cert_preflight\h600_terminal_balanced_point_last_fast_read.json,True
600,151,switch_then_stay,20,average250,0,0,PASS_INHERITED_RULE_INSTANCE_CHECK,NONZERO_EXACT_KKT_DIRECTION,NOT_RUN,NOT_RUN,NOT_RUN,36c60df624c2ba6dbabba341b24a6ccb31d79f7af762964ec44ee440080db5e4,work\d2a_cert_preflight\h600_switch_then_stay_S20_average250.json,False
600,151,switch_then_stay,20,point_last_fast_read,0,0,PASS_INHERITED_RULE_INSTANCE_CHECK,NONZERO_EXACT_KKT_DIRECTION,NOT_RUN,NOT_RUN,NOT_RUN,c07d24e12e5c018919eeb190a8a0cdd4945efcfa4031bb70ab936d92bdeb7604,work\d2a_cert_preflight\h600_switch_then_stay_S20_point_last_fast_read.json,False
600,151,switch_then_stay,40,average250,2,1,PASS_INHERITED_RULE_INSTANCE_CHECK,NONZERO_EXACT_KKT_DIRECTION,NOT_RUN,NOT_RUN,NOT_RUN,1eae1416db032cc3ac2cc8d3a2006fa7163b666e5802e8fdcc14c2cc2fe7f77a,work\d2a_cert_preflight\h600_switch_then_stay_S40_average250.json,False
600,151,switch_then_stay,40,point_last_fast_read,2,1,PASS_INHERITED_RULE_INSTANCE_CHECK,NONZERO_EXACT_KKT_DIRECTION,NOT_RUN,NOT_RUN,NOT_RUN,d0e38f2f2ac622564596dfac2f86693220d1f96d81c48d4d73dfc44f9cc71572,work\d2a_cert_preflight\h600_switch_then_stay_S40_point_last_fast_read.json,False
600,151,switch_then_stay,60,average250,2,1,PASS_INHERITED_RULE_INSTANCE_CHECK,NONZERO_EXACT_KKT_DIRECTION,NOT_RUN,NOT_RUN,NOT_RUN,496a4072625457f2841f26fdff8e12c8ed702b834302e9917463e54a6fdfbe50,work\d2a_cert_preflight\h600_switch_then_stay_S60_average250.json,False
600,151,switch_then_stay,60,point_last_fast_read,2,1,PASS_INHERITED_RULE_INSTANCE_CHECK,NONZERO_EXACT_KKT_DIRECTION,NOT_RUN,NOT_RUN,NOT_RUN,5716fa615afc8fac8a305901765e154f360b3f1212861f53d3c8b267477d0606,work\d2a_cert_preflight\h600_switch_then_stay_S60_point_last_fast_read.json,False
600,151,switch_then_stay,80,average250,4,2,PASS_INHERITED_RULE_INSTANCE_CHECK,NONZERO_EXACT_KKT_DIRECTION,NOT_RUN,NOT_RUN,NOT_RUN,9f20016302331ea1da3cd4ebe808d04806fa7b7f6a26c7dc20a0b8bc1a2af726,work\d2a_cert_preflight\h600_switch_then_stay_S80_average250.json,False
600,151,switch_then_stay,80,point_last_fast_read,4,2,PASS_INHERITED_RULE_INSTANCE_CHECK,NONZERO_EXACT_KKT_DIRECTION,NOT_RUN,NOT_RUN,NOT_RUN,a295a52997900c94d61268acf39744ad732580b4b5e2836d211cabf9598a23f5,work\d2a_cert_preflight\h600_switch_then_stay_S80_point_last_fast_read.json,False
600,151,switch_then_stay,100,average250,4,2,PASS_INHERITED_RULE_INSTANCE_CHECK,NONZERO_EXACT_KKT_DIRECTION,NOT_RUN,NOT_RUN,NOT_RUN,d025224a7b5fb8a4be9ef057d8b2729753a8e63bb312dd2421e079d518dd24e1,work\d2a_cert_preflight\h600_switch_then_stay_S100_average250.json,False
600,151,switch_then_stay,100,point_last_fast_read,4,2,PASS_INHERITED_RULE_INSTANCE_CHECK,NONZERO_EXACT_KKT_DIRECTION,NOT_RUN,NOT_RUN,NOT_RUN,cf06900ce626ea48b37a91cd3f2f25661e7d7ed89a6dd3b59e5cc9b87cd37968,work\d2a_cert_preflight\h600_switch_then_stay_S100_point_last_fast_read.json,False
600,151,switch_then_stay,120,average250,4,2,PASS_INHERITED_RULE_INSTANCE_CHECK,NONZERO_EXACT_KKT_DIRECTION,NOT_RUN,NOT_RUN,NOT_RUN,ffd6560183c0b2d821cbdbf3f0bccfbd8b6c653c7f5fb8a7f41073a4f89ff4a6,work\d2a_cert_preflight\h600_switch_then_stay_S120_average250.json,False
600,151,switch_then_stay,120,point_last_fast_read,4,2,PASS_INHERITED_RULE_INSTANCE_CHECK,NONZERO_EXACT_KKT_DIRECTION,NOT_RUN,NOT_RUN,NOT_RUN,b5c943a5149e2ddb6fdbeebf8bf2e23ae30fc8867b7cb6bc60632113e3201968,work\d2a_cert_preflight\h600_switch_then_stay_S120_point_last_fast_read.json,False
600,151,switch_then_stay,140,average250,6,3,PASS_INHERITED_RULE_INSTANCE_CHECK,NONZERO_EXACT_KKT_DIRECTION,NOT_RUN,NOT_RUN,NOT_RUN,1924ea507225452a6ac071b05ba7d4db9db1e6be61b6cb25d54e6a1c4be6fd15,work\d2a_cert_preflight\h600_switch_then_stay_S140_average250.json,False
600,151,switch_then_stay,140,point_last_fast_read,6,3,PASS_INHERITED_RULE_INSTANCE_CHECK,NONZERO_EXACT_KKT_DIRECTION,NOT_RUN,NOT_RUN,NOT_RUN,9ef3c3af5c00b31c7c31bb3831d860e8d80c6454c7ba8c924a7065f40cb517fb,work\d2a_cert_preflight\h600_switch_then_stay_S140_point_last_fast_read.json,False
600,151,switch_then_stay,160,average250,6,3,PASS_INHERITED_RULE_INSTANCE_CHECK,NONZERO_EXACT_KKT_DIRECTION,NOT_RUN,NOT_RUN,NOT_RUN,8129a264c29acda5d837c5f64d89553e16bf041418c913b8b8145f61b20ac214,work\d2a_cert_preflight\h600_switch_then_stay_S160_average250.json,False
600,151,switch_then_stay,160,point_last_fast_read,6,3,PASS_INHERITED_RULE_INSTANCE_CHECK,NONZERO_EXACT_KKT_DIRECTION,NOT_RUN,NOT_RUN,NOT_RUN,18095a057f42ffdffac9f12f94ecde4dd98aebc0785c4c7dcf9c0216ea06cf42,work\d2a_cert_preflight\h600_switch_then_stay_S160_point_last_fast_read.json,False
600,151,switch_then_stay,180,average250,6,3,PASS_INHERITED_RULE_INSTANCE_CHECK,NONZERO_EXACT_KKT_DIRECTION,NOT_RUN,NOT_RUN,NOT_RUN,2f75e3a0952e7e5a0368dd8e2960c78e55f49a28c58a523d1f23e8cbe5bbc011,work\d2a_cert_preflight\h600_switch_then_stay_S180_average250.json,False
600,151,switch_then_stay,180,point_last_fast_read,6,3,PASS_INHERITED_RULE_INSTANCE_CHECK,NONZERO_EXACT_KKT_DIRECTION,NOT_RUN,NOT_RUN,NOT_RUN,840ab33a79fb73320d0a30a34e4f4acb88f5f9515a83aa5f93a63eb603617241,work\d2a_cert_preflight\h600_switch_then_stay_S180_point_last_fast_read.json,False
600,151,switch_then_stay,200,average250,8,4,PASS_INHERITED_RULE_INSTANCE_CHECK,NONZERO_EXACT_KKT_DIRECTION,NOT_RUN,NOT_RUN,NOT_RUN,ccb2cfd8a904c3240c9268d71cded1a5cd934aa5962699ca93fe09a2910fccfd,work\d2a_cert_preflight\h600_switch_then_stay_S200_average250.json,False
600,151,switch_then_stay,200,point_last_fast_read,8,4,PASS_INHERITED_RULE_INSTANCE_CHECK,NONZERO_EXACT_KKT_DIRECTION,NOT_RUN,NOT_RUN,NOT_RUN,fc28dc9b72530eb3346e6c10990295d2071de6e36f99dba7ad4ceca9867aaffe,work\d2a_cert_preflight\h600_switch_then_stay_S200_point_last_fast_read.json,False
600,151,switch_then_stay,220,average250,8,4,PASS_INHERITED_RULE_INSTANCE_CHECK,NONZERO_EXACT_KKT_DIRECTION,NOT_RUN,NOT_RUN,NOT_RUN,06b715e8ac1ea468e49c32a2537e77bf577345b15cb05530c1d6ea2ab3206691,work\d2a_cert_preflight\h600_switch_then_stay_S220_average250.json,False
600,151,switch_then_stay,220,point_last_fast_read,8,4,PASS_INHERITED_RULE_INSTANCE_CHECK,NONZERO_EXACT_KKT_DIRECTION,NOT_RUN,NOT_RUN,NOT_RUN,1fa871cfe9a4e572617d51b59e6f4fd6653c197c30820f177bb3d0fc21ac6ced,work\d2a_cert_preflight\h600_switch_then_stay_S220_point_last_fast_read.json,False
600,151,switch_then_stay,240,average250,8,4,PASS_INHERITED_RULE_INSTANCE_CHECK,NONZERO_EXACT_KKT_DIRECTION,NOT_RUN,NOT_RUN,NOT_RUN,03dba52ece61f534846dd2c86922ac34f2d7ab93dbef24e03ea164e87ab14bf0,work\d2a_cert_preflight\h600_switch_then_stay_S240_average250.json,False
600,151,switch_then_stay,240,point_last_fast_read,8,4,PASS_INHERITED_RULE_INSTANCE_CHECK,NONZERO_EXACT_KKT_DIRECTION,NOT_RUN,NOT_RUN,NOT_RUN,d11b18cda7e9d87dad7636fd96a0b2336d53c19189e6fe2c5949a3e11d993eee,work\d2a_cert_preflight\h600_switch_then_stay_S240_point_last_fast_read.json,False
600,151,switch_then_stay,260,average250,10,5,PASS_INHERITED_RULE_INSTANCE_CHECK,NONZERO_EXACT_KKT_DIRECTION,NOT_RUN,NOT_RUN,NOT_RUN,0f60c1cb3c775117059bbbfd93ba62b7eb31f14e6badf07db7440be034f468bb,work\d2a_cert_preflight\h600_switch_then_stay_S260_average250.json,False
600,151,switch_then_stay,260,point_last_fast_read,10,5,PASS_INHERITED_RULE_INSTANCE_CHECK,NONZERO_EXACT_KKT_DIRECTION,NOT_RUN,NOT_RUN,NOT_RUN,11c6b4e12fdbd3ad556bb1c6636e08d8b3ee05b67b38294faa1a392a2284713a,work\d2a_cert_preflight\h600_switch_then_stay_S260_point_last_fast_read.json,False
600,151,switch_then_stay,280,average250,10,5,PASS_INHERITED_RULE_INSTANCE_CHECK,NONZERO_EXACT_KKT_DIRECTION,NOT_RUN,NOT_RUN,NOT_RUN,7a8ef848d2e6b682fef26a07bc19acf6248a2ea185615a737701e74452c8176c,work\d2a_cert_preflight\h600_switch_then_stay_S280_average250.json,False
600,151,switch_then_stay,280,point_last_fast_read,10,5,PASS_INHERITED_RULE_INSTANCE_CHECK,NONZERO_EXACT_KKT_DIRECTION,NOT_RUN,NOT_RUN,NOT_RUN,e544dd0844d9b0222ba7dd07c25db3e9fe13b003693a8c269b9cc848bda61c58,work\d2a_cert_preflight\h600_switch_then_stay_S280_point_last_fast_read.json,False
600,151,switch_then_stay,300,average250,10,5,PASS_INHERITED_RULE_INSTANCE_CHECK,NONZERO_EXACT_KKT_DIRECTION,NOT_RUN,NOT_RUN,NOT_RUN,db0015dd0a87f1d08dd61e4202d70806fbea9916ae9019fe0a3e01f03e786f4f,work\d2a_cert_preflight\h600_switch_then_stay_S300_average250.json,False
600,151,switch_then_stay,300,point_last_fast_read,10,5,PASS_INHERITED_RULE_INSTANCE_CHECK,NONZERO_EXACT_KKT_DIRECTION,NOT_RUN,NOT_RUN,NOT_RUN,88bc6aed7e5df7918e5bee98f01b2f10cb7b655f01016dc3389f85714da25def,work\d2a_cert_preflight\h600_switch_then_stay_S300_point_last_fast_read.json,False
600,151,switch_then_stay,320,average250,10,5,PASS_INHERITED_RULE_INSTANCE_CHECK,NONZERO_EXACT_KKT_DIRECTION,NOT_RUN,NOT_RUN,NOT_RUN,571516288cebaece27ca174c068a82f7b9542698c6855f631ffe9e2b666e4ca2,work\d2a_cert_preflight\h600_switch_then_stay_S320_average250.json,False
600,151,switch_then_stay,320,point_last_fast_read,10,5,PASS_INHERITED_RULE_INSTANCE_CHECK,NONZERO_EXACT_KKT_DIRECTION,NOT_RUN,NOT_RUN,NOT_RUN,8ef1ebf216abfed3ff7c3f77ba11a5b6b99dd2dc72584678dcff038f24d26ae7,work\d2a_cert_preflight\h600_switch_then_stay_S320_point_last_fast_read.json,False
600,151,switch_then_stay,340,average250,12,6,PASS_INHERITED_RULE_INSTANCE_CHECK,NONZERO_EXACT_KKT_DIRECTION,NOT_RUN,NOT_RUN,NOT_RUN,ee3fbb24e9110314d611fbc8090ea44f64166e8e7f8b8553d3e9f108a642406f,work\d2a_cert_preflight\h600_switch_then_stay_S340_average250.json,False
600,151,switch_then_stay,340,point_last_fast_read,12,6,PASS_INHERITED_RULE_INSTANCE_CHECK,NONZERO_EXACT_KKT_DIRECTION,NOT_RUN,NOT_RUN,NOT_RUN,19bd5d68f34c90c3698ad9751ed01856444bebf159f9139b7ba75f5a9fb93b3c,work\d2a_cert_preflight\h600_switch_then_stay_S340_point_last_fast_read.json,False
600,151,switch_then_stay,360,average250,12,6,PASS_INHERITED_RULE_INSTANCE_CHECK,NONZERO_EXACT_KKT_DIRECTION,NOT_RUN,NOT_RUN,NOT_RUN,e463039395831a858ffe801f500b63780173d634a973a1ff728ec574b617b4ba,work\d2a_cert_preflight\h600_switch_then_stay_S360_average250.json,False
600,151,switch_then_stay,360,point_last_fast_read,12,6,PASS_INHERITED_RULE_INSTANCE_CHECK,NONZERO_EXACT_KKT_DIRECTION,NOT_RUN,NOT_RUN,NOT_RUN,3116286f5ed1d933384bf5a1b866a8fc304372480d4b0a36969ba88bf34fabb5,work\d2a_cert_preflight\h600_switch_then_stay_S360_point_last_fast_read.json,False
600,151,switch_then_stay,380,average250,12,6,PASS_INHERITED_RULE_INSTANCE_CHECK,NONZERO_EXACT_KKT_DIRECTION,NOT_RUN,NOT_RUN,NOT_RUN,ba2cb5574fd4c6a513d6a726a0ef5a7f5efe4a23d8987d51004ab07dc1886230,work\d2a_cert_preflight\h600_switch_then_stay_S380_average250.json,False
600,151,switch_then_stay,380,point_last_fast_read,12,6,PASS_INHERITED_RULE_INSTANCE_CHECK,NONZERO_EXACT_KKT_DIRECTION,NOT_RUN,NOT_RUN,NOT_RUN,d115ffd3fe7bc85872e888817ade96b4013c699b992cb1cd6a7e4179ef44b068,work\d2a_cert_preflight\h600_switch_then_stay_S380_point_last_fast_read.json,False
600,151,switch_then_stay,400,average250,12,6,PASS_INHERITED_RULE_INSTANCE_CHECK,NONZERO_EXACT_KKT_DIRECTION,NOT_RUN,NOT_RUN,NOT_RUN,9fc0ffa7e2a9a8344ae0dac24e091390ae7638605320bcdc025edbac48ac24f9,work\d2a_cert_preflight\h600_switch_then_stay_S400_average250.json,False
600,151,switch_then_stay,400,point_last_fast_read,12,6,PASS_INHERITED_RULE_INSTANCE_CHECK,NONZERO_EXACT_KKT_DIRECTION,NOT_RUN,NOT_RUN,NOT_RUN,80a64e910a8d41ad9cbff85d3c26f2709986cd39ea9b7cb12175417725c20b0a,work\d2a_cert_preflight\h600_switch_then_stay_S400_point_last_fast_read.json,False
600,151,switch_then_stay,420,average250,12,6,PASS_INHERITED_RULE_INSTANCE_CHECK,NONZERO_EXACT_KKT_DIRECTION,NOT_RUN,NOT_RUN,NOT_RUN,7339ef8244bc15708556bb9e0424e61a0b7660e97842b12e36750738cddcd8e7,work\d2a_cert_preflight\h600_switch_then_stay_S420_average250.json,False
600,151,switch_then_stay,420,point_last_fast_read,12,6,PASS_INHERITED_RULE_INSTANCE_CHECK,NONZERO_EXACT_KKT_DIRECTION,NOT_RUN,NOT_RUN,NOT_RUN,fcdcda7fb7d6214e85b4b2c9f4e1172bb7572f796c018a5d10511d91c6cad5d5,work\d2a_cert_preflight\h600_switch_then_stay_S420_point_last_fast_read.json,False
600,151,switch_then_stay,440,average250,14,7,PASS_INHERITED_RULE_INSTANCE_CHECK,NONZERO_EXACT_KKT_DIRECTION,NOT_RUN,NOT_RUN,NOT_RUN,c215206682ef409c0ec01154c3fbc38d166d096406a6f6fe110c8fc0fa3acbec,work\d2a_cert_preflight\h600_switch_then_stay_S440_average250.json,False
600,151,switch_then_stay,440,point_last_fast_read,14,7,PASS_INHERITED_RULE_INSTANCE_CHECK,NONZERO_EXACT_KKT_DIRECTION,NOT_RUN,NOT_RUN,NOT_RUN,3ec5a39ff1d5d30af0a3a2b95bcc2d2d6e7633310e5a59b9af9a62b1f8fad760,work\d2a_cert_preflight\h600_switch_then_stay_S440_point_last_fast_read.json,False
600,151,switch_then_stay,460,average250,14,7,PASS_INHERITED_RULE_INSTANCE_CHECK,NONZERO_EXACT_KKT_DIRECTION,NOT_RUN,NOT_RUN,NOT_RUN,2de9b711487e5b19cba87dc59e8a1e71dd1d46c6effd26951ef3527628d6fa47,work\d2a_cert_preflight\h600_switch_then_stay_S460_average250.json,False
600,151,switch_then_stay,460,point_last_fast_read,14,7,PASS_INHERITED_RULE_INSTANCE_CHECK,NONZERO_EXACT_KKT_DIRECTION,NOT_RUN,NOT_RUN,NOT_RUN,6e91100ac616f7e4aafac4b00a7e46e34c5f1d79273d8077eddac5a286e6c127,work\d2a_cert_preflight\h600_switch_then_stay_S460_point_last_fast_read.json,False
600,151,switch_then_stay,480,average250,14,7,PASS_INHERITED_RULE_INSTANCE_CHECK,NONZERO_EXACT_KKT_DIRECTION,NOT_RUN,NOT_RUN,NOT_RUN,1cd3a18303d88066e92d780adaf9f9460951309a4577e17a3bd511430bb32b79,work\d2a_cert_preflight\h600_switch_then_stay_S480_average250.json,False
600,151,switch_then_stay,480,point_last_fast_read,14,7,PASS_INHERITED_RULE_INSTANCE_CHECK,NONZERO_EXACT_KKT_DIRECTION,NOT_RUN,NOT_RUN,NOT_RUN,bfb2270a9e003f85b4a39ed0dff5e5da2b035f36c07d5cf85bf85930b91524f2,work\d2a_cert_preflight\h600_switch_then_stay_S480_point_last_fast_read.json,False
600,151,switch_then_stay,500,average250,14,7,PASS_INHERITED_RULE_INSTANCE_CHECK,NONZERO_EXACT_KKT_DIRECTION,NOT_RUN,NOT_RUN,NOT_RUN,4d270d6d9f30b63b7ecf042e0028ebece480bf9eead6ff24ea1f9e98c145fef7,work\d2a_cert_preflight\h600_switch_then_stay_S500_average250.json,False
600,151,switch_then_stay,500,point_last_fast_read,14,7,PASS_INHERITED_RULE_INSTANCE_CHECK,NONZERO_EXACT_KKT_DIRECTION,NOT_RUN,NOT_RUN,NOT_RUN,c751998c497243afa2133381c163df0280dfc78565a4777035c3da16e2fc2aef,work\d2a_cert_preflight\h600_switch_then_stay_S500_point_last_fast_read.json,False
600,151,switch_then_stay,520,average250,14,7,PASS_INHERITED_RULE_INSTANCE_CHECK,NONZERO_EXACT_KKT_DIRECTION,NOT_RUN,NOT_RUN,NOT_RUN,1a08755e0f4e707e629710601507f89cbebac64c7548fa40d6615aa7bb92cbdf,work\d2a_cert_preflight\h600_switch_then_stay_S520_average250.json,False
600,151,switch_then_stay,520,point_last_fast_read,14,7,PASS_INHERITED_RULE_INSTANCE_CHECK,NONZERO_EXACT_KKT_DIRECTION,NOT_RUN,NOT_RUN,NOT_RUN,36d4b9bca20364ebfdc070cf0930e73b954d4638fe613b640f5c04c5c3a1af93,work\d2a_cert_preflight\h600_switch_then_stay_S520_point_last_fast_read.json,False
600,151,switch_then_stay,540,average250,16,8,PASS_INHERITED_RULE_INSTANCE_CHECK,NONZERO_EXACT_KKT_DIRECTION,NOT_RUN,NOT_RUN,NOT_RUN,46dc31ac6153055d7cc32dd7cde4296727ea2066789aea7ac896ab5654084878,work\d2a_cert_preflight\h600_switch_then_stay_S540_average250.json,False
600,151,switch_then_stay,540,point_last_fast_read,16,8,PASS_INHERITED_RULE_INSTANCE_CHECK,NONZERO_EXACT_KKT_DIRECTION,NOT_RUN,NOT_RUN,NOT_RUN,61bdc3dfdaf5866780326b32a7161a1be7fcfb75e108319c8e42e06860bbb40a,work\d2a_cert_preflight\h600_switch_then_stay_S540_point_last_fast_read.json,False
600,151,switch_then_stay,560,average250,16,8,PASS_INHERITED_RULE_INSTANCE_CHECK,NONZERO_EXACT_KKT_DIRECTION,NOT_RUN,NOT_RUN,NOT_RUN,1390544c99370027946bace4e298a7c70766eb122ca3f534bde8319399beb487,work\d2a_cert_preflight\h600_switch_then_stay_S560_average250.json,False
600,151,switch_then_stay,560,point_last_fast_read,16,8,PASS_INHERITED_RULE_INSTANCE_CHECK,NONZERO_EXACT_KKT_DIRECTION,NOT_RUN,NOT_RUN,NOT_RUN,fe89cf0e95ca69116396a1b2b5569c3da9479f5852256cd2356e2fa93061769e,work\d2a_cert_preflight\h600_switch_then_stay_S560_point_last_fast_read.json,False
600,151,switch_then_stay,580,average250,16,8,PASS_INHERITED_RULE_INSTANCE_CHECK,NONZERO_EXACT_KKT_DIRECTION,NOT_RUN,NOT_RUN,NOT_RUN,f1a0a431a4caa0567ae6c012fa08a856fa675feee83c4ef934ee76f26cde7852,work\d2a_cert_preflight\h600_switch_then_stay_S580_average250.json,True
600,151,switch_then_stay,580,point_last_fast_read,16,8,PASS_INHERITED_RULE_INSTANCE_CHECK,NONZERO_EXACT_KKT_DIRECTION,NOT_RUN,NOT_RUN,NOT_RUN,8825995945a2ba70c29237e2c54a3b1f097749ecec7877ab6acc15b9c9d62922,work\d2a_cert_preflight\h600_switch_then_stay_S580_point_last_fast_read.json,True
600,151,switch_then_stay,600,average250,16,8,PASS_INHERITED_RULE_INSTANCE_CHECK,NONZERO_EXACT_KKT_DIRECTION,NOT_RUN,NOT_RUN,NOT_RUN,8127934671c502ee55c7fae5403c798e949834cc1c2443ee092da9d4e048f55a,work\d2a_cert_preflight\h600_switch_then_stay_S600_average250.json,True
600,151,switch_then_stay,600,point_last_fast_read,16,8,PASS_INHERITED_RULE_INSTANCE_CHECK,NONZERO_EXACT_KKT_DIRECTION,NOT_RUN,NOT_RUN,NOT_RUN,3baaa4f36a96edeac9f4c5be7c3dab5629cc83494098f74528b4f574980b1443,work\d2a_cert_preflight\h600_switch_then_stay_S600_point_last_fast_read.json,True
