stage,route,path,destination,bytes,sha256,sha_scope
00_provenance_and_paused_state,Git,.gitattributes,.gitattributes,206,0406416b4d45efa56e2716cb161e3a81cbf341c09500c8416142bc066114dbe8,Read current small bytes
00_provenance_and_paused_state,Git,.gitignore,.gitignore,59,196568ca1cc95103d4bdf346193f15238c5d3819f55dd29f7ce5bebf42abeee3,Read current small bytes
00_provenance_and_paused_state,Git,CURRENT_STATE.md,CURRENT_STATE.md,8526,14a720bfc837e7d4dfe1f0b9c89cf294324f223785a625f85622e012a6f3a9d6,Read current small bytes
00_provenance_and_paused_state,Git,GOAL_PROMPT.md,GOAL_PROMPT.md,4436,dda896ecd0dac21620baaadf9b24f467c6e9d8bd81544735265ec21398451260,Read current small bytes
00_provenance_and_paused_state,Git,README.md,README.md,1490,9e5b6c0b6889db933b346495f0f2bbb683a3a8b78d2dfb6bc2902f5dfe23b9d0,Read current small bytes
00_provenance_and_paused_state,Git,RESEARCH_PLAN.md,RESEARCH_PLAN.md,19373,60886f873db0ef15f33fdc0daaa9b3a9c4dffae4f0ce91683c8e39daa1b1c119,Read current small bytes
00_provenance_and_paused_state,Git,inputs/README.md,inputs/README.md,1139,9445d54bb7abc5e8df798e3466814aeef64c290aaf1e5488118622287b2a9ae8,Read current small bytes
01_theory_proof_checks_and_history,Release_asset,outputs/CERTO_FDI_THEORY_CHECKPOINT_20261007_V1.zip,outputs/CERTO_FDI_THEORY_CHECKPOINT_20261007_V1.zip,780548,55e5155cb5dc3e7cb40e5e3abfffa61fa438b197c7bc68213b27f286ede03ac3,Read current small bytes
01_theory_proof_checks_and_history,Release_asset,outputs/CERTO_FDI_THEORY_CHECKPOINT_20261007_V2.zip,outputs/CERTO_FDI_THEORY_CHECKPOINT_20261007_V2.zip,1919557,6ab32cb85ebc7befd6410974b6781d97f5285147f13f19a744d1d7cf03cbb99c,Read current small bytes
01_theory_proof_checks_and_history,Release_asset,outputs/D2A_H160_TERMINAL_PAIR_SCIENCE_REHEARSAL_V1.zip,outputs/D2A_H160_TERMINAL_PAIR_SCIENCE_REHEARSAL_V1.zip,296443279,c5dfadbb4c914299fa502b4549158f8b2d0adae0d1f690cd06066d45b4c39f4f,Existing prior receipt/index only; no big bytes read this task
01_theory_proof_checks_and_history,Git,outputs/GITHUB_REVIEW_GUIDE_v1.md,outputs/GITHUB_REVIEW_GUIDE_v1.md,7760,5b42272bb67d7aacf477f70cf857de50cf01c9f3a9522fc37dce51d051724b37,Read current small bytes
01_theory_proof_checks_and_history,Git,outputs/STAGE_INDEX_v1.json,outputs/STAGE_INDEX_v1.json,58803,0e001126ee7bccd77bf5c7d642b974db374ac4374d87cb3400d95659834fb030,Read current small bytes
01_theory_proof_checks_and_history,Git,outputs/STAGE_INDEX_v1.md,outputs/STAGE_INDEX_v1.md,23906,3feb55d94a97bb29eeae5c6e91067187ff955cfd850a77158129f2480297023e,Read current small bytes
01_theory_proof_checks_and_history,Git,outputs/ar1_converse_checks_v1.json,outputs/ar1_converse_checks_v1.json,876,f4d141f403c356123bcd513da8914030ca5773ec8b509c0f39ef11dda09fdfae,Read current small bytes
01_theory_proof_checks_and_history,Git,outputs/ar1_converse_checks_v1.py,outputs/ar1_converse_checks_v1.py,2449,773d90c3806df5f0626e7f16fa0885fff5c0cb853c513cdd76aa7ef03f3f6a03,Read current small bytes
01_theory_proof_checks_and_history,Git,outputs/ar1_iid_audit_checks_v1.json,outputs/ar1_iid_audit_checks_v1.json,176,042a2a7072ca106fb948f673c22ce4351fdc06f6eceabbfcdc27512a0fc3b04d,Read current small bytes
01_theory_proof_checks_and_history,Git,outputs/ar1_iid_audit_checks_v1.py,outputs/ar1_iid_audit_checks_v1.py,2066,024dae1323f308859b1eb5fe4a3b8b24784a9bfeb6c5084d561b92399120ba4b,Read current small bytes
01_theory_proof_checks_and_history,Git,outputs/ar1_information_checks_v1.json,outputs/ar1_information_checks_v1.json,1089,1c6ef0a11ece4dc8ada93ef2f0dba44a8da786a4c314c4d9c202fbd694058fcc,Read current small bytes
01_theory_proof_checks_and_history,Git,outputs/ar1_information_checks_v1.py,outputs/ar1_information_checks_v1.py,6443,0c2fe4de3579babfd53435a832e1f2f3dc67838f7e0eecc3e3e1bf8428d6e730,Read current small bytes
01_theory_proof_checks_and_history,Git,outputs/ar1_information_lemmas_v1.md,outputs/ar1_information_lemmas_v1.md,19460,b5b4adc0780a4abf46f9a49c7db12dfe6c398df233d031d2a1aac5a0d0d4983c,Read current small bytes
01_theory_proof_checks_and_history,Git,outputs/ar1_information_lemmas_v1.tex,outputs/ar1_information_lemmas_v1.tex,16426,5704eb064fae7a35a5bd9c2bb835f70324748dcd4ffc3d7f59ec77bf053b448c,Read current small bytes
01_theory_proof_checks_and_history,Git,outputs/ar1_upper_checks_v1.json,outputs/ar1_upper_checks_v1.json,10197,f3a7f749ffba5f319d1009b363ff53166521cfa66eef5f0dbdb87d3f33930669,Read current small bytes
01_theory_proof_checks_and_history,Git,outputs/ar1_upper_checks_v1.py,outputs/ar1_upper_checks_v1.py,6910,b914b56923fa33e7487e20bb1dc51f42c95760e49e5bcc1fc9924913b5a1e172,Read current small bytes
01_theory_proof_checks_and_history,Git,outputs/ar1_upper_construction_v1.md,outputs/ar1_upper_construction_v1.md,12608,3de88ca76f497e2836e01abd8a1e9e997741a1af5b337f4a37964409735948b2,Read current small bytes
01_theory_proof_checks_and_history,Git,outputs/ar1_upper_construction_v1.tex,outputs/ar1_upper_construction_v1.tex,11453,499c19aed95fc34ffdf9b82f675dfda44cc4e98bb7df78b3e9f2cfd5af1454a9,Read current small bytes
01_theory_proof_checks_and_history,Git,outputs/ar1_upper_independent_review_v1.md,outputs/ar1_upper_independent_review_v1.md,4779,a166bbcf243ca9b64256e2af54af80ce88f4ad55f2a9484a7f9c5d7741c2af0e,Read current small bytes
01_theory_proof_checks_and_history,Git,outputs/bounded_even_bias_corollary_v1.md,outputs/bounded_even_bias_corollary_v1.md,3240,7483128fec16576869fe0f94fdc22f8e9e8d824bd3dc97e8e47f8bf06ae9c24b,Read current small bytes
01_theory_proof_checks_and_history,Git,outputs/bounded_even_bias_review_v1.md,outputs/bounded_even_bias_review_v1.md,5695,064717806c4695d600a14051c740d6ff901f8b8a6562ceb4ef7a18a49645daa4,Read current small bytes
05_current_R8_manuscript_and_review,Git,outputs/certo_fdi_control_memory_draft_v1.pdf,outputs/certo_fdi_control_memory_draft_v1.pdf,268206,e148cf867fb38deef1f91bcb8aabc5c3cf6d1c7786d9cf3b88f07c01d8aae30c,Read current small bytes
05_current_R8_manuscript_and_review,Git,outputs/certo_fdi_control_memory_draft_v1.tex,outputs/certo_fdi_control_memory_draft_v1.tex,74695,2245714e5b92c5e36039a688f453b477256aa57df15f97a783442ea2bacbfdc1,Read current small bytes
05_current_R8_manuscript_and_review,Git,outputs/citation_preflight_v1.md,outputs/citation_preflight_v1.md,11088,2fa6f30ee61081c5c47d629f6e44071354096a8a516a2b42578c2f128c3e39f6,Read current small bytes
05_current_R8_manuscript_and_review,Git,outputs/citation_support_matrix_v1.json,outputs/citation_support_matrix_v1.json,31745,4794d4b4aa3c549db0999e0eb94aaafc86cd079cff5c422ea9f748f4ced641d8,Read current small bytes
01_theory_proof_checks_and_history,Git,outputs/colored_ar1_converse_review_v1.md,outputs/colored_ar1_converse_review_v1.md,10318,2e4959c224b7ae534cd91cf5d6461ee762494c0dcacd9f67edf8ee51306cc1a3,Read current small bytes
01_theory_proof_checks_and_history,Git,outputs/colored_ar1_converse_v1.md,outputs/colored_ar1_converse_v1.md,6816,7e81111f4fbfd568c7ab071dc7c838189ef0380c245e2de2580a34f6bb55f1f6,Read current small bytes
01_theory_proof_checks_and_history,Git,outputs/compact_controller_uniform_bridge_v1.md,outputs/compact_controller_uniform_bridge_v1.md,7442,89762501f1272eb8b0ed5150985225655e62f0681d24c62c41729750dbcdf351,Read current small bytes
01_theory_proof_checks_and_history,Git,outputs/compact_controller_uniform_review_v1.md,outputs/compact_controller_uniform_review_v1.md,11826,35f627a5fc637fe255b00c982768daf4067837e81a70060368783fd7a90ecd71,Read current small bytes
05_current_R8_manuscript_and_review,Git,outputs/control_design_prior_art_extension_v1.md,outputs/control_design_prior_art_extension_v1.md,3477,0f0d87e1f5d655e3b7bf1d374dfd3f0cad103037210d1f9737773fab8b70006f,Read current small bytes
01_theory_proof_checks_and_history,Git,outputs/control_memory_checks_v1.json,outputs/control_memory_checks_v1.json,2816,5c493d2a99cf5332aefe99c17f5e7805d8960d434dbe0ab0333d15c7ee27d948,Read current small bytes
01_theory_proof_checks_and_history,Git,outputs/control_memory_checks_v1.py,outputs/control_memory_checks_v1.py,2026,72c71e16376796e46cf292a9c94aa8083c0a683d8a37b519f27de22ee4a0cc0c,Read current small bytes
01_theory_proof_checks_and_history,Git,outputs/control_memory_example_v1.md,outputs/control_memory_example_v1.md,3433,5eb2f17dcedff0edc3d0c6891f10e3858485f4ff6ff5d25ce2b97c1590bf55b7,Read current small bytes
01_theory_proof_checks_and_history,Git,outputs/control_settling_figure_caption_v1.md,outputs/control_settling_figure_caption_v1.md,2325,daa3083745143935c9eaa2329dfbcf7b8f556f3338f2eab69774dca6fae03d1b,Read current small bytes
01_theory_proof_checks_and_history,Git,outputs/control_settling_figure_data_v1.csv,outputs/control_settling_figure_data_v1.csv,86315,0a8da9d4e4fd3bb1b7dbe21e744a1bb5d142be0024ac091bcbd951206bd542e4,Read current small bytes
01_theory_proof_checks_and_history,Git,outputs/control_settling_figure_grayscale_v1.png,outputs/control_settling_figure_grayscale_v1.png,25905,2a72f3ab7f57f8d366f0ce0fc12bb04122b0fcd406660e8bad404b389704667e,Read current small bytes
01_theory_proof_checks_and_history,Git,outputs/control_settling_figure_plan_v1.md,outputs/control_settling_figure_plan_v1.md,1461,9458aa2e2b9568b28a7ed6993cb758127b071511640648415ccb986c751ddc66,Read current small bytes
01_theory_proof_checks_and_history,Git,outputs/control_settling_figure_portable_v2.py,outputs/control_settling_figure_portable_v2.py,7077,18211af41910c8147b07e3628ec2c5f2a131cc8751adaa25c9d57a212b6f9501,Read current small bytes
01_theory_proof_checks_and_history,Git,outputs/control_settling_figure_preview_v1.png,outputs/control_settling_figure_preview_v1.png,59574,220e63db0fbe6e1adf617736bd5298505947b0db9f0bdb287eef7aa042d38b36,Read current small bytes
01_theory_proof_checks_and_history,Git,outputs/control_settling_figure_qa_v1.json,outputs/control_settling_figure_qa_v1.json,1580,67e67cc335e1249ddd81b50aa977d23f18a2691d0e5e7e7249d226e1411cce62,Read current small bytes
01_theory_proof_checks_and_history,Git,outputs/control_settling_figure_v1.pdf,outputs/control_settling_figure_v1.pdf,49879,1505b858adab675e4585ce854d469cb35068ff48903be9b6db42cec9ed9a7524,Read current small bytes
01_theory_proof_checks_and_history,Git,outputs/control_settling_figure_v1.png,outputs/control_settling_figure_v1.png,255194,d3e5b4abdd25b783664e7d2b4a2e823adea4f38ebc8c3ef748ed5c54fceaedbb,Read current small bytes
01_theory_proof_checks_and_history,Git,outputs/control_settling_figure_v1.py,outputs/control_settling_figure_v1.py,5872,c3423865861e4bc478ce85c0319607d9be8e47c00b4458fc9d446f039ccdd0c3,Read current small bytes
01_theory_proof_checks_and_history,Git,outputs/control_settling_figure_v1.svg,outputs/control_settling_figure_v1.svg,40025,8e3c7ca3dd37198e1e75d966941b578be0a204630d49500de510326f267ccf7d,Read current small bytes
01_theory_proof_checks_and_history,Git,outputs/controller_settling_checks_v1.json,outputs/controller_settling_checks_v1.json,9937,0e7be10bdd4bf4e53749f706c562978f8ea0d446fc0824f4bdb0029b9f7cfcc2,Read current small bytes
01_theory_proof_checks_and_history,Git,outputs/controller_settling_checks_v1.py,outputs/controller_settling_checks_v1.py,11024,c97c9733c5b8fcb2a9ee6d5199f654f4a1c0811d0466ac144bf2b9f69ece690d,Read current small bytes
01_theory_proof_checks_and_history,Git,outputs/controller_settling_tradeoff_v1.md,outputs/controller_settling_tradeoff_v1.md,13120,081fc156382680cf750c3a40c177e18eac58d627e6cdeeb7973f5a27ce1579ae,Read current small bytes
04_full400_unfinished_release_recipe,Git,outputs/d2a_archive_coverage_gate_addendum_v1.json,outputs/d2a_archive_coverage_gate_addendum_v1.json,3148,d43beb618df13c970c046e5112768015d99651739ebc7173791f9bf11703ecf2,Read current small bytes
04_full400_unfinished_release_recipe,Git,outputs/d2a_archive_coverage_gate_addendum_v1.md,outputs/d2a_archive_coverage_gate_addendum_v1.md,4385,d732fd68ce9614d1ddea159674ebca66489aa1042b9584eea6c6c134790cdbf7,Read current small bytes
04_full400_unfinished_release_recipe,Git,outputs/d2a_archive_coverage_gate_fixture_results_v1.json,outputs/d2a_archive_coverage_gate_fixture_results_v1.json,3100,909a1c3a10bcfbfd141b7e00d2b3c143db5896f33c3a5b68297038076a8c9180,Read current small bytes
04_full400_unfinished_release_recipe,Git,outputs/d2a_archive_coverage_gate_fixtures_v1.py,outputs/d2a_archive_coverage_gate_fixtures_v1.py,11728,314030b67dac31624f74cd014d7332d4b67fd1a2e250ea28e90037061903793c,Read current small bytes
04_full400_unfinished_release_recipe,Git,outputs/d2a_archive_coverage_gate_v1.py,outputs/d2a_archive_coverage_gate_v1.py,9611,87a4106ef35201e3562e0c5d352a4ee84b3fbec14614ae54b48ded806759cb55,Read current small bytes
04_full400_unfinished_release_recipe,Git,outputs/d2a_archive_csv_cap_addendum_v1.json,outputs/d2a_archive_csv_cap_addendum_v1.json,3418,33cb7c3d6020f016af6d4fe72a0d1ab83a9f8806bfcb79e134a960fc5453d9d1,Read current small bytes
04_full400_unfinished_release_recipe,Git,outputs/d2a_archive_csv_cap_addendum_v1.md,outputs/d2a_archive_csv_cap_addendum_v1.md,2408,da4369a6d00897fc2af45cf381fe25df04b05fa9e51b9f58f1cdcc6422aa4476,Read current small bytes
04_full400_unfinished_release_recipe,Git,outputs/d2a_archive_csv_cap_fixture_results_v1.json,outputs/d2a_archive_csv_cap_fixture_results_v1.json,3706,36a2152897eaebf8af4d1e822e25d951066f7413c58cfd40f5c50bf6bd96cef2,Read current small bytes
04_full400_unfinished_release_recipe,Git,outputs/d2a_archive_csv_cap_fixtures_v1.py,outputs/d2a_archive_csv_cap_fixtures_v1.py,6879,4c5957026dc6d6ded729e4e98e8be51f0d5494f6b188c6173fc29a8a7ebdfa53,Read current small bytes
04_full400_unfinished_release_recipe,Git,outputs/d2a_archive_independent_sources_preservation_v1.json,outputs/d2a_archive_independent_sources_preservation_v1.json,1446,7481d48b29a935a7f51dc8026ea24245bb49f59a9568228502069a48f45e20ff,Read current small bytes
04_full400_unfinished_release_recipe,Git,outputs/d2a_archive_view_bridge_fixture_results_v1.json,outputs/d2a_archive_view_bridge_fixture_results_v1.json,4520,625125c7f29daf9552c33ee77f365ad7429694f7600326298a789e6bace16ee1,Read current small bytes
04_full400_unfinished_release_recipe,Git,outputs/d2a_archive_view_bridge_fixtures_v1.py,outputs/d2a_archive_view_bridge_fixtures_v1.py,9345,5f262131a8d111cb233707428a695e5b3443565c46328e2965483d5f223b4961,Read current small bytes
04_full400_unfinished_release_recipe,Git,outputs/d2a_archive_view_bridge_review_v1.json,outputs/d2a_archive_view_bridge_review_v1.json,20187,aa304889fbe2b2c29141e722ca9be037519d51f038da8e8753c736a0edc7f839,Read current small bytes
04_full400_unfinished_release_recipe,Git,outputs/d2a_archive_view_bridge_review_v1.md,outputs/d2a_archive_view_bridge_review_v1.md,7808,43a995ad62c6c9627874a5ffb6d986df8355bc2ccfaf796f7f5a44137236139d,Read current small bytes
04_full400_unfinished_release_recipe,Git,outputs/d2a_archive_view_bridge_v1.json,outputs/d2a_archive_view_bridge_v1.json,2234,8509c76ca634578e0d1fbb1f8b71f3b66350dba3f44a266105d0504bdc4ff9f8,Read current small bytes
04_full400_unfinished_release_recipe,Git,outputs/d2a_archive_view_bridge_v1.md,outputs/d2a_archive_view_bridge_v1.md,5084,54af455b080ba1a27d6beec5c8deef35bf24c22128bc9407a5a1a7013b2915c5,Read current small bytes
04_full400_unfinished_release_recipe,Git,outputs/d2a_archive_witness_view_v1.py,outputs/d2a_archive_witness_view_v1.py,6213,7f566d7251ea3077b261b496d93a7469db8d502b6523be8393d3f088b760e637,Read current small bytes
04_full400_unfinished_and_scoped_figure,Git,outputs/d2a_certificate_progress_v1.md,outputs/d2a_certificate_progress_v1.md,12522,c26db892530196a4f72e292bcc5f50f3ea8687c944742b6798c95a8ac2d36fc7,Read current small bytes
04_full400_unfinished_and_scoped_figure,Git,outputs/d2a_completed_artifact_integrity_v1.json,outputs/d2a_completed_artifact_integrity_v1.json,102258,331821f38cef5ab65c310cbc2c9819255b00c0308c5a74f3abb8e2d67856a306,Read current small bytes
04_full400_unfinished_and_scoped_figure,Git,outputs/d2a_detached_launch_receipt_v1.json,outputs/d2a_detached_launch_receipt_v1.json,1870,d89fb906ce2412b95b90eb18e454ba808c66d67eb12a3ff1e8aa80ec92c5f394,Read current small bytes
04_full400_unfinished_and_scoped_figure,Git,outputs/d2a_detached_recovery_v1.md,outputs/d2a_detached_recovery_v1.md,2190,ec7a1615590a99b5f258ffea482a63fcc75811ee5a45c5f503b19700c2734dcb,Read current small bytes
04_full400_unfinished_and_scoped_figure,Git,outputs/d2a_full_grid_acceptance_review_v1.json,outputs/d2a_full_grid_acceptance_review_v1.json,11753,9e37f8b332abce31b522468de883d5e1d7a5759f1aead4a95f3b5b40bca31c05,Read current small bytes
04_full400_unfinished_and_scoped_figure,Git,outputs/d2a_full_grid_acceptance_review_v1.md,outputs/d2a_full_grid_acceptance_review_v1.md,10092,92ce644380eef88c02eef282eac884823edd62dd7e00163fb8e39b23c2f8deed,Read current small bytes
04_full400_unfinished_and_scoped_figure,Git,outputs/d2a_full_grid_acceptance_v1.py,outputs/d2a_full_grid_acceptance_v1.py,25707,679747acb45427d19977f49691f1c8a951875855f7bb01d3f8d3e2a093c296a2,Read current small bytes
04_full400_unfinished_and_scoped_figure,Git,outputs/d2a_full_grid_acceptance_v2.py,outputs/d2a_full_grid_acceptance_v2.py,27124,25703242972718b3a3fd6f924dacc5dd1c67b03a51518d74aa5a882412d3ab15,Read current small bytes
04_full400_unfinished_and_scoped_figure,Git,outputs/d2a_mean_risk_review_v1.md,outputs/d2a_mean_risk_review_v1.md,16075,6a9cfb8009d2b424dfd29130c3d9140478531aeb74b326e917881eb35d7fe924,Read current small bytes
04_full400_unfinished_and_scoped_figure,Git,outputs/d2a_metadata_guard_fix_v1.json,outputs/d2a_metadata_guard_fix_v1.json,8652,b73386b8dd4f1c57f8d7301bb13edb7a44a5b77d6750f13ab91eb573acccb703,Read current small bytes
04_full400_unfinished_and_scoped_figure,Git,outputs/d2a_metadata_guard_fix_v1.md,outputs/d2a_metadata_guard_fix_v1.md,5408,da857c8ed4217e62f97c767f67b0470d6364f4424cdea951b905d56781e8a002,Read current small bytes
04_full400_unfinished_and_scoped_figure,Git,outputs/d2a_metadata_guard_root_acceptance_v1.json,outputs/d2a_metadata_guard_root_acceptance_v1.json,2781,6dadf6a0d6faea50fdd1d84aabae0c3ae58285fdf72a887c67e8ce3161702e0e,Read current small bytes
04_full400_unfinished_and_scoped_figure,Git,outputs/d2a_metadata_guard_root_acceptance_v1.md,outputs/d2a_metadata_guard_root_acceptance_v1.md,1410,b3d8ce4a5ef8f55d8be708463ea41f16efafbbb9d1f263c6cddce200414a3843,Read current small bytes
03_H160_actual_scoped_science_rehearsal,Git,outputs/d2a_native_owned_case_cleanup_fixture_v1.json,outputs/d2a_native_owned_case_cleanup_fixture_v1.json,926,ae753af25096e7d102490416501d8869754d079e8eca0e5344a8e41e66d94c60,Read current small bytes
03_H160_actual_scoped_science_rehearsal,Git,outputs/d2a_native_owned_case_cleanup_v1.py,outputs/d2a_native_owned_case_cleanup_v1.py,2963,f8f4bde50b121f7be975ade18d2988c66428d5463effde29a8889167efa7d070,Read current small bytes
03_H160_actual_scoped_science_rehearsal,Git,outputs/d2a_pair_rehearsal_logs_e9098928/D2A_H160_TERMINAL_BALANCED_AVERAGE250.stderr.log,outputs/d2a_pair_rehearsal_logs_e9098928/D2A_H160_TERMINAL_BALANCED_AVERAGE250.stderr.log,0,e3b0c44298fc1c149afbf4c8996fb92427ae41e4649b934ca495991b7852b855,Read current small bytes
03_H160_actual_scoped_science_rehearsal,Git,outputs/d2a_pair_rehearsal_logs_e9098928/D2A_H160_TERMINAL_BALANCED_AVERAGE250.stdout.log,outputs/d2a_pair_rehearsal_logs_e9098928/D2A_H160_TERMINAL_BALANCED_AVERAGE250.stdout.log,3909,7cb233b693b67af0f66e4e42db3f842231c7a8687b8a8e3d5083b5ececeb7e79,Read current small bytes
03_H160_actual_scoped_science_rehearsal,Git,outputs/d2a_pair_rehearsal_logs_e9098928/D2A_H160_TERMINAL_BALANCED_AVERAGE250_cleanup_recovery.json,outputs/d2a_pair_rehearsal_logs_e9098928/D2A_H160_TERMINAL_BALANCED_AVERAGE250_cleanup_recovery.json,718,e17baa05d9b9ad59f69fd00d055a57f1ed3f1d138fdca609cb224612a339cf9f,Read current small bytes
03_H160_actual_scoped_science_rehearsal,Git,outputs/d2a_pair_rehearsal_logs_e9098928/D2A_H160_TERMINAL_BALANCED_AVERAGE250_fresh_receipt.json,outputs/d2a_pair_rehearsal_logs_e9098928/D2A_H160_TERMINAL_BALANCED_AVERAGE250_fresh_receipt.json,3540,2ae7eadea94432484964ecc4cdafaae5e4f3efec863dbd53fb1b158e0a6bf019,Read current small bytes
03_H160_actual_scoped_science_rehearsal,Git,outputs/d2a_pair_rehearsal_logs_e9098928/D2A_H160_TERMINAL_BALANCED_POINT_LAST_FAST_READ.stderr.log,outputs/d2a_pair_rehearsal_logs_e9098928/D2A_H160_TERMINAL_BALANCED_POINT_LAST_FAST_READ.stderr.log,0,e3b0c44298fc1c149afbf4c8996fb92427ae41e4649b934ca495991b7852b855,Read current small bytes
03_H160_actual_scoped_science_rehearsal,Git,outputs/d2a_pair_rehearsal_logs_e9098928/D2A_H160_TERMINAL_BALANCED_POINT_LAST_FAST_READ.stdout.log,outputs/d2a_pair_rehearsal_logs_e9098928/D2A_H160_TERMINAL_BALANCED_POINT_LAST_FAST_READ.stdout.log,3954,648ce9b3a4acf71c6206ecbd36dc9e056730bffc8fda6b03f0a9d0bdb6c2fdd4,Read current small bytes
03_H160_actual_scoped_science_rehearsal,Git,outputs/d2a_pair_rehearsal_logs_e9098928/D2A_H160_TERMINAL_BALANCED_POINT_LAST_FAST_READ_cleanup_recovery.json,outputs/d2a_pair_rehearsal_logs_e9098928/D2A_H160_TERMINAL_BALANCED_POINT_LAST_FAST_READ_cleanup_recovery.json,728,bcf67882dabcf6f9b70d5743a4c76bff0d0e83f024208562b7636f9a41cc7a4a,Read current small bytes
03_H160_actual_scoped_science_rehearsal,Git,outputs/d2a_pair_rehearsal_logs_e9098928/D2A_H160_TERMINAL_BALANCED_POINT_LAST_FAST_READ_fresh_receipt.json,outputs/d2a_pair_rehearsal_logs_e9098928/D2A_H160_TERMINAL_BALANCED_POINT_LAST_FAST_READ_fresh_receipt.json,3589,a1d8712a0d7ebe6ec3688ba757bc6d92e315946696e3c894a2ed56bf748deada,Read current small bytes
03_H160_actual_scoped_science_rehearsal,Git,outputs/d2a_pair_rehearsal_logs_e9098928/FAILURE_SCOPED_REHEARSAL.json,outputs/d2a_pair_rehearsal_logs_e9098928/FAILURE_SCOPED_REHEARSAL.json,792,7658cafde1de4a8f100509282eb2d2ca21a68b3fc1c245ac82176b63e57e75b3,Read current small bytes
03_H160_actual_scoped_science_rehearsal,Git,outputs/d2a_pair_rehearsal_logs_e9098928/FAILURE_SCOPED_RESUME.json,outputs/d2a_pair_rehearsal_logs_e9098928/FAILURE_SCOPED_RESUME.json,454,97560868ad04d5ede27b1a4c527852bfd3ea28ff9395221aae5be6fea6251492,Read current small bytes
03_H160_actual_scoped_science_rehearsal,Git,outputs/d2a_pair_rehearsal_logs_e9098928/fresh_R1_bootstrap.stderr.log,outputs/d2a_pair_rehearsal_logs_e9098928/fresh_R1_bootstrap.stderr.log,0,e3b0c44298fc1c149afbf4c8996fb92427ae41e4649b934ca495991b7852b855,Read current small bytes
03_H160_actual_scoped_science_rehearsal,Git,outputs/d2a_pair_rehearsal_logs_e9098928/fresh_R1_bootstrap.stdout.log,outputs/d2a_pair_rehearsal_logs_e9098928/fresh_R1_bootstrap.stdout.log,835,66dd5837b2b14c0d6ccfea3b7685e7d91e09af41d5812da087d076dc57d0c40b,Read current small bytes
03_H160_actual_scoped_science_rehearsal,Git,outputs/d2a_pair_rehearsal_logs_e9098928/fresh_R1_bootstrap_receipt.json,outputs/d2a_pair_rehearsal_logs_e9098928/fresh_R1_bootstrap_receipt.json,125244,afbfbe946fc965f9727aa706d9edc82e87d7c72c4b3901adfea510f30ed90040,Read current small bytes
04_full400_unfinished_and_scoped_figure,snapshot_only,outputs/d2a_partial_first_success_v1.json,outputs/d2a_partial_first_success_v1.json,46892,,Existing prior receipt/index only; no big bytes read this task
04_full400_unfinished_and_scoped_figure,Git,outputs/d2a_partial_first_success_v1.md,outputs/d2a_partial_first_success_v1.md,2154,8949943b8e1df3bf4605480058719aed5cb65370b12ac2dfe871570bfc11682a,Read current small bytes
04_full400_unfinished_and_scoped_figure,Git,outputs/d2a_partial_first_success_v1.py,outputs/d2a_partial_first_success_v1.py,2318,fe0b6f7935106fbb81b586cbd453631fdeced85af7e09d681bda210debf9a41c,Read current small bytes
04_full400_unfinished_and_scoped_figure,Git,outputs/d2a_protocol_v1.md,outputs/d2a_protocol_v1.md,10575,ea3befdf916b9f630e5f151563045c6304b6fccb3fed8cb527332be0093b0c12,Read current small bytes
04_full400_unfinished_and_scoped_figure,Git,outputs/d2a_readout_figure_caption_v1.md,outputs/d2a_readout_figure_caption_v1.md,2472,f6c0414ef4bbd5737e2e5253caf878d6b0801d20e933718939c8832bf8cf10d5,Read current small bytes
04_full400_unfinished_and_scoped_figure,Git,outputs/d2a_readout_figure_data_v1.json,outputs/d2a_readout_figure_data_v1.json,186661,8022e863c9b74179f01c3452e0028ab489aa84b7111823b8bd811aab2a816e97,Read current small bytes
04_full400_unfinished_and_scoped_figure,Git,outputs/d2a_readout_figure_grayscale_v1.png,outputs/d2a_readout_figure_grayscale_v1.png,27954,63026f4050696cab74f7a89988b2eb26241857e169403482e8d31184fd531c02,Read current small bytes
04_full400_unfinished_and_scoped_figure,Git,outputs/d2a_readout_figure_plan_v1.md,outputs/d2a_readout_figure_plan_v1.md,1596,f5998c02e58c192368b342f6f2e006987df5a044024dbc87eaa3f7ae7dd5739c,Read current small bytes
04_full400_unfinished_and_scoped_figure,Git,outputs/d2a_readout_figure_preview_v1.png,outputs/d2a_readout_figure_preview_v1.png,61263,b3ed81bcee3ec43717bb44c3beafc7a2dcfa2598a72c291ddd680ed4f8aa9d74,Read current small bytes
04_full400_unfinished_and_scoped_figure,Git,outputs/d2a_readout_figure_qa_v1.json,outputs/d2a_readout_figure_qa_v1.json,478,d5fd3fb017c077b78b5f3876f9b87cd80721db43cb2900497d1732276273bb77,Read current small bytes
04_full400_unfinished_and_scoped_figure,Git,outputs/d2a_readout_figure_review_v1.json,outputs/d2a_readout_figure_review_v1.json,18142,5103a9e1d85c09535b2908de88fa575349b0cc40c0143f28b80a3e422ec5b3e5,Read current small bytes
04_full400_unfinished_and_scoped_figure,Git,outputs/d2a_readout_figure_review_v1.md,outputs/d2a_readout_figure_review_v1.md,7339,f22a4dca7c3186f19715267779fe8cfe31c0292f06ae04a0143dc63a1d3e5022,Read current small bytes
04_full400_unfinished_and_scoped_figure,Git,outputs/d2a_readout_figure_v1.pdf,outputs/d2a_readout_figure_v1.pdf,43075,999fa810669c21de84592649f8fc59325db5ca424303406c88bac5aef53b4767,Read current small bytes
04_full400_unfinished_and_scoped_figure,Git,outputs/d2a_readout_figure_v1.png,outputs/d2a_readout_figure_v1.png,274221,b30e5f31296e75473e12c0bacb711cb3be08f9a25517a8e98f12733d1021c45b,Read current small bytes
04_full400_unfinished_and_scoped_figure,Git,outputs/d2a_readout_figure_v1.py,outputs/d2a_readout_figure_v1.py,4529,a427d7ac369d0038fe4783ed745ff0f77b0545606aea723153ab2e1455a68263,Read current small bytes
04_full400_unfinished_and_scoped_figure,Git,outputs/d2a_readout_figure_v1.svg,outputs/d2a_readout_figure_v1.svg,30685,62fb7a0df76215e0310b21409be7dd0744d7fbf3fe9a0ad4f477fa673cd53428,Read current small bytes
04_full400_unfinished_and_scoped_figure,Git,outputs/d2a_recovery_index_v1.md,outputs/d2a_recovery_index_v1.md,9107,b0d8eef6f96096aa0c02594d6329c7357b7e4d1e4c75b1e7e806d9eab78de9bf,Read current small bytes
04_full400_unfinished_and_scoped_figure,Git,outputs/d2a_remainder_priority_assessment_v1.json,outputs/d2a_remainder_priority_assessment_v1.json,167313,77394c638e9e7756569f88c2bc7150f8d195e868eb66ed2756a916af0fca6fa5,Read current small bytes
04_full400_unfinished_and_scoped_figure,Git,outputs/d2a_remainder_priority_assessment_v1.md,outputs/d2a_remainder_priority_assessment_v1.md,8330,63b116e79d769d3758a229806e18cd309e74ece913a5dd501a95ac1328cd9266,Read current small bytes
04_full400_unfinished_and_scoped_figure,Git,outputs/d2a_remainder_priority_assessment_v1.py,outputs/d2a_remainder_priority_assessment_v1.py,10606,7fea57b41013ae1895b78c24ce0207db09f60ed784bbf35f3ce7848bda7377f3,Read current small bytes
04_full400_unfinished_and_scoped_figure,Git,outputs/d2a_runner_finite_audit_v1.json,outputs/d2a_runner_finite_audit_v1.json,1859,e6668cca6b53078aa6eb3d5e16264b58b136f1d15ff8ccd03eb80b713a5a7b03,Read current small bytes
04_full400_unfinished_and_scoped_figure,Git,outputs/d2a_runner_finite_audit_v1.md,outputs/d2a_runner_finite_audit_v1.md,3100,c80ddef88169354b1c3a622ba9d751e1aefb3fc1617d4e634911dfecfd590ede,Read current small bytes
02_runtime_checkpoint_v1_historical,Git,outputs/d2a_runtime_checkpoint_v1/.gitattributes,outputs/d2a_runtime_checkpoint_v1/.gitattributes,8,705fd4d6451a31d36b3df7de96f83f30ac976c9b4a6d1e51671d8e2f33e2d0da,Read current small bytes
02_runtime_checkpoint_v1_historical,Git,outputs/d2a_runtime_checkpoint_v1/MANIFEST_SHA256.json,outputs/d2a_runtime_checkpoint_v1/MANIFEST_SHA256.json,83497,13e6aed87eee6eb422ff680946c68aada226f849f1de1562e9f811fcfb6b0005,Read current small bytes
02_runtime_checkpoint_v1_historical,Git,outputs/d2a_runtime_checkpoint_v1/MANIFEST_SHA256.sha256,outputs/d2a_runtime_checkpoint_v1/MANIFEST_SHA256.sha256,65,946483a7aeee0f5cf97f9904ecb38f684706d0d9fb084343046c55679b29ca7c,Read current small bytes
02_runtime_checkpoint_v1_historical,Git,outputs/d2a_runtime_checkpoint_v1/README.md,outputs/d2a_runtime_checkpoint_v1/README.md,5229,3927341d95876d6d160337c90303e7b88cf0066c42531881a11fd8da219c28d6,Read current small bytes
02_runtime_checkpoint_v1_historical,Git,outputs/d2a_runtime_checkpoint_v1/SNAPSHOT_METADATA.json,outputs/d2a_runtime_checkpoint_v1/SNAPSHOT_METADATA.json,32428,37a24c0630459e1c82221a0c928d474372b88780403129f0bf646f6a6190a14d,Read current small bytes
02_runtime_checkpoint_v1_historical,Git,outputs/d2a_runtime_checkpoint_v1/outputs/d2a_certificate_progress_v1.md,outputs/d2a_runtime_checkpoint_v1/outputs/d2a_certificate_progress_v1.md,12522,c26db892530196a4f72e292bcc5f50f3ea8687c944742b6798c95a8ac2d36fc7,Read current small bytes
02_runtime_checkpoint_v1_historical,Git,outputs/d2a_runtime_checkpoint_v1/outputs/d2a_detached_recovery_v1.md,outputs/d2a_runtime_checkpoint_v1/outputs/d2a_detached_recovery_v1.md,2190,ec7a1615590a99b5f258ffea482a63fcc75811ee5a45c5f503b19700c2734dcb,Read current small bytes
02_runtime_checkpoint_v1_historical,Git,outputs/d2a_runtime_checkpoint_v1/outputs/d2a_mean_risk_review_v1.md,outputs/d2a_runtime_checkpoint_v1/outputs/d2a_mean_risk_review_v1.md,16075,6a9cfb8009d2b424dfd29130c3d9140478531aeb74b326e917881eb35d7fe924,Read current small bytes
02_runtime_checkpoint_v1_historical,Git,outputs/d2a_runtime_checkpoint_v1/outputs/d2a_partial_first_success_v1.json,outputs/d2a_runtime_checkpoint_v1/outputs/d2a_partial_first_success_v1.json,46782,e83a9f3fd302980975c5d1c04eaa928e3e440c37d20625783401d3ef5138d35f,Read current small bytes
02_runtime_checkpoint_v1_historical,Git,outputs/d2a_runtime_checkpoint_v1/outputs/d2a_partial_first_success_v1.md,outputs/d2a_runtime_checkpoint_v1/outputs/d2a_partial_first_success_v1.md,2154,8949943b8e1df3bf4605480058719aed5cb65370b12ac2dfe871570bfc11682a,Read current small bytes
02_runtime_checkpoint_v1_historical,Git,outputs/d2a_runtime_checkpoint_v1/outputs/d2a_partial_first_success_v1.py,outputs/d2a_runtime_checkpoint_v1/outputs/d2a_partial_first_success_v1.py,3608,7c83403d97418d38e290762d6b6141fe21b4916c8465e706f64b9eafbce03bdc,Read current small bytes
02_runtime_checkpoint_v1_historical,Git,outputs/d2a_runtime_checkpoint_v1/outputs/d2a_protocol_v1.md,outputs/d2a_runtime_checkpoint_v1/outputs/d2a_protocol_v1.md,10575,ea3befdf916b9f630e5f151563045c6304b6fccb3fed8cb527332be0093b0c12,Read current small bytes
02_runtime_checkpoint_v1_historical,Git,outputs/d2a_runtime_checkpoint_v1/outputs/d2a_recovery_index_v1.md,outputs/d2a_runtime_checkpoint_v1/outputs/d2a_recovery_index_v1.md,9107,b0d8eef6f96096aa0c02594d6329c7357b7e4d1e4c75b1e7e806d9eab78de9bf,Read current small bytes
02_runtime_checkpoint_v1_historical,Git,outputs/d2a_runtime_checkpoint_v1/outputs/d2a_runner_finite_audit_v1.json,outputs/d2a_runtime_checkpoint_v1/outputs/d2a_runner_finite_audit_v1.json,1859,e6668cca6b53078aa6eb3d5e16264b58b136f1d15ff8ccd03eb80b713a5a7b03,Read current small bytes
02_runtime_checkpoint_v1_historical,Git,outputs/d2a_runtime_checkpoint_v1/outputs/d2a_runner_finite_audit_v1.md,outputs/d2a_runtime_checkpoint_v1/outputs/d2a_runner_finite_audit_v1.md,3100,c80ddef88169354b1c3a622ba9d751e1aefb3fc1617d4e634911dfecfd590ede,Read current small bytes
02_runtime_checkpoint_v1_historical,Git,outputs/d2a_runtime_checkpoint_v1/outputs/d2a_source_map_v1.md,outputs/d2a_runtime_checkpoint_v1/outputs/d2a_source_map_v1.md,9291,3f37cb71c103b80efe67b56df5f225eed61af13c7ff907faa407a86d38f3bd63,Read current small bytes
02_runtime_checkpoint_v1_historical,Git,outputs/d2a_runtime_checkpoint_v1/verify_manifest.py,outputs/d2a_runtime_checkpoint_v1/verify_manifest.py,1066,d8ead064e8bf920549b71e648d493b04fcad90347c9b242423bf829dc6b99ca2,Read current small bytes
02_runtime_checkpoint_v1_historical,Git,outputs/d2a_runtime_checkpoint_v1/work/d2a_PROTOCOL_v1.json,outputs/d2a_runtime_checkpoint_v1/work/d2a_PROTOCOL_v1.json,5481,0d8bed957fd152c256387c436de9472f878fc54018b2920bee30f04bd14033d6,Read current small bytes
02_runtime_checkpoint_v1_historical,Git,outputs/d2a_runtime_checkpoint_v1/work/d2a_PROTOCOL_v1.sha256,outputs/d2a_runtime_checkpoint_v1/work/d2a_PROTOCOL_v1.sha256,66,44984f15757904ed3f317433ebc6aa4c19d4acc6637363de9de85f9c65ea6dba,Read current small bytes
02_runtime_checkpoint_v1_historical,Git,outputs/d2a_runtime_checkpoint_v1/work/d2a_calendar_inventory.csv,outputs/d2a_runtime_checkpoint_v1/work/d2a_calendar_inventory.csv,42587,f400de04f9b08cdce741f5cf57d7fd9610bb07c6364dd5fb24113cfcce97af41,Read current small bytes
02_runtime_checkpoint_v1_historical,Git,outputs/d2a_runtime_checkpoint_v1/work/d2a_cert_accept_mean_review.py,outputs/d2a_runtime_checkpoint_v1/work/d2a_cert_accept_mean_review.py,2131,7ff003c599c92897cb6d25fdb0c037f5b2f9c7a4e756012e50989d01cecf3b8d,Read current small bytes
02_runtime_checkpoint_v1_historical,Git,outputs/d2a_runtime_checkpoint_v1/work/d2a_cert_atomic_retry_fixture.py,outputs/d2a_runtime_checkpoint_v1/work/d2a_cert_atomic_retry_fixture.py,1317,1464c6f177ca4c00c32afe38b2b2863cf68c82e13390cf96c3c6ae3358b5c334,Read current small bytes
02_runtime_checkpoint_v1_historical,Git,outputs/d2a_runtime_checkpoint_v1/work/d2a_cert_atomic_retry_fixture_results.json,outputs/d2a_runtime_checkpoint_v1/work/d2a_cert_atomic_retry_fixture_results.json,617,0421d46476f4d53b479865ea8a2a714456c352b6b08b2552b8a1de26d6e7a34c,Read current small bytes
02_runtime_checkpoint_v1_historical,Git,outputs/d2a_runtime_checkpoint_v1/work/d2a_cert_audit_fixture_v1.py,outputs/d2a_runtime_checkpoint_v1/work/d2a_cert_audit_fixture_v1.py,7571,e1084c17d7bed9de3e8fae66f6ecfd46afd121ebd58edf76ca1c1fd9a7f9a105,Read current small bytes
02_runtime_checkpoint_v1_historical,Git,outputs/d2a_runtime_checkpoint_v1/work/d2a_cert_audit_fixture_v2.py,outputs/d2a_runtime_checkpoint_v1/work/d2a_cert_audit_fixture_v2.py,11822,2fbe6820035bf34c38b09400156cb43878f31c328a8595a5808b5126ad692363,Read current small bytes
02_runtime_checkpoint_v1_historical,Git,outputs/d2a_runtime_checkpoint_v1/work/d2a_cert_audit_fixture_v3.py,outputs/d2a_runtime_checkpoint_v1/work/d2a_cert_audit_fixture_v3.py,11880,ed97de9a15d004cdc335bab21b26c48af1471278de1862e5a5cbdc215bf3a111,Read current small bytes
02_runtime_checkpoint_v1_historical,Git,outputs/d2a_runtime_checkpoint_v1/work/d2a_cert_audit_fixture_v3_results.json,outputs/d2a_runtime_checkpoint_v1/work/d2a_cert_audit_fixture_v3_results.json,1859,e6668cca6b53078aa6eb3d5e16264b58b136f1d15ff8ccd03eb80b713a5a7b03,Read current small bytes
02_runtime_checkpoint_v1_historical,Git,outputs/d2a_runtime_checkpoint_v1/work/d2a_cert_batch.py,outputs/d2a_runtime_checkpoint_v1/work/d2a_cert_batch.py,18986,4ccd7329f33c893a8bb3f6cea8f0d28dff33b890c6f90fc649bc6cf4bd2e1ee3,Read current small bytes
02_runtime_checkpoint_v1_historical,Git,outputs/d2a_runtime_checkpoint_v1/work/d2a_cert_bind_artifact_hashes.py,outputs/d2a_runtime_checkpoint_v1/work/d2a_cert_bind_artifact_hashes.py,2121,2c5ec2718e00eda010c54b4fce96e20747ff3a72cf1bc0c88e3cb1cf8d5e441a,Read current small bytes
02_runtime_checkpoint_v1_historical,Git,outputs/d2a_runtime_checkpoint_v1/work/d2a_cert_case.py,outputs/d2a_runtime_checkpoint_v1/work/d2a_cert_case.py,20787,b8bc6824a36ddfb021bbeded28a94ea8fca5833d6d170c3972f12512c6f63999,Read current small bytes
02_runtime_checkpoint_v1_historical,Git,outputs/d2a_runtime_checkpoint_v1/work/d2a_cert_direction_preflight.csv,outputs/d2a_runtime_checkpoint_v1/work/d2a_cert_direction_preflight.csv,111611,014c1449966160a201d79210cd476b97e784cabb420dbb519b12ed79d130c3e8,Read current small bytes
02_runtime_checkpoint_v1_historical,Git,outputs/d2a_runtime_checkpoint_v1/work/d2a_cert_launch_via_wmi.ps1,outputs/d2a_runtime_checkpoint_v1/work/d2a_cert_launch_via_wmi.ps1,907,8fdadb125d50d4bb24b0f301af4c2e80838f5f847f996afc27bb7eefc11e51a6,Read current small bytes
02_runtime_checkpoint_v1_historical,Git,outputs/d2a_runtime_checkpoint_v1/work/d2a_cert_make_runtime_snapshot.py,outputs/d2a_runtime_checkpoint_v1/work/d2a_cert_make_runtime_snapshot.py,10730,05c20296c877e6d0407389d2d38c516c0e89876d453682234d5273e6507991d7,Read current small bytes
02_runtime_checkpoint_v1_historical,Git,outputs/d2a_runtime_checkpoint_v1/work/d2a_cert_mean_review_binding.json,outputs/d2a_runtime_checkpoint_v1/work/d2a_cert_mean_review_binding.json,1495,4b7fbd423236f665dec8835520ba2326fb17a968fbcc0fe489499dc611b60fc9,Read current small bytes
02_runtime_checkpoint_v1_historical,Git,outputs/d2a_runtime_checkpoint_v1/work/d2a_cert_partial_first_success.py,outputs/d2a_runtime_checkpoint_v1/work/d2a_cert_partial_first_success.py,3608,7c83403d97418d38e290762d6b6141fe21b4916c8465e706f64b9eafbce03bdc,Read current small bytes
02_runtime_checkpoint_v1_historical,Git,outputs/d2a_runtime_checkpoint_v1/work/d2a_cert_preflight.py,outputs/d2a_runtime_checkpoint_v1/work/d2a_cert_preflight.py,4177,d60ca87a6d6f7329f2e82e268cfbe1a17e64975e895f7494c97a3b20a64c5c13,Read current small bytes
02_runtime_checkpoint_v1_historical,Git,outputs/d2a_runtime_checkpoint_v1/work/d2a_cert_preflight/h100_fixed20_average250.json,outputs/d2a_runtime_checkpoint_v1/work/d2a_cert_preflight/h100_fixed20_average250.json,45051,6e466b05b9949f3829df1c1717bcf959c7721e62c472e12ae12e83869f9783d2,Read current small bytes
02_runtime_checkpoint_v1_historical,Git,outputs/d2a_runtime_checkpoint_v1/work/d2a_cert_preflight/h100_fixed20_point_last_fast_read.json,outputs/d2a_runtime_checkpoint_v1/work/d2a_cert_preflight/h100_fixed20_point_last_fast_read.json,44938,dedef93c5d0f47bde0d2cb1daba9d8a335c1cd871b3cbd180a17f7383bc6d771,Read current small bytes
02_runtime_checkpoint_v1_historical,Git,outputs/d2a_runtime_checkpoint_v1/work/d2a_cert_preflight/h100_fixed40_average250.json,outputs/d2a_runtime_checkpoint_v1/work/d2a_cert_preflight/h100_fixed40_average250.json,56808,ab7605c03637062628e4448060eceb6275744fd9951495fa7f49922e2321b531,Read current small bytes
02_runtime_checkpoint_v1_historical,Git,outputs/d2a_runtime_checkpoint_v1/work/d2a_cert_preflight/h100_fixed40_point_last_fast_read.json,outputs/d2a_runtime_checkpoint_v1/work/d2a_cert_preflight/h100_fixed40_point_last_fast_read.json,56684,f77d75ccba179530d12641dc08a0cc037e44172109992ea1e9bad58dcc88d43d,Read current small bytes
02_runtime_checkpoint_v1_historical,Git,outputs/d2a_runtime_checkpoint_v1/work/d2a_cert_preflight/h100_fixed76_average250.json,outputs/d2a_runtime_checkpoint_v1/work/d2a_cert_preflight/h100_fixed76_average250.json,58784,879b4264e4ac5a92546659682fb533fb18af7a970e8b24634bce6c253f79e074,Read current small bytes
02_runtime_checkpoint_v1_historical,Git,outputs/d2a_runtime_checkpoint_v1/work/d2a_cert_preflight/h100_fixed76_point_last_fast_read.json,outputs/d2a_runtime_checkpoint_v1/work/d2a_cert_preflight/h100_fixed76_point_last_fast_read.json,58690,8f02c78e68477ec6a660f27b704bab286ccfcf1347d6a1f3db2290542eebec70,Read current small bytes
02_runtime_checkpoint_v1_historical,Git,outputs/d2a_runtime_checkpoint_v1/work/d2a_cert_preflight/h100_stay_average250.json,outputs/d2a_runtime_checkpoint_v1/work/d2a_cert_preflight/h100_stay_average250.json,57907,38b08b53dc0db6cda7329ab1e5ec217ce4bbf7945edf83d8807debfa05160cd6,Read current small bytes
02_runtime_checkpoint_v1_historical,Git,outputs/d2a_runtime_checkpoint_v1/work/d2a_cert_preflight/h100_stay_point_last_fast_read.json,outputs/d2a_runtime_checkpoint_v1/work/d2a_cert_preflight/h100_stay_point_last_fast_read.json,57751,6ef5ea7add922716abd75a613c977284c11c2a29df95d19f2eb2b4beccfa6d29,Read current small bytes
02_runtime_checkpoint_v1_historical,Git,outputs/d2a_runtime_checkpoint_v1/work/d2a_cert_preflight/h100_switch_then_stay_S100_average250.json,outputs/d2a_runtime_checkpoint_v1/work/d2a_cert_preflight/h100_switch_then_stay_S100_average250.json,39465,557c7900ae845fc05dbc5850ebae1a05e1611c3268783a402ee777e2fc59c62a,Read current small bytes
02_runtime_checkpoint_v1_historical,Git,outputs/d2a_runtime_checkpoint_v1/work/d2a_cert_preflight/h100_switch_then_stay_S100_point_last_fast_read.json,outputs/d2a_runtime_checkpoint_v1/work/d2a_cert_preflight/h100_switch_then_stay_S100_point_last_fast_read.json,39412,65692ba35308f5ff6e66494a399ca938551ff48b1874c6c61eb5dd609f62634b,Read current small bytes
02_runtime_checkpoint_v1_historical,Git,outputs/d2a_runtime_checkpoint_v1/work/d2a_cert_preflight/h100_switch_then_stay_S20_average250.json,outputs/d2a_runtime_checkpoint_v1/work/d2a_cert_preflight/h100_switch_then_stay_S20_average250.json,57917,a413ff70196e56d17b0db38b8204c0abeb5886d175b37470dbf69033d363ed4c,Read current small bytes
02_runtime_checkpoint_v1_historical,Git,outputs/d2a_runtime_checkpoint_v1/work/d2a_cert_preflight/h100_switch_then_stay_S20_point_last_fast_read.json,outputs/d2a_runtime_checkpoint_v1/work/d2a_cert_preflight/h100_switch_then_stay_S20_point_last_fast_read.json,57761,99d41badd84b11f07d3c2796cf3868b5ce73d9ce7e2cbb01a9293a06881d056f,Read current small bytes
02_runtime_checkpoint_v1_historical,Git,outputs/d2a_runtime_checkpoint_v1/work/d2a_cert_preflight/h100_switch_then_stay_S40_average250.json,outputs/d2a_runtime_checkpoint_v1/work/d2a_cert_preflight/h100_switch_then_stay_S40_average250.json,45055,6cf1bb60f7334da2f61cf79efbde1eb37e3d6b7525cf9ae296475c51c5340fe9,Read current small bytes
02_runtime_checkpoint_v1_historical,Git,outputs/d2a_runtime_checkpoint_v1/work/d2a_cert_preflight/h100_switch_then_stay_S40_point_last_fast_read.json,outputs/d2a_runtime_checkpoint_v1/work/d2a_cert_preflight/h100_switch_then_stay_S40_point_last_fast_read.json,44951,53a6f97de56c11ef01d91fb7d5fa78b9d9dae54487dbabb35d1a12d94c9c4bd1,Read current small bytes
02_runtime_checkpoint_v1_historical,Git,outputs/d2a_runtime_checkpoint_v1/work/d2a_cert_preflight/h100_switch_then_stay_S60_average250.json,outputs/d2a_runtime_checkpoint_v1/work/d2a_cert_preflight/h100_switch_then_stay_S60_average250.json,49646,2a53dfa09d4615f2e0751e024d5d904294b59b63b90b8637a78b9b8083fd39ab,Read current small bytes
02_runtime_checkpoint_v1_historical,Git,outputs/d2a_runtime_checkpoint_v1/work/d2a_cert_preflight/h100_switch_then_stay_S60_point_last_fast_read.json,outputs/d2a_runtime_checkpoint_v1/work/d2a_cert_preflight/h100_switch_then_stay_S60_point_last_fast_read.json,49677,e8969f108acd98107797f5c668a1c206f9e9d98d04c5767e081da6fea8c15b0e,Read current small bytes
02_runtime_checkpoint_v1_historical,Git,outputs/d2a_runtime_checkpoint_v1/work/d2a_cert_preflight/h100_switch_then_stay_S80_average250.json,outputs/d2a_runtime_checkpoint_v1/work/d2a_cert_preflight/h100_switch_then_stay_S80_average250.json,37799,71f6e7b2c2f9dd77d3bfb28e5f847a1aeb2f91a7b402440b155379f2d228d994,Read current small bytes
02_runtime_checkpoint_v1_historical,Git,outputs/d2a_runtime_checkpoint_v1/work/d2a_cert_preflight/h100_switch_then_stay_S80_point_last_fast_read.json,outputs/d2a_runtime_checkpoint_v1/work/d2a_cert_preflight/h100_switch_then_stay_S80_point_last_fast_read.json,37769,8de8a3e7dfad05a9bb8797c108c3b6a55b7760a8af9a6d5ca8289aa12b07a562,Read current small bytes
02_runtime_checkpoint_v1_historical,Git,outputs/d2a_runtime_checkpoint_v1/work/d2a_cert_preflight/h100_terminal_balanced_average250.json,outputs/d2a_runtime_checkpoint_v1/work/d2a_cert_preflight/h100_terminal_balanced_average250.json,39467,51660dc555f113ff1eab45b7708a837c900555ce1fec4c9f6bc64d6ec2db4416,Read current small bytes
02_runtime_checkpoint_v1_historical,Git,outputs/d2a_runtime_checkpoint_v1/work/d2a_cert_preflight/h100_terminal_balanced_point_last_fast_read.json,outputs/d2a_runtime_checkpoint_v1/work/d2a_cert_preflight/h100_terminal_balanced_point_last_fast_read.json,39414,2a8b55e4b4d4ecaadfb94fb2aa007639d2f7eaae3d84ddb7b458805e3d8f884e,Read current small bytes
02_runtime_checkpoint_v1_historical,Git,outputs/d2a_runtime_checkpoint_v1/work/d2a_cert_preflight/h120_fixed20_average250.json,outputs/d2a_runtime_checkpoint_v1/work/d2a_cert_preflight/h120_fixed20_average250.json,58682,c335d1faf425b8d2638b9cf23ff5f0b277bc3116a43fafec1d942c074fb7dead,Read current small bytes
02_runtime_checkpoint_v1_historical,Git,outputs/d2a_runtime_checkpoint_v1/work/d2a_cert_preflight/h120_fixed20_point_last_fast_read.json,outputs/d2a_runtime_checkpoint_v1/work/d2a_cert_preflight/h120_fixed20_point_last_fast_read.json,58735,a3bb49c0a02e5d8914d66e05f5b150c27854d131695b10df2fdb0f939f6a3b49,Read current small bytes
02_runtime_checkpoint_v1_historical,Git,outputs/d2a_runtime_checkpoint_v1/work/d2a_cert_preflight/h120_fixed40_average250.json,outputs/d2a_runtime_checkpoint_v1/work/d2a_cert_preflight/h120_fixed40_average250.json,65354,4194cd32123b7b8f4798f0667c49b2e570fbeea4d5b3047feca5e2b349c49577,Read current small bytes
02_runtime_checkpoint_v1_historical,Git,outputs/d2a_runtime_checkpoint_v1/work/d2a_cert_preflight/h120_fixed40_point_last_fast_read.json,outputs/d2a_runtime_checkpoint_v1/work/d2a_cert_preflight/h120_fixed40_point_last_fast_read.json,65378,ed415a41aa965d6df70ea49d45d1f4897283cb8d054684618debe1b5daf5543f,Read current small bytes
02_runtime_checkpoint_v1_historical,Git,outputs/d2a_runtime_checkpoint_v1/work/d2a_cert_preflight/h120_fixed76_average250.json,outputs/d2a_runtime_checkpoint_v1/work/d2a_cert_preflight/h120_fixed76_average250.json,70860,f503e905535a50b79be4c8d82f63a63c86dd9bf23622b84bb05e855a92549641,Read current small bytes
02_runtime_checkpoint_v1_historical,Git,outputs/d2a_runtime_checkpoint_v1/work/d2a_cert_preflight/h120_fixed76_point_last_fast_read.json,outputs/d2a_runtime_checkpoint_v1/work/d2a_cert_preflight/h120_fixed76_point_last_fast_read.json,70740,9a1b7e46f9258bc07f97abea9d380a60b6e1a958cfd492b1c9232f47f238d274,Read current small bytes
02_runtime_checkpoint_v1_historical,Git,outputs/d2a_runtime_checkpoint_v1/work/d2a_cert_preflight/h120_stay_average250.json,outputs/d2a_runtime_checkpoint_v1/work/d2a_cert_preflight/h120_stay_average250.json,69063,eec5f7d0c6ad6366078647a00e5afd135587bf48e0138658354d24744186a9bc,Read current small bytes
02_runtime_checkpoint_v1_historical,Git,outputs/d2a_runtime_checkpoint_v1/work/d2a_cert_preflight/h120_stay_point_last_fast_read.json,outputs/d2a_runtime_checkpoint_v1/work/d2a_cert_preflight/h120_stay_point_last_fast_read.json,68881,c85681ec4678145ccc358954a9ca8642f8feec7f893a70730166126d34433a32,Read current small bytes
02_runtime_checkpoint_v1_historical,Git,outputs/d2a_runtime_checkpoint_v1/work/d2a_cert_preflight/h120_switch_then_stay_S100_average250.json,outputs/d2a_runtime_checkpoint_v1/work/d2a_cert_preflight/h120_switch_then_stay_S100_average250.json,52120,79fb2214e2b13f9b7746924c78457f0f83adfcd92da5e9aa5dc5a289a4dde84d,Read current small bytes
02_runtime_checkpoint_v1_historical,Git,outputs/d2a_runtime_checkpoint_v1/work/d2a_cert_preflight/h120_switch_then_stay_S100_point_last_fast_read.json,outputs/d2a_runtime_checkpoint_v1/work/d2a_cert_preflight/h120_switch_then_stay_S100_point_last_fast_read.json,52068,5f6d7d361963325eaca4f7ca77fd5e87de06beaabbcafbb05134c81505824b5a,Read current small bytes
02_runtime_checkpoint_v1_historical,Git,outputs/d2a_runtime_checkpoint_v1/work/d2a_cert_preflight/h120_switch_then_stay_S120_average250.json,outputs/d2a_runtime_checkpoint_v1/work/d2a_cert_preflight/h120_switch_then_stay_S120_average250.json,53511,c46c4f69f54a920e62d23c1a0b37552e403131b84d81b9abfb47df82dd692876,Read current small bytes
02_runtime_checkpoint_v1_historical,Git,outputs/d2a_runtime_checkpoint_v1/work/d2a_cert_preflight/h120_switch_then_stay_S120_point_last_fast_read.json,outputs/d2a_runtime_checkpoint_v1/work/d2a_cert_preflight/h120_switch_then_stay_S120_point_last_fast_read.json,53431,0be09bf3d08a584c245a757de5bf5f8254e09052eb8ae2af229f05d69baa629c,Read current small bytes
02_runtime_checkpoint_v1_historical,Git,outputs/d2a_runtime_checkpoint_v1/work/d2a_cert_preflight/h120_switch_then_stay_S20_average250.json,outputs/d2a_runtime_checkpoint_v1/work/d2a_cert_preflight/h120_switch_then_stay_S20_average250.json,69073,6beb571b517c7a24877d2bb385c24ebc9573395ca3ddb82d3b1ae50e89ad5430,Read current small bytes
02_runtime_checkpoint_v1_historical,Git,outputs/d2a_runtime_checkpoint_v1/work/d2a_cert_preflight/h120_switch_then_stay_S20_point_last_fast_read.json,outputs/d2a_runtime_checkpoint_v1/work/d2a_cert_preflight/h120_switch_then_stay_S20_point_last_fast_read.json,68891,a2f9e4ea0833b7835fe21dfc6e7404ec0acc93c420efb72df856450762860bfa,Read current small bytes
02_runtime_checkpoint_v1_historical,Git,outputs/d2a_runtime_checkpoint_v1/work/d2a_cert_preflight/h120_switch_then_stay_S40_average250.json,outputs/d2a_runtime_checkpoint_v1/work/d2a_cert_preflight/h120_switch_then_stay_S40_average250.json,56231,d3b8347f6711bf7bbffbc20aed6af53e82d7ead19db3552cba17c4ec5cf688f9,Read current small bytes
02_runtime_checkpoint_v1_historical,Git,outputs/d2a_runtime_checkpoint_v1/work/d2a_cert_preflight/h120_switch_then_stay_S40_point_last_fast_read.json,outputs/d2a_runtime_checkpoint_v1/work/d2a_cert_preflight/h120_switch_then_stay_S40_point_last_fast_read.json,56101,97845114adc244cda722bfef52cf41e694fe58ac6c37728e24b96eb808f6b1dc,Read current small bytes
02_runtime_checkpoint_v1_historical,Git,outputs/d2a_runtime_checkpoint_v1/work/d2a_cert_preflight/h120_switch_then_stay_S60_average250.json,outputs/d2a_runtime_checkpoint_v1/work/d2a_cert_preflight/h120_switch_then_stay_S60_average250.json,61702,a3959d176b3ccee95b6be0970c904796ab552101f894532e0ac0c0cbcee825b7,Read current small bytes
02_runtime_checkpoint_v1_historical,Git,outputs/d2a_runtime_checkpoint_v1/work/d2a_cert_preflight/h120_switch_then_stay_S60_point_last_fast_read.json,outputs/d2a_runtime_checkpoint_v1/work/d2a_cert_preflight/h120_switch_then_stay_S60_point_last_fast_read.json,61707,b96ff9d114bbf4d99ae97dd65e4073db5b90a6e98dbbbefd561a5f67c87f0efd,Read current small bytes
02_runtime_checkpoint_v1_historical,Git,outputs/d2a_runtime_checkpoint_v1/work/d2a_cert_preflight/h120_switch_then_stay_S80_average250.json,outputs/d2a_runtime_checkpoint_v1/work/d2a_cert_preflight/h120_switch_then_stay_S80_average250.json,49837,134967b17f8e23a43a29f350cc82df51b980403c763a5af50f1aea3cb3ed605d,Read current small bytes
02_runtime_checkpoint_v1_historical,Git,outputs/d2a_runtime_checkpoint_v1/work/d2a_cert_preflight/h120_switch_then_stay_S80_point_last_fast_read.json,outputs/d2a_runtime_checkpoint_v1/work/d2a_cert_preflight/h120_switch_then_stay_S80_point_last_fast_read.json,49781,4dec8f88f47aba97c48c3f998f203fca9099ca3cd16d55a0ba4dbd07ecc376af,Read current small bytes
02_runtime_checkpoint_v1_historical,Git,outputs/d2a_runtime_checkpoint_v1/work/d2a_cert_preflight/h120_terminal_balanced_average250.json,outputs/d2a_runtime_checkpoint_v1/work/d2a_cert_preflight/h120_terminal_balanced_average250.json,53513,e9a774ec480a7106f1354eae37d6ece05029a24ad3c122a8ffddb4004e130b27,Read current small bytes
02_runtime_checkpoint_v1_historical,Git,outputs/d2a_runtime_checkpoint_v1/work/d2a_cert_preflight/h120_terminal_balanced_point_last_fast_read.json,outputs/d2a_runtime_checkpoint_v1/work/d2a_cert_preflight/h120_terminal_balanced_point_last_fast_read.json,53433,1078c31e1428d771aa235e192051589df251e4bd331e46fb0808745b1f961827,Read current small bytes
02_runtime_checkpoint_v1_historical,Git,outputs/d2a_runtime_checkpoint_v1/work/d2a_cert_preflight/h160_fixed20_average250.json,outputs/d2a_runtime_checkpoint_v1/work/d2a_cert_preflight/h160_fixed20_average250.json,79909,6dae7b0e1c42330a35cbbe0e51466c3051ae5b6e119c92eb4838a5a724897de2,Read current small bytes
02_runtime_checkpoint_v1_historical,Git,outputs/d2a_runtime_checkpoint_v1/work/d2a_cert_preflight/h160_fixed20_point_last_fast_read.json,outputs/d2a_runtime_checkpoint_v1/work/d2a_cert_preflight/h160_fixed20_point_last_fast_read.json,79902,f613970a8b5f2bef74c388965970eb108e9513080198a66d8a581809e363c6d8,Read current small bytes
02_runtime_checkpoint_v1_historical,Git,outputs/d2a_runtime_checkpoint_v1/work/d2a_cert_preflight/h160_fixed40_average250.json,outputs/d2a_runtime_checkpoint_v1/work/d2a_cert_preflight/h160_fixed40_average250.json,85038,be7bf2524643b34c12837f4d7f576a62ccd81756deaaa547a6f129ac4bb29304,Read current small bytes
02_runtime_checkpoint_v1_historical,Git,outputs/d2a_runtime_checkpoint_v1/work/d2a_cert_preflight/h160_fixed40_point_last_fast_read.json,outputs/d2a_runtime_checkpoint_v1/work/d2a_cert_preflight/h160_fixed40_point_last_fast_read.json,85064,ca7784ac58a07f9652ffe07c571dc463fa41403e2124b3143eb54b59cf4bfd6b,Read current small bytes
02_runtime_checkpoint_v1_historical,Git,outputs/d2a_runtime_checkpoint_v1/work/d2a_cert_preflight/h160_fixed76_average250.json,outputs/d2a_runtime_checkpoint_v1/work/d2a_cert_preflight/h160_fixed76_average250.json,95092,8a9d77c9e6cde6f5c445c519170ba5f0c55ef95f555b88a0bd289bb0a2499e3f,Read current small bytes
02_runtime_checkpoint_v1_historical,Git,outputs/d2a_runtime_checkpoint_v1/work/d2a_cert_preflight/h160_fixed76_point_last_fast_read.json,outputs/d2a_runtime_checkpoint_v1/work/d2a_cert_preflight/h160_fixed76_point_last_fast_read.json,94908,4646eaef7f2fde9dec6bc74cbefa295a7c68f2ce271ee7681095c6742d13d5f2,Read current small bytes
02_runtime_checkpoint_v1_historical,Git,outputs/d2a_runtime_checkpoint_v1/work/d2a_cert_preflight/h160_stay_average250.json,outputs/d2a_runtime_checkpoint_v1/work/d2a_cert_preflight/h160_stay_average250.json,91379,3238289446a0d3d1c6c07aa44403bc3524b0607dd2f4ae65803b0956ac9f01a6,Read current small bytes
02_runtime_checkpoint_v1_historical,Git,outputs/d2a_runtime_checkpoint_v1/work/d2a_cert_preflight/h160_stay_point_last_fast_read.json,outputs/d2a_runtime_checkpoint_v1/work/d2a_cert_preflight/h160_stay_point_last_fast_read.json,91133,a6dd7288771a24198064c8e6c98d84ab04d9a4251d917d407bcf618159f114ce,Read current small bytes
02_runtime_checkpoint_v1_historical,Git,outputs/d2a_runtime_checkpoint_v1/work/d2a_cert_preflight/h160_switch_then_stay_S100_average250.json,outputs/d2a_runtime_checkpoint_v1/work/d2a_cert_preflight/h160_switch_then_stay_S100_average250.json,76222,6358a55a46c8de1b0442903216803b7b29597a9f5137f1d5d47d07c497545e81,Read current small bytes
02_runtime_checkpoint_v1_historical,Git,outputs/d2a_runtime_checkpoint_v1/work/d2a_cert_preflight/h160_switch_then_stay_S100_point_last_fast_read.json,outputs/d2a_runtime_checkpoint_v1/work/d2a_cert_preflight/h160_switch_then_stay_S100_point_last_fast_read.json,76106,5dcf96226dff5ccea5955f1e976503244f68e311c808d830d6a3be55a5abbb85,Read current small bytes
02_runtime_checkpoint_v1_historical,Git,outputs/d2a_runtime_checkpoint_v1/work/d2a_cert_preflight/h160_switch_then_stay_S120_average250.json,outputs/d2a_runtime_checkpoint_v1/work/d2a_cert_preflight/h160_switch_then_stay_S120_average250.json,78346,8f5ede29e807e85f15f779a228923d2c38b35fc75c9b1fa45d06da432dd942c4,Read current small bytes
02_runtime_checkpoint_v1_historical,Git,outputs/d2a_runtime_checkpoint_v1/work/d2a_cert_preflight/h160_switch_then_stay_S120_point_last_fast_read.json,outputs/d2a_runtime_checkpoint_v1/work/d2a_cert_preflight/h160_switch_then_stay_S120_point_last_fast_read.json,78200,461ae05ec250f4b3d3ac863ca4d92b40545e4b66a0923cd3d1e51f6131218b14,Read current small bytes
02_runtime_checkpoint_v1_historical,Git,outputs/d2a_runtime_checkpoint_v1/work/d2a_cert_preflight/h160_switch_then_stay_S140_average250.json,outputs/d2a_runtime_checkpoint_v1/work/d2a_cert_preflight/h160_switch_then_stay_S140_average250.json,66212,a6d8630485105c123fe4a3501c82f5a1d7941642860eb3b69b6e19757699d5d5,Read current small bytes
02_runtime_checkpoint_v1_historical,Git,outputs/d2a_runtime_checkpoint_v1/work/d2a_cert_preflight/h160_switch_then_stay_S140_point_last_fast_read.json,outputs/d2a_runtime_checkpoint_v1/work/d2a_cert_preflight/h160_switch_then_stay_S140_point_last_fast_read.json,65901,89d3cf9ef8f23c9a5dd7fc984982ec40d6ba9612c32e8cc667087d0945e740b6,Read current small bytes
02_runtime_checkpoint_v1_historical,Git,outputs/d2a_runtime_checkpoint_v1/work/d2a_cert_preflight/h160_switch_then_stay_S160_average250.json,outputs/d2a_runtime_checkpoint_v1/work/d2a_cert_preflight/h160_switch_then_stay_S160_average250.json,67314,52232513ffea67bd6f791b83a8458397add902f62ba16718417ea13708514a1e,Read current small bytes
02_runtime_checkpoint_v1_historical,Git,outputs/d2a_runtime_checkpoint_v1/work/d2a_cert_preflight/h160_switch_then_stay_S160_point_last_fast_read.json,outputs/d2a_runtime_checkpoint_v1/work/d2a_cert_preflight/h160_switch_then_stay_S160_point_last_fast_read.json,67107,d2cd6fc61b8a8e50a0c2201b81953dc57850d75a2c10bbd2630a74e87a665e1a,Read current small bytes
02_runtime_checkpoint_v1_historical,Git,outputs/d2a_runtime_checkpoint_v1/work/d2a_cert_preflight/h160_switch_then_stay_S20_average250.json,outputs/d2a_runtime_checkpoint_v1/work/d2a_cert_preflight/h160_switch_then_stay_S20_average250.json,91389,972ea96cefdb8bbe09f82d3ae7212b67a61bc5324a260f1f4dff218428155cce,Read current small bytes
02_runtime_checkpoint_v1_historical,Git,outputs/d2a_runtime_checkpoint_v1/work/d2a_cert_preflight/h160_switch_then_stay_S20_point_last_fast_read.json,outputs/d2a_runtime_checkpoint_v1/work/d2a_cert_preflight/h160_switch_then_stay_S20_point_last_fast_read.json,91143,fbd77bfbae0ed0f5e88b2cc69764a27e39af6f6709ca100954ccf2882d787e4a,Read current small bytes
02_runtime_checkpoint_v1_historical,Git,outputs/d2a_runtime_checkpoint_v1/work/d2a_cert_preflight/h160_switch_then_stay_S40_average250.json,outputs/d2a_runtime_checkpoint_v1/work/d2a_cert_preflight/h160_switch_then_stay_S40_average250.json,78587,69d1db6b8bc952bd7214b68bb78b9fb7c582c2282cd53f22411ebb6e56ce54dc,Read current small bytes
02_runtime_checkpoint_v1_historical,Git,outputs/d2a_runtime_checkpoint_v1/work/d2a_cert_preflight/h160_switch_then_stay_S40_point_last_fast_read.json,outputs/d2a_runtime_checkpoint_v1/work/d2a_cert_preflight/h160_switch_then_stay_S40_point_last_fast_read.json,78393,45ce82ad81919ddf401e21de11492af33226dd51f2e4764052394e44ec4b3a27,Read current small bytes
02_runtime_checkpoint_v1_historical,Git,outputs/d2a_runtime_checkpoint_v1/work/d2a_cert_preflight/h160_switch_then_stay_S60_average250.json,outputs/d2a_runtime_checkpoint_v1/work/d2a_cert_preflight/h160_switch_then_stay_S60_average250.json,85818,612870d07002e76a690392e13695c687ed2ac57bbcc066bbbad72fed77ce8151,Read current small bytes
02_runtime_checkpoint_v1_historical,Git,outputs/d2a_runtime_checkpoint_v1/work/d2a_cert_preflight/h160_switch_then_stay_S60_point_last_fast_read.json,outputs/d2a_runtime_checkpoint_v1/work/d2a_cert_preflight/h160_switch_then_stay_S60_point_last_fast_read.json,85759,5f30704a70ffd60a90997d471c620cd14632630d1f74e2d325ebd616288482b0,Read current small bytes
02_runtime_checkpoint_v1_historical,Git,outputs/d2a_runtime_checkpoint_v1/work/d2a_cert_preflight/h160_switch_then_stay_S80_average250.json,outputs/d2a_runtime_checkpoint_v1/work/d2a_cert_preflight/h160_switch_then_stay_S80_average250.json,73953,dad5b4afeefb66335928938b89f5b1ac8dbbecc3b353591f1a29be3fb70d77fc,Read current small bytes
02_runtime_checkpoint_v1_historical,Git,outputs/d2a_runtime_checkpoint_v1/work/d2a_cert_preflight/h160_switch_then_stay_S80_point_last_fast_read.json,outputs/d2a_runtime_checkpoint_v1/work/d2a_cert_preflight/h160_switch_then_stay_S80_point_last_fast_read.json,73833,7c392d867309b86e9ee8f068efb010707456fc6f5bbb8bb58477d153d5e877ff,Read current small bytes
02_runtime_checkpoint_v1_historical,Git,outputs/d2a_runtime_checkpoint_v1/work/d2a_cert_preflight/h160_terminal_balanced_average250.json,outputs/d2a_runtime_checkpoint_v1/work/d2a_cert_preflight/h160_terminal_balanced_average250.json,67316,ef64194dfc9e56a02faa07eaa696f49069b80d67fec032735b3f4085450e2688,Read current small bytes
02_runtime_checkpoint_v1_historical,Git,outputs/d2a_runtime_checkpoint_v1/work/d2a_cert_preflight/h160_terminal_balanced_point_last_fast_read.json,outputs/d2a_runtime_checkpoint_v1/work/d2a_cert_preflight/h160_terminal_balanced_point_last_fast_read.json,67109,b2ca9e9979248ef1b24383f42d72aee2d2e12e5b365f6450babeefdb1714b7c6,Read current small bytes
02_runtime_checkpoint_v1_historical,Git,outputs/d2a_runtime_checkpoint_v1/work/d2a_cert_preflight/h200_fixed20_average250.json,outputs/d2a_runtime_checkpoint_v1/work/d2a_cert_preflight/h200_fixed20_average250.json,94700,44b8596013586526975b3b7406fa6b3a9e29d6615355cfb13155203fe77b8786,Read current small bytes
02_runtime_checkpoint_v1_historical,Git,outputs/d2a_runtime_checkpoint_v1/work/d2a_cert_preflight/h200_fixed20_point_last_fast_read.json,outputs/d2a_runtime_checkpoint_v1/work/d2a_cert_preflight/h200_fixed20_point_last_fast_read.json,94804,1c5418f326837c2b9cdc507b4dffb74cbed36ad696e17e8c8e53d1b98c86ddd2,Read current small bytes
02_runtime_checkpoint_v1_historical,Git,outputs/d2a_runtime_checkpoint_v1/work/d2a_cert_preflight/h200_fixed40_average250.json,outputs/d2a_runtime_checkpoint_v1/work/d2a_cert_preflight/h200_fixed40_average250.json,113680,62d3971176259e5198dbf5dd2a632bfcfb80a705b2becfdbbbcc3a7327e7553f,Read current small bytes
02_runtime_checkpoint_v1_historical,Git,outputs/d2a_runtime_checkpoint_v1/work/d2a_cert_preflight/h200_fixed40_point_last_fast_read.json,outputs/d2a_runtime_checkpoint_v1/work/d2a_cert_preflight/h200_fixed40_point_last_fast_read.json,113838,90b4fb9b0d8050cad99b4a0242331f9f66df09438964fa41e0289f62c0444868,Read current small bytes
02_runtime_checkpoint_v1_historical,Git,outputs/d2a_runtime_checkpoint_v1/work/d2a_cert_preflight/h200_fixed76_average250.json,outputs/d2a_runtime_checkpoint_v1/work/d2a_cert_preflight/h200_fixed76_average250.json,120184,00f702efff9143d729e78b25419e101d6b9cad40f800d5d874bef1ed37dede6b,Read current small bytes
02_runtime_checkpoint_v1_historical,Git,outputs/d2a_runtime_checkpoint_v1/work/d2a_cert_preflight/h200_fixed76_point_last_fast_read.json,outputs/d2a_runtime_checkpoint_v1/work/d2a_cert_preflight/h200_fixed76_point_last_fast_read.json,119908,a75c0b0b2107a4b8a54328c050cf90908c2fb26a587a20523427316cb7536031,Read current small bytes
02_runtime_checkpoint_v1_historical,Git,outputs/d2a_runtime_checkpoint_v1/work/d2a_cert_preflight/h200_stay_average250.json,outputs/d2a_runtime_checkpoint_v1/work/d2a_cert_preflight/h200_stay_average250.json,113744,3a5eb39464b3c9ff84d5ea6d84dbeebfbd6393b7d4271b6c3d11a2dfe02d2f94,Read current small bytes
02_runtime_checkpoint_v1_historical,Git,outputs/d2a_runtime_checkpoint_v1/work/d2a_cert_preflight/h200_stay_point_last_fast_read.json,outputs/d2a_runtime_checkpoint_v1/work/d2a_cert_preflight/h200_stay_point_last_fast_read.json,113406,fb590bc1eccdf83ee6426b10810707177930fbe5d7411f7518c2e047d4c773eb,Read current small bytes
02_runtime_checkpoint_v1_historical,Git,outputs/d2a_runtime_checkpoint_v1/work/d2a_cert_preflight/h200_switch_then_stay_S100_average250.json,outputs/d2a_runtime_checkpoint_v1/work/d2a_cert_preflight/h200_switch_then_stay_S100_average250.json,100387,7c906857be45670800c15797aa2ef308292ea40fd7d73189ca4c86e4b5f86542,Read current small bytes
02_runtime_checkpoint_v1_historical,Git,outputs/d2a_runtime_checkpoint_v1/work/d2a_cert_preflight/h200_switch_then_stay_S100_point_last_fast_read.json,outputs/d2a_runtime_checkpoint_v1/work/d2a_cert_preflight/h200_switch_then_stay_S100_point_last_fast_read.json,100179,f76510c4efb6d5f3ab7da05465738147d53b689903245d46ae9b03680d3c66a5,Read current small bytes
02_runtime_checkpoint_v1_historical,Git,outputs/d2a_runtime_checkpoint_v1/work/d2a_cert_preflight/h200_switch_then_stay_S120_average250.json,outputs/d2a_runtime_checkpoint_v1/work/d2a_cert_preflight/h200_switch_then_stay_S120_average250.json,102511,dfdcbe8a937f58e52595146aaf27d2ffcc8ec07a36830aad7d81bb54484bbe0c,Read current small bytes
02_runtime_checkpoint_v1_historical,Git,outputs/d2a_runtime_checkpoint_v1/work/d2a_cert_preflight/h200_switch_then_stay_S120_point_last_fast_read.json,outputs/d2a_runtime_checkpoint_v1/work/d2a_cert_preflight/h200_switch_then_stay_S120_point_last_fast_read.json,102273,25776cf9f55c3210ab270b328c2850eef61fb6ea3fb0bf857ba7d9264022a40b,Read current small bytes
02_runtime_checkpoint_v1_historical,Git,outputs/d2a_runtime_checkpoint_v1/work/d2a_cert_preflight/h200_switch_then_stay_S140_average250.json,outputs/d2a_runtime_checkpoint_v1/work/d2a_cert_preflight/h200_switch_then_stay_S140_average250.json,90363,dce9f6bf0200dafb1e25f25f89d6249e85c302e7c1fc43cc909261ece55581b2,Read current small bytes
02_runtime_checkpoint_v1_historical,Git,outputs/d2a_runtime_checkpoint_v1/work/d2a_cert_preflight/h200_switch_then_stay_S140_point_last_fast_read.json,outputs/d2a_runtime_checkpoint_v1/work/d2a_cert_preflight/h200_switch_then_stay_S140_point_last_fast_read.json,89960,3c5211d49f78b183c3c001afdf7398a0e5c25c59b7bca753c3c0456a83ae4b3e,Read current small bytes
02_runtime_checkpoint_v1_historical,Git,outputs/d2a_runtime_checkpoint_v1/work/d2a_cert_preflight/h200_switch_then_stay_S160_average250.json,outputs/d2a_runtime_checkpoint_v1/work/d2a_cert_preflight/h200_switch_then_stay_S160_average250.json,92723,4fb0be131d0955f26bed7812c18d19058f707dcd72504b5a79bb41b56e95b1b8,Read current small bytes
02_runtime_checkpoint_v1_historical,Git,outputs/d2a_runtime_checkpoint_v1/work/d2a_cert_preflight/h200_switch_then_stay_S160_point_last_fast_read.json,outputs/d2a_runtime_checkpoint_v1/work/d2a_cert_preflight/h200_switch_then_stay_S160_point_last_fast_read.json,92738,ba0e5d4434c29e673e424b85e1f7913b7ee2e2e2ea431d3c14567fc70d5c80b1,Read current small bytes
02_runtime_checkpoint_v1_historical,Git,outputs/d2a_runtime_checkpoint_v1/work/d2a_cert_preflight/h200_switch_then_stay_S180_average250.json,outputs/d2a_runtime_checkpoint_v1/work/d2a_cert_preflight/h200_switch_then_stay_S180_average250.json,96489,d799f1fbdc557d5ee9d8b0cbf9697ead4f360b6ba99db9a239f57fdea48cc77b,Read current small bytes
02_runtime_checkpoint_v1_historical,Git,outputs/d2a_runtime_checkpoint_v1/work/d2a_cert_preflight/h200_switch_then_stay_S180_point_last_fast_read.json,outputs/d2a_runtime_checkpoint_v1/work/d2a_cert_preflight/h200_switch_then_stay_S180_point_last_fast_read.json,96526,6efe87cdf29244c902e90b825e3751453f104213dbf54b6b419d6676a21212fb,Read current small bytes
02_runtime_checkpoint_v1_historical,Git,outputs/d2a_runtime_checkpoint_v1/work/d2a_cert_preflight/h200_switch_then_stay_S200_average250.json,outputs/d2a_runtime_checkpoint_v1/work/d2a_cert_preflight/h200_switch_then_stay_S200_average250.json,80502,fda42c7b5c2bdb7f950e473551d0bd76fdf62861dc8b7bbd7c22e6371418ca0f,Read current small bytes
02_runtime_checkpoint_v1_historical,Git,outputs/d2a_runtime_checkpoint_v1/work/d2a_cert_preflight/h200_switch_then_stay_S200_point_last_fast_read.json,outputs/d2a_runtime_checkpoint_v1/work/d2a_cert_preflight/h200_switch_then_stay_S200_point_last_fast_read.json,80487,d3e519a62187b7918bbb632be41046929ff6d04ed5d533779a3c806dcceb2453,Read current small bytes
02_runtime_checkpoint_v1_historical,Git,outputs/d2a_runtime_checkpoint_v1/work/d2a_cert_preflight/h200_switch_then_stay_S20_average250.json,outputs/d2a_runtime_checkpoint_v1/work/d2a_cert_preflight/h200_switch_then_stay_S20_average250.json,113754,722dba78658ab74aab97e8e812345a9f3df06e34e18902b5034e675f22d7ca85,Read current small bytes
02_runtime_checkpoint_v1_historical,Git,outputs/d2a_runtime_checkpoint_v1/work/d2a_cert_preflight/h200_switch_then_stay_S20_point_last_fast_read.json,outputs/d2a_runtime_checkpoint_v1/work/d2a_cert_preflight/h200_switch_then_stay_S20_point_last_fast_read.json,113416,d74a7e5fc121f384e1bfc08f01155b5b91658913289a70b6f2ed0b48378a6591,Read current small bytes
02_runtime_checkpoint_v1_historical,Git,outputs/d2a_runtime_checkpoint_v1/work/d2a_cert_preflight/h200_switch_then_stay_S40_average250.json,outputs/d2a_runtime_checkpoint_v1/work/d2a_cert_preflight/h200_switch_then_stay_S40_average250.json,100992,15316db1b2dd79947d52a0ecc2cd997f40084fe9e164d3ec4620c020f379479f,Read current small bytes
02_runtime_checkpoint_v1_historical,Git,outputs/d2a_runtime_checkpoint_v1/work/d2a_cert_preflight/h200_switch_then_stay_S40_point_last_fast_read.json,outputs/d2a_runtime_checkpoint_v1/work/d2a_cert_preflight/h200_switch_then_stay_S40_point_last_fast_read.json,100706,d8af8ecac06cce8de12c92572ab8d7738755619d0327d72e139ca7ea99f5bd4d,Read current small bytes
02_runtime_checkpoint_v1_historical,Git,outputs/d2a_runtime_checkpoint_v1/work/d2a_cert_preflight/h200_switch_then_stay_S60_average250.json,outputs/d2a_runtime_checkpoint_v1/work/d2a_cert_preflight/h200_switch_then_stay_S60_average250.json,109983,9d9b5b37bfda6eaa46abf703a1e4522666b3a1807cf4bc8aa827a008e61a7cc1,Read current small bytes
02_runtime_checkpoint_v1_historical,Git,outputs/d2a_runtime_checkpoint_v1/work/d2a_cert_preflight/h200_switch_then_stay_S60_point_last_fast_read.json,outputs/d2a_runtime_checkpoint_v1/work/d2a_cert_preflight/h200_switch_then_stay_S60_point_last_fast_read.json,109832,d9e44dcd74afb345ea3296951fedd3dade421119161d6c07fa57d01b472e3f06,Read current small bytes
02_runtime_checkpoint_v1_historical,Git,outputs/d2a_runtime_checkpoint_v1/work/d2a_cert_preflight/h200_switch_then_stay_S80_average250.json,outputs/d2a_runtime_checkpoint_v1/work/d2a_cert_preflight/h200_switch_then_stay_S80_average250.json,98118,653c1348737e746c618fb13d86996d3700590328a174466b1cf61a3911a63fa1,Read current small bytes
02_runtime_checkpoint_v1_historical,Git,outputs/d2a_runtime_checkpoint_v1/work/d2a_cert_preflight/h200_switch_then_stay_S80_point_last_fast_read.json,outputs/d2a_runtime_checkpoint_v1/work/d2a_cert_preflight/h200_switch_then_stay_S80_point_last_fast_read.json,97906,5a4eedb4a1389e23c3940626f53e04fbabd092ac5fd1aa053ea7ad80c5ae2a6f,Read current small bytes
02_runtime_checkpoint_v1_historical,Git,outputs/d2a_runtime_checkpoint_v1/work/d2a_cert_preflight/h200_terminal_balanced_average250.json,outputs/d2a_runtime_checkpoint_v1/work/d2a_cert_preflight/h200_terminal_balanced_average250.json,80504,8c80a5f54df854d28bfc307b8786be38a130f67a3e15cfcd3e0ef4b89be14a66,Read current small bytes
02_runtime_checkpoint_v1_historical,Git,outputs/d2a_runtime_checkpoint_v1/work/d2a_cert_preflight/h200_terminal_balanced_point_last_fast_read.json,outputs/d2a_runtime_checkpoint_v1/work/d2a_cert_preflight/h200_terminal_balanced_point_last_fast_read.json,80489,8fac2a1148c81072f6edd4002ae76566dd0653227995adb692ee31d327da9e83,Read current small bytes
02_runtime_checkpoint_v1_historical,Git,outputs/d2a_runtime_checkpoint_v1/work/d2a_cert_preflight/h240_fixed20_average250.json,outputs/d2a_runtime_checkpoint_v1/work/d2a_cert_preflight/h240_fixed20_average250.json,116346,148076495eaf668b70571169382b5d2c12e7dfa9d95b4b214e1fa0ae5c7b60b9,Read current small bytes
02_runtime_checkpoint_v1_historical,Git,outputs/d2a_runtime_checkpoint_v1/work/d2a_cert_preflight/h240_fixed20_point_last_fast_read.json,outputs/d2a_runtime_checkpoint_v1/work/d2a_cert_preflight/h240_fixed20_point_last_fast_read.json,116432,e9eaf079cca4d269297bb131ab5189a2a79d5a0d782c9140c2b8b64850702faa,Read current small bytes
02_runtime_checkpoint_v1_historical,Git,outputs/d2a_runtime_checkpoint_v1/work/d2a_cert_preflight/h240_fixed40_average250.json,outputs/d2a_runtime_checkpoint_v1/work/d2a_cert_preflight/h240_fixed40_average250.json,139015,bec7e679fe7c9827080b4249713cde35517d9a81d4e64e49a444bee076468010,Read current small bytes
02_runtime_checkpoint_v1_historical,Git,outputs/d2a_runtime_checkpoint_v1/work/d2a_cert_preflight/h240_fixed40_point_last_fast_read.json,outputs/d2a_runtime_checkpoint_v1/work/d2a_cert_preflight/h240_fixed40_point_last_fast_read.json,138754,d25aac4a8fa7ecb38e06c1a0a0c5f658f963f725b655623fbcfa73e650572f31,Read current small bytes
02_runtime_checkpoint_v1_historical,Git,outputs/d2a_runtime_checkpoint_v1/work/d2a_cert_preflight/h240_fixed76_average250.json,outputs/d2a_runtime_checkpoint_v1/work/d2a_cert_preflight/h240_fixed76_average250.json,144834,b35133c7b8088c985738fde1ceb1e27e9e6113f50bfff745753b389a50e44b4b,Read current small bytes
02_runtime_checkpoint_v1_historical,Git,outputs/d2a_runtime_checkpoint_v1/work/d2a_cert_preflight/h240_fixed76_point_last_fast_read.json,outputs/d2a_runtime_checkpoint_v1/work/d2a_cert_preflight/h240_fixed76_point_last_fast_read.json,144505,b3bab775122989a476a9a85fc5d3e8ad40611f589755455d9b6ca67af985050c,Read current small bytes
02_runtime_checkpoint_v1_historical,Git,outputs/d2a_runtime_checkpoint_v1/work/d2a_cert_preflight/h240_stay_average250.json,outputs/d2a_runtime_checkpoint_v1/work/d2a_cert_preflight/h240_stay_average250.json,136170,e979a5e320bb81572a63d6e1db7d04be60f966030b8289e8a6658ea2e0f3be09,Read current small bytes
02_runtime_checkpoint_v1_historical,Git,outputs/d2a_runtime_checkpoint_v1/work/d2a_cert_preflight/h240_stay_point_last_fast_read.json,outputs/d2a_runtime_checkpoint_v1/work/d2a_cert_preflight/h240_stay_point_last_fast_read.json,135730,11da8e80a480b77211b723a80413ea061f4141c06695f4bae200d1152f78e539,Read current small bytes
02_runtime_checkpoint_v1_historical,Git,outputs/d2a_runtime_checkpoint_v1/work/d2a_cert_preflight/h240_switch_then_stay_S100_average250.json,outputs/d2a_runtime_checkpoint_v1/work/d2a_cert_preflight/h240_switch_then_stay_S100_average250.json,124613,46f014643154b6dac8c7e178dc385ef3254a429f5e0417d037ac2c17af2d184c,Read current small bytes
02_runtime_checkpoint_v1_historical,Git,outputs/d2a_runtime_checkpoint_v1/work/d2a_cert_preflight/h240_switch_then_stay_S100_point_last_fast_read.json,outputs/d2a_runtime_checkpoint_v1/work/d2a_cert_preflight/h240_switch_then_stay_S100_point_last_fast_read.json,124303,f489e4541867d072c67266d5caaba0aaa1475e9597b25dcdbf4d2ed43eda9c48,Read current small bytes
02_runtime_checkpoint_v1_historical,Git,outputs/d2a_runtime_checkpoint_v1/work/d2a_cert_preflight/h240_switch_then_stay_S120_average250.json,outputs/d2a_runtime_checkpoint_v1/work/d2a_cert_preflight/h240_switch_then_stay_S120_average250.json,126737,7ae36b3512649b7613feaec034cdc8d30e96e73f3833cca3625173b92d241ace,Read current small bytes
02_runtime_checkpoint_v1_historical,Git,outputs/d2a_runtime_checkpoint_v1/work/d2a_cert_preflight/h240_switch_then_stay_S120_point_last_fast_read.json,outputs/d2a_runtime_checkpoint_v1/work/d2a_cert_preflight/h240_switch_then_stay_S120_point_last_fast_read.json,126397,92c054e4b47d9194528b9f55f72b4c782faf35aff033bfeacda8abae8fed7c01,Read current small bytes
02_runtime_checkpoint_v1_historical,Git,outputs/d2a_runtime_checkpoint_v1/work/d2a_cert_preflight/h240_switch_then_stay_S140_average250.json,outputs/d2a_runtime_checkpoint_v1/work/d2a_cert_preflight/h240_switch_then_stay_S140_average250.json,114589,4ef61f5676154d69d06f67b3e8a06ea46f78d47755c56bc37df46a5a5ac54f34,Read current small bytes
02_runtime_checkpoint_v1_historical,Git,outputs/d2a_runtime_checkpoint_v1/work/d2a_cert_preflight/h240_switch_then_stay_S140_point_last_fast_read.json,outputs/d2a_runtime_checkpoint_v1/work/d2a_cert_preflight/h240_switch_then_stay_S140_point_last_fast_read.json,114084,7c1da471d9c515cc94c777e13047ef81d1616bf5f090f3f98743e32c654d9181,Read current small bytes
02_runtime_checkpoint_v1_historical,Git,outputs/d2a_runtime_checkpoint_v1/work/d2a_cert_preflight/h240_switch_then_stay_S160_average250.json,outputs/d2a_runtime_checkpoint_v1/work/d2a_cert_preflight/h240_switch_then_stay_S160_average250.json,116949,b84c9645f31be4677835a3a74564d05b4dfc543dee6f5a7a2940bd3ee100c23b,Read current small bytes
02_runtime_checkpoint_v1_historical,Git,outputs/d2a_runtime_checkpoint_v1/work/d2a_cert_preflight/h240_switch_then_stay_S160_point_last_fast_read.json,outputs/d2a_runtime_checkpoint_v1/work/d2a_cert_preflight/h240_switch_then_stay_S160_point_last_fast_read.json,116862,cef86e8d5f848069155b26c2e324ee2d0d4ba9f3a420ac5233b9f84d654a66ec,Read current small bytes
02_runtime_checkpoint_v1_historical,Git,outputs/d2a_runtime_checkpoint_v1/work/d2a_cert_preflight/h240_switch_then_stay_S180_average250.json,outputs/d2a_runtime_checkpoint_v1/work/d2a_cert_preflight/h240_switch_then_stay_S180_average250.json,120709,66383e11c7144111504f24a90d0cdc5e9f0a9805b5029fe804cceec2b865a298,Read current small bytes
02_runtime_checkpoint_v1_historical,Git,outputs/d2a_runtime_checkpoint_v1/work/d2a_cert_preflight/h240_switch_then_stay_S180_point_last_fast_read.json,outputs/d2a_runtime_checkpoint_v1/work/d2a_cert_preflight/h240_switch_then_stay_S180_point_last_fast_read.json,120644,be12aa6420600ae9e62bc3cdc3e36ad3e44d8d158ae939400fdac9bc3fb568bc,Read current small bytes
02_runtime_checkpoint_v1_historical,Git,outputs/d2a_runtime_checkpoint_v1/work/d2a_cert_preflight/h240_switch_then_stay_S200_average250.json,outputs/d2a_runtime_checkpoint_v1/work/d2a_cert_preflight/h240_switch_then_stay_S200_average250.json,107541,d437077af8acded09232e3f1424b68cb9a5c3942afe1a2a19305f2ce81a8c67d,Read current small bytes
02_runtime_checkpoint_v1_historical,Git,outputs/d2a_runtime_checkpoint_v1/work/d2a_cert_preflight/h240_switch_then_stay_S200_point_last_fast_read.json,outputs/d2a_runtime_checkpoint_v1/work/d2a_cert_preflight/h240_switch_then_stay_S200_point_last_fast_read.json,107631,de77d903c4da5934f8caf2e11832c9a26ab593b2bf77dbc0ccd9ed864dea2575,Read current small bytes
02_runtime_checkpoint_v1_historical,Git,outputs/d2a_runtime_checkpoint_v1/work/d2a_cert_preflight/h240_switch_then_stay_S20_average250.json,outputs/d2a_runtime_checkpoint_v1/work/d2a_cert_preflight/h240_switch_then_stay_S20_average250.json,136180,e2918714909cd4c3a37bd6e2494ef721558da10c1a78b3985e347b1ba030c35d,Read current small bytes
02_runtime_checkpoint_v1_historical,Git,outputs/d2a_runtime_checkpoint_v1/work/d2a_cert_preflight/h240_switch_then_stay_S20_point_last_fast_read.json,outputs/d2a_runtime_checkpoint_v1/work/d2a_cert_preflight/h240_switch_then_stay_S20_point_last_fast_read.json,135740,20911d83e34d2271531fcd3d07d6896a8b91be1644f50f804606bc8351722e0e,Read current small bytes
02_runtime_checkpoint_v1_historical,Git,outputs/d2a_runtime_checkpoint_v1/work/d2a_cert_preflight/h240_switch_then_stay_S220_average250.json,outputs/d2a_runtime_checkpoint_v1/work/d2a_cert_preflight/h240_switch_then_stay_S220_average250.json,110409,6ff5b1511b1815ceec0f8237236b72b0ce6654289165bd335c6f8f70d683ad4b,Read current small bytes
02_runtime_checkpoint_v1_historical,Git,outputs/d2a_runtime_checkpoint_v1/work/d2a_cert_preflight/h240_switch_then_stay_S220_point_last_fast_read.json,outputs/d2a_runtime_checkpoint_v1/work/d2a_cert_preflight/h240_switch_then_stay_S220_point_last_fast_read.json,110790,ac2ad50216f2139b68a02f02d7ba43efe61640c83fca32b1f2dfb8d645401c64,Read current small bytes
02_runtime_checkpoint_v1_historical,Git,outputs/d2a_runtime_checkpoint_v1/work/d2a_cert_preflight/h240_switch_then_stay_S240_average250.json,outputs/d2a_runtime_checkpoint_v1/work/d2a_cert_preflight/h240_switch_then_stay_S240_average250.json,110691,5ac19ea1e3d17a95cb4788ac5f386072a5d89a6c92cae8393ef71c42440f637e,Read current small bytes
02_runtime_checkpoint_v1_historical,Git,outputs/d2a_runtime_checkpoint_v1/work/d2a_cert_preflight/h240_switch_then_stay_S240_point_last_fast_read.json,outputs/d2a_runtime_checkpoint_v1/work/d2a_cert_preflight/h240_switch_then_stay_S240_point_last_fast_read.json,110454,10820edfed3121e41ec118ea9c0d6fea551d20d390035d4c096dc8c090842ae0,Read current small bytes
02_runtime_checkpoint_v1_historical,Git,outputs/d2a_runtime_checkpoint_v1/work/d2a_cert_preflight/h240_switch_then_stay_S40_average250.json,outputs/d2a_runtime_checkpoint_v1/work/d2a_cert_preflight/h240_switch_then_stay_S40_average250.json,123458,983baca991f14725dd0e359560d5eae9132ed8ffe5027e54f7f29543318b634d,Read current small bytes
02_runtime_checkpoint_v1_historical,Git,outputs/d2a_runtime_checkpoint_v1/work/d2a_cert_preflight/h240_switch_then_stay_S40_point_last_fast_read.json,outputs/d2a_runtime_checkpoint_v1/work/d2a_cert_preflight/h240_switch_then_stay_S40_point_last_fast_read.json,123070,47ac0fb811664166851bd0dd6516841b97fdd5e962e978bfe85dce77a3e9c482,Read current small bytes
02_runtime_checkpoint_v1_historical,Git,outputs/d2a_runtime_checkpoint_v1/work/d2a_cert_preflight/h240_switch_then_stay_S60_average250.json,outputs/d2a_runtime_checkpoint_v1/work/d2a_cert_preflight/h240_switch_then_stay_S60_average250.json,134209,8740665f7695dc158f8b0fdfe37d1974a1b85448db43d0af6980e39dc3f5d17f,Read current small bytes
02_runtime_checkpoint_v1_historical,Git,outputs/d2a_runtime_checkpoint_v1/work/d2a_cert_preflight/h240_switch_then_stay_S60_point_last_fast_read.json,outputs/d2a_runtime_checkpoint_v1/work/d2a_cert_preflight/h240_switch_then_stay_S60_point_last_fast_read.json,133956,e12f60c4aba2262620f768a378f933341192d1b62aeaf46d364810cd297cc8b8,Read current small bytes
02_runtime_checkpoint_v1_historical,Git,outputs/d2a_runtime_checkpoint_v1/work/d2a_cert_preflight/h240_switch_then_stay_S80_average250.json,outputs/d2a_runtime_checkpoint_v1/work/d2a_cert_preflight/h240_switch_then_stay_S80_average250.json,122344,0765e880ee0ac2c6f5647db1a4745842aa85bea603576b703675f4f13bba0908,Read current small bytes
02_runtime_checkpoint_v1_historical,Git,outputs/d2a_runtime_checkpoint_v1/work/d2a_cert_preflight/h240_switch_then_stay_S80_point_last_fast_read.json,outputs/d2a_runtime_checkpoint_v1/work/d2a_cert_preflight/h240_switch_then_stay_S80_point_last_fast_read.json,122030,7908508cda7b3a45273ccf314ae1dbc1a91e2914b2f75e720d98ec40cedb8bd3,Read current small bytes
02_runtime_checkpoint_v1_historical,Git,outputs/d2a_runtime_checkpoint_v1/work/d2a_cert_preflight/h240_terminal_balanced_average250.json,outputs/d2a_runtime_checkpoint_v1/work/d2a_cert_preflight/h240_terminal_balanced_average250.json,110693,dddcc311526b0942a22399f783c82e6062da6e6bb564e6f958b90a8703847b48,Read current small bytes
02_runtime_checkpoint_v1_historical,Git,outputs/d2a_runtime_checkpoint_v1/work/d2a_cert_preflight/h240_terminal_balanced_point_last_fast_read.json,outputs/d2a_runtime_checkpoint_v1/work/d2a_cert_preflight/h240_terminal_balanced_point_last_fast_read.json,110456,7c39826bd504e2827a4db5ba27aed64a30d3994ae29ee61cecaca46377816ed9,Read current small bytes
02_runtime_checkpoint_v1_historical,Git,outputs/d2a_runtime_checkpoint_v1/work/d2a_cert_preflight/h300_fixed20_average250.json,outputs/d2a_runtime_checkpoint_v1/work/d2a_cert_preflight/h300_fixed20_average250.json,144886,62fe576a46e0f5ff00c8b4844633b2d6f5ef8c1ebc18eee4a97e38bd12f0780b,Read current small bytes
02_runtime_checkpoint_v1_historical,Git,outputs/d2a_runtime_checkpoint_v1/work/d2a_cert_preflight/h300_fixed20_point_last_fast_read.json,outputs/d2a_runtime_checkpoint_v1/work/d2a_cert_preflight/h300_fixed20_point_last_fast_read.json,144834,59ca7763360ed6dda7f5130568fe1b20021ff433a66f7248f5c5d9710f052cee,Read current small bytes
02_runtime_checkpoint_v1_historical,Git,outputs/d2a_runtime_checkpoint_v1/work/d2a_cert_preflight/h300_fixed40_average250.json,outputs/d2a_runtime_checkpoint_v1/work/d2a_cert_preflight/h300_fixed40_average250.json,176222,c8c3d1e38e9bfc467d9fa0baf27d3b0ce7e8a374ea934b3ddce32c8307f600fc,Read current small bytes
02_runtime_checkpoint_v1_historical,Git,outputs/d2a_runtime_checkpoint_v1/work/d2a_cert_preflight/h300_fixed40_point_last_fast_read.json,outputs/d2a_runtime_checkpoint_v1/work/d2a_cert_preflight/h300_fixed40_point_last_fast_read.json,175890,e77133b5ee031a6d2f0b662b728fe1bef10c578ad31f3744c691380a8cf49689,Read current small bytes
02_runtime_checkpoint_v1_historical,Git,outputs/d2a_runtime_checkpoint_v1/work/d2a_cert_preflight/h300_fixed76_average250.json,outputs/d2a_runtime_checkpoint_v1/work/d2a_cert_preflight/h300_fixed76_average250.json,186071,3037efeddbe713778b31eedd61c153404b2c57ec569e802c3bf404c9243ba29c,Read current small bytes
02_runtime_checkpoint_v1_historical,Git,outputs/d2a_runtime_checkpoint_v1/work/d2a_cert_preflight/h300_fixed76_point_last_fast_read.json,outputs/d2a_runtime_checkpoint_v1/work/d2a_cert_preflight/h300_fixed76_point_last_fast_read.json,185589,ed24d5631229bac6f0cc7472a774ba6c3766719479252fbff9c3d3a4cb81a359,Read current small bytes
02_runtime_checkpoint_v1_historical,Git,outputs/d2a_runtime_checkpoint_v1/work/d2a_cert_preflight/h300_stay_average250.json,outputs/d2a_runtime_checkpoint_v1/work/d2a_cert_preflight/h300_stay_average250.json,169813,60446f54350bce757114545a90b5872c9bd2a27e9e0f2615cb9368c0b0d1ee64,Read current small bytes
02_runtime_checkpoint_v1_historical,Git,outputs/d2a_runtime_checkpoint_v1/work/d2a_cert_preflight/h300_stay_point_last_fast_read.json,outputs/d2a_runtime_checkpoint_v1/work/d2a_cert_preflight/h300_stay_point_last_fast_read.json,169215,619110fc7e537c3372bb32696085251b0709ad19e426b5dd264d4b6e97cb8870,Read current small bytes
02_runtime_checkpoint_v1_historical,Git,outputs/d2a_runtime_checkpoint_v1/work/d2a_cert_preflight/h300_switch_then_stay_S100_average250.json,outputs/d2a_runtime_checkpoint_v1/work/d2a_cert_preflight/h300_switch_then_stay_S100_average250.json,160956,6e0bfb3e841c1ade42c6751d6b78a2448a2fb5f998dffd1b15542c0ff5eb15d1,Read current small bytes
02_runtime_checkpoint_v1_historical,Git,outputs/d2a_runtime_checkpoint_v1/work/d2a_cert_preflight/h300_switch_then_stay_S100_point_last_fast_read.json,outputs/d2a_runtime_checkpoint_v1/work/d2a_cert_preflight/h300_switch_then_stay_S100_point_last_fast_read.json,160488,a3fdcd12fb6d0ca407a6a0de2905f450bdbbc79064e936d4fb6c54f0def63ac7,Read current small bytes
02_runtime_checkpoint_v1_historical,Git,outputs/d2a_runtime_checkpoint_v1/work/d2a_cert_preflight/h300_switch_then_stay_S120_average250.json,outputs/d2a_runtime_checkpoint_v1/work/d2a_cert_preflight/h300_switch_then_stay_S120_average250.json,163080,4bf4c634063cf66ff4ccc55da6a424d02ef92c5089ab062a5f4c93c8ab65c0b5,Read current small bytes
02_runtime_checkpoint_v1_historical,Git,outputs/d2a_runtime_checkpoint_v1/work/d2a_cert_preflight/h300_switch_then_stay_S120_point_last_fast_read.json,outputs/d2a_runtime_checkpoint_v1/work/d2a_cert_preflight/h300_switch_then_stay_S120_point_last_fast_read.json,162582,4e9cc874f6ce2403e3f8748c3ebc7e2c7a4dddabee2e7e620795ea2f3c974f44,Read current small bytes
02_runtime_checkpoint_v1_historical,Git,outputs/d2a_runtime_checkpoint_v1/work/d2a_cert_preflight/h300_switch_then_stay_S140_average250.json,outputs/d2a_runtime_checkpoint_v1/work/d2a_cert_preflight/h300_switch_then_stay_S140_average250.json,150932,644a1c07d17f823f6666926e715d2e33befe510180d5293681c0ab2265be9d58,Read current small bytes
02_runtime_checkpoint_v1_historical,Git,outputs/d2a_runtime_checkpoint_v1/work/d2a_cert_preflight/h300_switch_then_stay_S140_point_last_fast_read.json,outputs/d2a_runtime_checkpoint_v1/work/d2a_cert_preflight/h300_switch_then_stay_S140_point_last_fast_read.json,150269,c6f6614a69b94fc6ec8c83031e815889d59ba321f5f7ec230ec1a9fd8142bd1e,Read current small bytes
02_runtime_checkpoint_v1_historical,Git,outputs/d2a_runtime_checkpoint_v1/work/d2a_cert_preflight/h300_switch_then_stay_S160_average250.json,outputs/d2a_runtime_checkpoint_v1/work/d2a_cert_preflight/h300_switch_then_stay_S160_average250.json,153292,c50bb595f32bf38a59de63153ca2ded624a9f1d54860413c7bd468d3c09a73fe,Read current small bytes
02_runtime_checkpoint_v1_historical,Git,outputs/d2a_runtime_checkpoint_v1/work/d2a_cert_preflight/h300_switch_then_stay_S160_point_last_fast_read.json,outputs/d2a_runtime_checkpoint_v1/work/d2a_cert_preflight/h300_switch_then_stay_S160_point_last_fast_read.json,153047,a467ca81ce78edeb89aa8feee458123b17de94ec51a97a2e27dc9679800a943e,Read current small bytes
02_runtime_checkpoint_v1_historical,Git,outputs/d2a_runtime_checkpoint_v1/work/d2a_cert_preflight/h300_switch_then_stay_S180_average250.json,outputs/d2a_runtime_checkpoint_v1/work/d2a_cert_preflight/h300_switch_then_stay_S180_average250.json,157052,9bcb99a714eeb9e92a7e5a219c44143252f866de4ffe04e12ca353009763c992,Read current small bytes
02_runtime_checkpoint_v1_historical,Git,outputs/d2a_runtime_checkpoint_v1/work/d2a_cert_preflight/h300_switch_then_stay_S180_point_last_fast_read.json,outputs/d2a_runtime_checkpoint_v1/work/d2a_cert_preflight/h300_switch_then_stay_S180_point_last_fast_read.json,156829,97c2646688d35288de3fd194ae32177e16da83825ed2a447e0946dc2b1463aff,Read current small bytes
02_runtime_checkpoint_v1_historical,Git,outputs/d2a_runtime_checkpoint_v1/work/d2a_cert_preflight/h300_switch_then_stay_S200_average250.json,outputs/d2a_runtime_checkpoint_v1/work/d2a_cert_preflight/h300_switch_then_stay_S200_average250.json,143884,e7a306ab6a794ec8d7115eacc49c122eb84efbd79f1eeb29df190fa2c54f5f66,Read current small bytes
02_runtime_checkpoint_v1_historical,Git,outputs/d2a_runtime_checkpoint_v1/work/d2a_cert_preflight/h300_switch_then_stay_S200_point_last_fast_read.json,outputs/d2a_runtime_checkpoint_v1/work/d2a_cert_preflight/h300_switch_then_stay_S200_point_last_fast_read.json,143816,05a26d60a49670b13f10a6d47ab86c4a42c833f6e495f6e50c83c3018d1ffc71,Read current small bytes
02_runtime_checkpoint_v1_historical,Git,outputs/d2a_runtime_checkpoint_v1/work/d2a_cert_preflight/h300_switch_then_stay_S20_average250.json,outputs/d2a_runtime_checkpoint_v1/work/d2a_cert_preflight/h300_switch_then_stay_S20_average250.json,169823,982e7aacd9e7dd46ffd22cda1c2b245c5305b581bb6c23e51258e98d4400feeb,Read current small bytes
02_runtime_checkpoint_v1_historical,Git,outputs/d2a_runtime_checkpoint_v1/work/d2a_cert_preflight/h300_switch_then_stay_S20_point_last_fast_read.json,outputs/d2a_runtime_checkpoint_v1/work/d2a_cert_preflight/h300_switch_then_stay_S20_point_last_fast_read.json,169225,4d3e307c090ebb0cab69ac997160d6c897784bcc6c0d23b7d29d87e9948b1ad5,Read current small bytes
02_runtime_checkpoint_v1_historical,Git,outputs/d2a_runtime_checkpoint_v1/work/d2a_cert_preflight/h300_switch_then_stay_S220_average250.json,outputs/d2a_runtime_checkpoint_v1/work/d2a_cert_preflight/h300_switch_then_stay_S220_average250.json,146744,61432078970acd1f1ea46716024108177b34640c184088ba86fa31bb76e118ab,Read current small bytes
02_runtime_checkpoint_v1_historical,Git,outputs/d2a_runtime_checkpoint_v1/work/d2a_cert_preflight/h300_switch_then_stay_S220_point_last_fast_read.json,outputs/d2a_runtime_checkpoint_v1/work/d2a_cert_preflight/h300_switch_then_stay_S220_point_last_fast_read.json,147046,94e4ca8cf28e2c21b83f4ad10f60ae74000a66f265d787f4f3ade420114c2951,Read current small bytes
02_runtime_checkpoint_v1_historical,Git,outputs/d2a_runtime_checkpoint_v1/work/d2a_cert_preflight/h300_switch_then_stay_S240_average250.json,outputs/d2a_runtime_checkpoint_v1/work/d2a_cert_preflight/h300_switch_then_stay_S240_average250.json,150340,ccc52b32aefb4e67d19a902bc33ef5f35a6ad835c0dd2d303409f4ee38feefab,Read current small bytes
02_runtime_checkpoint_v1_historical,Git,outputs/d2a_runtime_checkpoint_v1/work/d2a_cert_preflight/h300_switch_then_stay_S240_point_last_fast_read.json,outputs/d2a_runtime_checkpoint_v1/work/d2a_cert_preflight/h300_switch_then_stay_S240_point_last_fast_read.json,149855,023c27fa4e806105c90f7b38850c1382132a423e3f957c16f417fa41ce758fcb,Read current small bytes
02_runtime_checkpoint_v1_historical,Git,outputs/d2a_runtime_checkpoint_v1/work/d2a_cert_preflight/h300_switch_then_stay_S260_average250.json,outputs/d2a_runtime_checkpoint_v1/work/d2a_cert_preflight/h300_switch_then_stay_S260_average250.json,138380,dee20b10101c2228765f5e40bcac85f08b3a9e070b8063706271043465cd6b45,Read current small bytes
02_runtime_checkpoint_v1_historical,Git,outputs/d2a_runtime_checkpoint_v1/work/d2a_cert_preflight/h300_switch_then_stay_S260_point_last_fast_read.json,outputs/d2a_runtime_checkpoint_v1/work/d2a_cert_preflight/h300_switch_then_stay_S260_point_last_fast_read.json,138064,29a52f2410fa95d4f4364b555aedec5541eea1148e1e135b28ed68fb684e2947,Read current small bytes
02_runtime_checkpoint_v1_historical,Git,outputs/d2a_runtime_checkpoint_v1/work/d2a_cert_preflight/h300_switch_then_stay_S280_average250.json,outputs/d2a_runtime_checkpoint_v1/work/d2a_cert_preflight/h300_switch_then_stay_S280_average250.json,139873,b2a51432d2c8b389be1c5942191deffcc6eb08a3b7fff2e7bf146fe552ce624c,Read current small bytes
02_runtime_checkpoint_v1_historical,Git,outputs/d2a_runtime_checkpoint_v1/work/d2a_cert_preflight/h300_switch_then_stay_S280_point_last_fast_read.json,outputs/d2a_runtime_checkpoint_v1/work/d2a_cert_preflight/h300_switch_then_stay_S280_point_last_fast_read.json,139348,3f50742ab3ec776d16f067fb186a06c75cbaa764181ed09750c0ef00adee2657,Read current small bytes
02_runtime_checkpoint_v1_historical,Git,outputs/d2a_runtime_checkpoint_v1/work/d2a_cert_preflight/h300_switch_then_stay_S300_average250.json,outputs/d2a_runtime_checkpoint_v1/work/d2a_cert_preflight/h300_switch_then_stay_S300_average250.json,139508,e03267c6c71bdfa6ef6275fbfb887c44970b390222170e49110b0140921dad0f,Read current small bytes
02_runtime_checkpoint_v1_historical,Git,outputs/d2a_runtime_checkpoint_v1/work/d2a_cert_preflight/h300_switch_then_stay_S300_point_last_fast_read.json,outputs/d2a_runtime_checkpoint_v1/work/d2a_cert_preflight/h300_switch_then_stay_S300_point_last_fast_read.json,138732,5fad5b836ab0875478efc00206dca25705621a1ed211ad15a6ec66ee31169a1e,Read current small bytes
02_runtime_checkpoint_v1_historical,Git,outputs/d2a_runtime_checkpoint_v1/work/d2a_cert_preflight/h300_switch_then_stay_S40_average250.json,outputs/d2a_runtime_checkpoint_v1/work/d2a_cert_preflight/h300_switch_then_stay_S40_average250.json,157161,c83a13785c96765f4fa1f6df728e5a6dc69c261063d3800fdeb94aa0cc7ca10e,Read current small bytes
02_runtime_checkpoint_v1_historical,Git,outputs/d2a_runtime_checkpoint_v1/work/d2a_cert_preflight/h300_switch_then_stay_S40_point_last_fast_read.json,outputs/d2a_runtime_checkpoint_v1/work/d2a_cert_preflight/h300_switch_then_stay_S40_point_last_fast_read.json,156615,eff1cd898cdaa22f70d315cb923dadd0b9d618cccaee84dbb630bd0161dccce9,Read current small bytes
02_runtime_checkpoint_v1_historical,Git,outputs/d2a_runtime_checkpoint_v1/work/d2a_cert_preflight/h300_switch_then_stay_S60_average250.json,outputs/d2a_runtime_checkpoint_v1/work/d2a_cert_preflight/h300_switch_then_stay_S60_average250.json,170552,f61ca4db336af07bd5b0de99d745c733b2a5b0b8bedec630ab4b1c5a07ccfcca,Read current small bytes
02_runtime_checkpoint_v1_historical,Git,outputs/d2a_runtime_checkpoint_v1/work/d2a_cert_preflight/h300_switch_then_stay_S60_point_last_fast_read.json,outputs/d2a_runtime_checkpoint_v1/work/d2a_cert_preflight/h300_switch_then_stay_S60_point_last_fast_read.json,170141,29673d75caf11033980058ccd44ede54f112e4374b5645afcba0937479027d4f,Read current small bytes
02_runtime_checkpoint_v1_historical,Git,outputs/d2a_runtime_checkpoint_v1/work/d2a_cert_preflight/h300_switch_then_stay_S80_average250.json,outputs/d2a_runtime_checkpoint_v1/work/d2a_cert_preflight/h300_switch_then_stay_S80_average250.json,158687,719e863e09d02c839f52a3148f8a88d10d1a2493a99870e37c10ca04afe41410,Read current small bytes
02_runtime_checkpoint_v1_historical,Git,outputs/d2a_runtime_checkpoint_v1/work/d2a_cert_preflight/h300_switch_then_stay_S80_point_last_fast_read.json,outputs/d2a_runtime_checkpoint_v1/work/d2a_cert_preflight/h300_switch_then_stay_S80_point_last_fast_read.json,158215,279f800efe7de9743672c3c697e9e46032ae55d5636f3890ac050b00531b7d77,Read current small bytes
02_runtime_checkpoint_v1_historical,Git,outputs/d2a_runtime_checkpoint_v1/work/d2a_cert_preflight/h300_terminal_balanced_average250.json,outputs/d2a_runtime_checkpoint_v1/work/d2a_cert_preflight/h300_terminal_balanced_average250.json,139510,2302b0c6964dd0dff38a4dce0732acad5cc96d2034c143b017358c30912538d2,Read current small bytes
02_runtime_checkpoint_v1_historical,Git,outputs/d2a_runtime_checkpoint_v1/work/d2a_cert_preflight/h300_terminal_balanced_point_last_fast_read.json,outputs/d2a_runtime_checkpoint_v1/work/d2a_cert_preflight/h300_terminal_balanced_point_last_fast_read.json,138734,55371cbcf935919ab8bd78d6553a72ad0bbadcc3b17aa713a3535a9f9a89d61e,Read current small bytes
02_runtime_checkpoint_v1_historical,Git,outputs/d2a_runtime_checkpoint_v1/work/d2a_cert_preflight/h400_fixed20_average250.json,outputs/d2a_runtime_checkpoint_v1/work/d2a_cert_preflight/h400_fixed20_average250.json,195315,82abfcb708b43f9239dafecdd4317c44c6ed0cf5dda01036c8b648750f866a4e,Read current small bytes
02_runtime_checkpoint_v1_historical,Git,outputs/d2a_runtime_checkpoint_v1/work/d2a_cert_preflight/h400_fixed20_point_last_fast_read.json,outputs/d2a_runtime_checkpoint_v1/work/d2a_cert_preflight/h400_fixed20_point_last_fast_read.json,195154,a29242b2e6e7dc7fae745759f6cd3c9d7736d22ed38d55e50b4340d58499311d,Read current small bytes
02_runtime_checkpoint_v1_historical,Git,outputs/d2a_runtime_checkpoint_v1/work/d2a_cert_preflight/h400_fixed40_average250.json,outputs/d2a_runtime_checkpoint_v1/work/d2a_cert_preflight/h400_fixed40_average250.json,235915,d4565f53856b6b4e8c78a9f655b68609c812983c50be1e028b391c2c77369366,Read current small bytes
02_runtime_checkpoint_v1_historical,Git,outputs/d2a_runtime_checkpoint_v1/work/d2a_cert_preflight/h400_fixed40_point_last_fast_read.json,outputs/d2a_runtime_checkpoint_v1/work/d2a_cert_preflight/h400_fixed40_point_last_fast_read.json,234548,02d12e76a55d9dc3e55645c39941d9ae33db83eb2057ca5b63a05be669560100,Read current small bytes
02_runtime_checkpoint_v1_historical,Git,outputs/d2a_runtime_checkpoint_v1/work/d2a_cert_preflight/h400_fixed76_average250.json,outputs/d2a_runtime_checkpoint_v1/work/d2a_cert_preflight/h400_fixed76_average250.json,256130,8b020e8a90f851b4be8c1958316e0481ebca73fa3077dd13b30a3d28860a605e,Read current small bytes
02_runtime_checkpoint_v1_historical,Git,outputs/d2a_runtime_checkpoint_v1/work/d2a_cert_preflight/h400_fixed76_point_last_fast_read.json,outputs/d2a_runtime_checkpoint_v1/work/d2a_cert_preflight/h400_fixed76_point_last_fast_read.json,255410,819cd66b7359bb9e933eb8762212423ed0c778ca93d7e05f3221d32824dcc90a,Read current small bytes
02_runtime_checkpoint_v1_historical,Git,outputs/d2a_runtime_checkpoint_v1/work/d2a_cert_preflight/h400_stay_average250.json,outputs/d2a_runtime_checkpoint_v1/work/d2a_cert_preflight/h400_stay_average250.json,225908,3b5529289e1011a92a0ea0ed85f24d8c18b8766033b346c6be0717a81edd906d,Read current small bytes
02_runtime_checkpoint_v1_historical,Git,outputs/d2a_runtime_checkpoint_v1/work/d2a_cert_preflight/h400_stay_point_last_fast_read.json,outputs/d2a_runtime_checkpoint_v1/work/d2a_cert_preflight/h400_stay_point_last_fast_read.json,225116,ab003c90871efbbf81266a2d7ac7e0a03a0131fefdd2dc7de2cdc459bf995ae3,Read current small bytes
02_runtime_checkpoint_v1_historical,Git,outputs/d2a_runtime_checkpoint_v1/work/d2a_cert_preflight/h400_switch_then_stay_S100_average250.json,outputs/d2a_runtime_checkpoint_v1/work/d2a_cert_preflight/h400_switch_then_stay_S100_average250.json,221543,bae7d28ffcff1cae4e7382e7c89041f48ffd9cae35b4214cff30cae48e88c2ae,Read current small bytes
02_runtime_checkpoint_v1_historical,Git,outputs/d2a_runtime_checkpoint_v1/work/d2a_cert_preflight/h400_switch_then_stay_S100_point_last_fast_read.json,outputs/d2a_runtime_checkpoint_v1/work/d2a_cert_preflight/h400_switch_then_stay_S100_point_last_fast_read.json,220881,df31d2260a4f3d17dc39043bcd3fe89996ace9e9369832bc17b4b16b3f0d1c4f,Read current small bytes
02_runtime_checkpoint_v1_historical,Git,outputs/d2a_runtime_checkpoint_v1/work/d2a_cert_preflight/h400_switch_then_stay_S120_average250.json,outputs/d2a_runtime_checkpoint_v1/work/d2a_cert_preflight/h400_switch_then_stay_S120_average250.json,223667,aeb01d7439c2d6fab16ab076007fdb71d10bd1cbe151171060b0b5dc4069669d,Read current small bytes
02_runtime_checkpoint_v1_historical,Git,outputs/d2a_runtime_checkpoint_v1/work/d2a_cert_preflight/h400_switch_then_stay_S120_point_last_fast_read.json,outputs/d2a_runtime_checkpoint_v1/work/d2a_cert_preflight/h400_switch_then_stay_S120_point_last_fast_read.json,222975,fec8bff5e16b3352412fec45f1fbf6448f20c32f63d05fb0b44c6d6bf5cff7bf,Read current small bytes
02_runtime_checkpoint_v1_historical,Git,outputs/d2a_runtime_checkpoint_v1/work/d2a_cert_preflight/h400_switch_then_stay_S140_average250.json,outputs/d2a_runtime_checkpoint_v1/work/d2a_cert_preflight/h400_switch_then_stay_S140_average250.json,211519,e669ae4431c128963cf71a4fa2b4eadc4df4b1699aa2d79105934e163aa83520,Read current small bytes
02_runtime_checkpoint_v1_historical,Git,outputs/d2a_runtime_checkpoint_v1/work/d2a_cert_preflight/h400_switch_then_stay_S140_point_last_fast_read.json,outputs/d2a_runtime_checkpoint_v1/work/d2a_cert_preflight/h400_switch_then_stay_S140_point_last_fast_read.json,210662,76704b09e560f3ecbaa0177572f5e240fb6fe72fa71c825ed9b7b1363ef9448d,Read current small bytes
02_runtime_checkpoint_v1_historical,Git,outputs/d2a_runtime_checkpoint_v1/work/d2a_cert_preflight/h400_switch_then_stay_S160_average250.json,outputs/d2a_runtime_checkpoint_v1/work/d2a_cert_preflight/h400_switch_then_stay_S160_average250.json,213879,a2144083b4176894c66e3bd6967d278a092a26b02fa316662ace982da6633583,Read current small bytes
02_runtime_checkpoint_v1_historical,Git,outputs/d2a_runtime_checkpoint_v1/work/d2a_cert_preflight/h400_switch_then_stay_S160_point_last_fast_read.json,outputs/d2a_runtime_checkpoint_v1/work/d2a_cert_preflight/h400_switch_then_stay_S160_point_last_fast_read.json,213440,c1e74a799c250de587705557f053b1fc0da31ceef1d310c90ba087421eec295d,Read current small bytes
02_runtime_checkpoint_v1_historical,Git,outputs/d2a_runtime_checkpoint_v1/work/d2a_cert_preflight/h400_switch_then_stay_S180_average250.json,outputs/d2a_runtime_checkpoint_v1/work/d2a_cert_preflight/h400_switch_then_stay_S180_average250.json,217639,8b4a6f3baebf1ad7ae30f95733f6a5168210a7d737f30571c36e31362b7f5ae4,Read current small bytes
02_runtime_checkpoint_v1_historical,Git,outputs/d2a_runtime_checkpoint_v1/work/d2a_cert_preflight/h400_switch_then_stay_S180_point_last_fast_read.json,outputs/d2a_runtime_checkpoint_v1/work/d2a_cert_preflight/h400_switch_then_stay_S180_point_last_fast_read.json,217222,a1788839c51ef9b26b973250d5bedb9678b1609007518233df1beb3cfdfe74dc,Read current small bytes
02_runtime_checkpoint_v1_historical,Git,outputs/d2a_runtime_checkpoint_v1/work/d2a_cert_preflight/h400_switch_then_stay_S200_average250.json,outputs/d2a_runtime_checkpoint_v1/work/d2a_cert_preflight/h400_switch_then_stay_S200_average250.json,204471,dacc4729c0bd45275db016aaacd82044730aa2c6e0703931673d5de266090b6a,Read current small bytes
02_runtime_checkpoint_v1_historical,Git,outputs/d2a_runtime_checkpoint_v1/work/d2a_cert_preflight/h400_switch_then_stay_S200_point_last_fast_read.json,outputs/d2a_runtime_checkpoint_v1/work/d2a_cert_preflight/h400_switch_then_stay_S200_point_last_fast_read.json,204209,8ae3502a4403224e74792925dd4306ec4a6ded751f1d23e11ff32798ba0a4771,Read current small bytes
02_runtime_checkpoint_v1_historical,Git,outputs/d2a_runtime_checkpoint_v1/work/d2a_cert_preflight/h400_switch_then_stay_S20_average250.json,outputs/d2a_runtime_checkpoint_v1/work/d2a_cert_preflight/h400_switch_then_stay_S20_average250.json,225918,1c8081cb75233e671aad63a77e8e041d054eb47a1c736524e49a22317d89d69f,Read current small bytes
02_runtime_checkpoint_v1_historical,Git,outputs/d2a_runtime_checkpoint_v1/work/d2a_cert_preflight/h400_switch_then_stay_S20_point_last_fast_read.json,outputs/d2a_runtime_checkpoint_v1/work/d2a_cert_preflight/h400_switch_then_stay_S20_point_last_fast_read.json,225126,10a76f4ad785e74f73ed058f3b3f8c35ccbc294a8848012e09b0cd05a4c656b6,Read current small bytes
02_runtime_checkpoint_v1_historical,Git,outputs/d2a_runtime_checkpoint_v1/work/d2a_cert_preflight/h400_switch_then_stay_S220_average250.json,outputs/d2a_runtime_checkpoint_v1/work/d2a_cert_preflight/h400_switch_then_stay_S220_average250.json,207331,ae5ff9eec65f2b9a8bfa0b64082d86639299c319bcb08f2e7bb3b49b2051a511,Read current small bytes
02_runtime_checkpoint_v1_historical,Git,outputs/d2a_runtime_checkpoint_v1/work/d2a_cert_preflight/h400_switch_then_stay_S220_point_last_fast_read.json,outputs/d2a_runtime_checkpoint_v1/work/d2a_cert_preflight/h400_switch_then_stay_S220_point_last_fast_read.json,207439,2ee0af93be375c7638cbbef87ad03c97b71acc8ab14784d78449ddd964a53f73,Read current small bytes
02_runtime_checkpoint_v1_historical,Git,outputs/d2a_runtime_checkpoint_v1/work/d2a_cert_preflight/h400_switch_then_stay_S240_average250.json,outputs/d2a_runtime_checkpoint_v1/work/d2a_cert_preflight/h400_switch_then_stay_S240_average250.json,210927,67f0b6d53e1ed3da180d605a16e4cb3adbe2b326a44f9a9538348e983020ab38,Read current small bytes
02_runtime_checkpoint_v1_historical,Git,outputs/d2a_runtime_checkpoint_v1/work/d2a_cert_preflight/h400_switch_then_stay_S240_point_last_fast_read.json,outputs/d2a_runtime_checkpoint_v1/work/d2a_cert_preflight/h400_switch_then_stay_S240_point_last_fast_read.json,210248,2c93bacd3beecf95ec3998a9179a2ab9bf2458ecfd05a68a270f94609ad09a15,Read current small bytes
02_runtime_checkpoint_v1_historical,Git,outputs/d2a_runtime_checkpoint_v1/work/d2a_cert_preflight/h400_switch_then_stay_S260_average250.json,outputs/d2a_runtime_checkpoint_v1/work/d2a_cert_preflight/h400_switch_then_stay_S260_average250.json,198967,b1d4c63712605d72747134d4ea196ca535e87acb2c5202e5ed938591f50d1ae1,Read current small bytes
02_runtime_checkpoint_v1_historical,Git,outputs/d2a_runtime_checkpoint_v1/work/d2a_cert_preflight/h400_switch_then_stay_S260_point_last_fast_read.json,outputs/d2a_runtime_checkpoint_v1/work/d2a_cert_preflight/h400_switch_then_stay_S260_point_last_fast_read.json,198457,6159af34116423f2cd6a4231cc6c9dd5ce0af02a8d23b0ca22ad4a85a63d1b41,Read current small bytes
02_runtime_checkpoint_v1_historical,Git,outputs/d2a_runtime_checkpoint_v1/work/d2a_cert_preflight/h400_switch_then_stay_S280_average250.json,outputs/d2a_runtime_checkpoint_v1/work/d2a_cert_preflight/h400_switch_then_stay_S280_average250.json,201429,cf8ff2cee31e4732b19c4688289f2d341183d0b700a35618dd5edd20147ef074,Read current small bytes
02_runtime_checkpoint_v1_historical,Git,outputs/d2a_runtime_checkpoint_v1/work/d2a_cert_preflight/h400_switch_then_stay_S280_point_last_fast_read.json,outputs/d2a_runtime_checkpoint_v1/work/d2a_cert_preflight/h400_switch_then_stay_S280_point_last_fast_read.json,200480,3597fd804db6b771598a0ae2dc78a44076f63eb7a01353c2c4d8f3682f6d418f,Read current small bytes
02_runtime_checkpoint_v1_historical,Git,outputs/d2a_runtime_checkpoint_v1/work/d2a_cert_preflight/h400_switch_then_stay_S300_average250.json,outputs/d2a_runtime_checkpoint_v1/work/d2a_cert_preflight/h400_switch_then_stay_S300_average250.json,205098,5d0755d7183d7287eb8be96f0a0ae20557f135eb9337e747c659698309e889e5,Read current small bytes
02_runtime_checkpoint_v1_historical,Git,outputs/d2a_runtime_checkpoint_v1/work/d2a_cert_preflight/h400_switch_then_stay_S300_point_last_fast_read.json,outputs/d2a_runtime_checkpoint_v1/work/d2a_cert_preflight/h400_switch_then_stay_S300_point_last_fast_read.json,204242,be8d08610e9b6407f80daf818ba4bf0242bcd76e027f314f2401b0b3478d3b7f,Read current small bytes
02_runtime_checkpoint_v1_historical,Git,outputs/d2a_runtime_checkpoint_v1/work/d2a_cert_preflight/h400_switch_then_stay_S320_average250.json,outputs/d2a_runtime_checkpoint_v1/work/d2a_cert_preflight/h400_switch_then_stay_S320_average250.json,208358,c82675424727f96ca033857a9bb79d0777d7d30c74c4ebff7d050210e3446f05,Read current small bytes
02_runtime_checkpoint_v1_historical,Git,outputs/d2a_runtime_checkpoint_v1/work/d2a_cert_preflight/h400_switch_then_stay_S320_point_last_fast_read.json,outputs/d2a_runtime_checkpoint_v1/work/d2a_cert_preflight/h400_switch_then_stay_S320_point_last_fast_read.json,207770,ab6f1ab8b02e930c24443d03d06b1d12506531ef9fdfe546321e1bdff9a1b835,Read current small bytes
02_runtime_checkpoint_v1_historical,Git,outputs/d2a_runtime_checkpoint_v1/work/d2a_cert_preflight/h400_switch_then_stay_S340_average250.json,outputs/d2a_runtime_checkpoint_v1/work/d2a_cert_preflight/h400_switch_then_stay_S340_average250.json,195284,cf21810b87cad84437479428070232e062e018cead6a6dd273c9fd4761c38294,Read current small bytes
02_runtime_checkpoint_v1_historical,Git,outputs/d2a_runtime_checkpoint_v1/work/d2a_cert_preflight/h400_switch_then_stay_S340_point_last_fast_read.json,outputs/d2a_runtime_checkpoint_v1/work/d2a_cert_preflight/h400_switch_then_stay_S340_point_last_fast_read.json,194572,f36136996cd4179f44e8fff5c6629f6cced6761e820571d340e85767f2b265f6,Read current small bytes
02_runtime_checkpoint_v1_historical,Git,outputs/d2a_runtime_checkpoint_v1/work/d2a_cert_preflight/h400_switch_then_stay_S360_average250.json,outputs/d2a_runtime_checkpoint_v1/work/d2a_cert_preflight/h400_switch_then_stay_S360_average250.json,198769,096b58e212020a467b9d1d438689eb9efb4a4ff3f5db4e75b25ad2d050e6f43e,Read current small bytes
02_runtime_checkpoint_v1_historical,Git,outputs/d2a_runtime_checkpoint_v1/work/d2a_cert_preflight/h400_switch_then_stay_S360_point_last_fast_read.json,outputs/d2a_runtime_checkpoint_v1/work/d2a_cert_preflight/h400_switch_then_stay_S360_point_last_fast_read.json,197734,a6d34d98eba8015e2695e3282611abb29e013b21f31b41badcb783166f00bc4c,Read current small bytes
02_runtime_checkpoint_v1_historical,Git,outputs/d2a_runtime_checkpoint_v1/work/d2a_cert_preflight/h400_switch_then_stay_S380_average250.json,outputs/d2a_runtime_checkpoint_v1/work/d2a_cert_preflight/h400_switch_then_stay_S380_average250.json,199122,52f5c657a81fb58c5719be0a1836d10677f994775f800383b65836073c45fd31,Read current small bytes
02_runtime_checkpoint_v1_historical,Git,outputs/d2a_runtime_checkpoint_v1/work/d2a_cert_preflight/h400_switch_then_stay_S380_point_last_fast_read.json,outputs/d2a_runtime_checkpoint_v1/work/d2a_cert_preflight/h400_switch_then_stay_S380_point_last_fast_read.json,198347,88ab56766c20b3fee6033cf328b97ef87cbf0771cee30d36ae1d527b0c69eb6c,Read current small bytes
02_runtime_checkpoint_v1_historical,Git,outputs/d2a_runtime_checkpoint_v1/work/d2a_cert_preflight/h400_switch_then_stay_S400_average250.json,outputs/d2a_runtime_checkpoint_v1/work/d2a_cert_preflight/h400_switch_then_stay_S400_average250.json,198220,40fd244a7e84129c4345a5236e8d75281e341e0ef403afd69f52ba16020d3ddd,Read current small bytes
02_runtime_checkpoint_v1_historical,Git,outputs/d2a_runtime_checkpoint_v1/work/d2a_cert_preflight/h400_switch_then_stay_S400_point_last_fast_read.json,outputs/d2a_runtime_checkpoint_v1/work/d2a_cert_preflight/h400_switch_then_stay_S400_point_last_fast_read.json,198241,b6b19b1f619a288fd278d6ff2a5eda6039de4642762e3108e78d13902a6305b7,Read current small bytes
02_runtime_checkpoint_v1_historical,Git,outputs/d2a_runtime_checkpoint_v1/work/d2a_cert_preflight/h400_switch_then_stay_S40_average250.json,outputs/d2a_runtime_checkpoint_v1/work/d2a_cert_preflight/h400_switch_then_stay_S40_average250.json,213348,d2407c134411b64bdc5f42fbc6fa4774b5b8e240ff77d8cebebead23b2f8a2d3,Read current small bytes
02_runtime_checkpoint_v1_historical,Git,outputs/d2a_runtime_checkpoint_v1/work/d2a_cert_preflight/h400_switch_then_stay_S40_point_last_fast_read.json,outputs/d2a_runtime_checkpoint_v1/work/d2a_cert_preflight/h400_switch_then_stay_S40_point_last_fast_read.json,212608,1c8a39de970782614ca78c036e5b1d3dfe4e93fb2f3ca4ebf579e999537b147e,Read current small bytes
02_runtime_checkpoint_v1_historical,Git,outputs/d2a_runtime_checkpoint_v1/work/d2a_cert_preflight/h400_switch_then_stay_S60_average250.json,outputs/d2a_runtime_checkpoint_v1/work/d2a_cert_preflight/h400_switch_then_stay_S60_average250.json,231139,972118e8804d39f9fbc44f0e529fe7a2eb773d0acde2faa926ed5e9682e18543,Read current small bytes
02_runtime_checkpoint_v1_historical,Git,outputs/d2a_runtime_checkpoint_v1/work/d2a_cert_preflight/h400_switch_then_stay_S60_point_last_fast_read.json,outputs/d2a_runtime_checkpoint_v1/work/d2a_cert_preflight/h400_switch_then_stay_S60_point_last_fast_read.json,230534,058fece0fb3da4de9abed733e8c194fb9dea4280800ed107a9d18997309686ab,Read current small bytes
02_runtime_checkpoint_v1_historical,Git,outputs/d2a_runtime_checkpoint_v1/work/d2a_cert_preflight/h400_switch_then_stay_S80_average250.json,outputs/d2a_runtime_checkpoint_v1/work/d2a_cert_preflight/h400_switch_then_stay_S80_average250.json,219274,125ddba26b516fa58a502d1bf57e3dbf8f08d4af620d5851bb87d60c425c6e04,Read current small bytes
02_runtime_checkpoint_v1_historical,Git,outputs/d2a_runtime_checkpoint_v1/work/d2a_cert_preflight/h400_switch_then_stay_S80_point_last_fast_read.json,outputs/d2a_runtime_checkpoint_v1/work/d2a_cert_preflight/h400_switch_then_stay_S80_point_last_fast_read.json,218608,9f7eaeacf4a6b8569165219f09708b7c9cb3dd1bc73abb4402d76d25dad0baaf,Read current small bytes
02_runtime_checkpoint_v1_historical,Git,outputs/d2a_runtime_checkpoint_v1/work/d2a_cert_preflight/h400_terminal_balanced_average250.json,outputs/d2a_runtime_checkpoint_v1/work/d2a_cert_preflight/h400_terminal_balanced_average250.json,198222,9738416ba757137891d4b3e3247d608770dfc3726b6fe4f825a33eaa2d093633,Read current small bytes
02_runtime_checkpoint_v1_historical,Git,outputs/d2a_runtime_checkpoint_v1/work/d2a_cert_preflight/h400_terminal_balanced_point_last_fast_read.json,outputs/d2a_runtime_checkpoint_v1/work/d2a_cert_preflight/h400_terminal_balanced_point_last_fast_read.json,198243,eacc592297a66dbe9c0477ccf4555b5fc8475d584511d222fc7c25557add6a09,Read current small bytes
02_runtime_checkpoint_v1_historical,Git,outputs/d2a_runtime_checkpoint_v1/work/d2a_cert_preflight/h40_fixed20_average250.json,outputs/d2a_runtime_checkpoint_v1/work/d2a_cert_preflight/h40_fixed20_average250.json,18174,eaea596818eba0803b49c361e94d9ba44bdc5aeec58d81c55c84cb280565a1fe,Read current small bytes
02_runtime_checkpoint_v1_historical,Git,outputs/d2a_runtime_checkpoint_v1/work/d2a_cert_preflight/h40_fixed20_point_last_fast_read.json,outputs/d2a_runtime_checkpoint_v1/work/d2a_cert_preflight/h40_fixed20_point_last_fast_read.json,18146,1b3367a92443986587cd4bd36e627ff0541300a3efdda53fc38ac43b804b1a30,Read current small bytes
02_runtime_checkpoint_v1_historical,Git,outputs/d2a_runtime_checkpoint_v1/work/d2a_cert_preflight/h40_fixed40_average250.json,outputs/d2a_runtime_checkpoint_v1/work/d2a_cert_preflight/h40_fixed40_average250.json,24665,ef9a9df7ed49298ef416cdfbf05991f94c485a9e344d5c69d136644c53ae9904,Read current small bytes
02_runtime_checkpoint_v1_historical,Git,outputs/d2a_runtime_checkpoint_v1/work/d2a_cert_preflight/h40_fixed40_point_last_fast_read.json,outputs/d2a_runtime_checkpoint_v1/work/d2a_cert_preflight/h40_fixed40_point_last_fast_read.json,24601,26c6001f08020189ad2995769157311d14151ca2041ea22ae1e9f451604eaec2,Read current small bytes
02_runtime_checkpoint_v1_historical,Git,outputs/d2a_runtime_checkpoint_v1/work/d2a_cert_preflight/h40_fixed76_average250.json,outputs/d2a_runtime_checkpoint_v1/work/d2a_cert_preflight/h40_fixed76_average250.json,24665,97bb3470908bf49b2ae40e537673e70873da11b5c43f476e0202ce61b85015c7,Read current small bytes
02_runtime_checkpoint_v1_historical,Git,outputs/d2a_runtime_checkpoint_v1/work/d2a_cert_preflight/h40_fixed76_point_last_fast_read.json,outputs/d2a_runtime_checkpoint_v1/work/d2a_cert_preflight/h40_fixed76_point_last_fast_read.json,24601,58177d4fe2a61c7cc449fb11bcf5ba3f6723869b10e1644eb399f221acd3faea,Read current small bytes
02_runtime_checkpoint_v1_historical,Git,outputs/d2a_runtime_checkpoint_v1/work/d2a_cert_preflight/h40_stay_average250.json,outputs/d2a_runtime_checkpoint_v1/work/d2a_cert_preflight/h40_stay_average250.json,24662,662e1781cc40a0d468492336458f7e5e771cdb0f37cf34fbdd4c4cbf44f97d46,Read current small bytes
02_runtime_checkpoint_v1_historical,Git,outputs/d2a_runtime_checkpoint_v1/work/d2a_cert_preflight/h40_stay_point_last_fast_read.json,outputs/d2a_runtime_checkpoint_v1/work/d2a_cert_preflight/h40_stay_point_last_fast_read.json,24598,17fbdbf6482f9b5bb40abf15657a2086cc79388645e547096e373faa206cd290,Read current small bytes
02_runtime_checkpoint_v1_historical,Git,outputs/d2a_runtime_checkpoint_v1/work/d2a_cert_preflight/h40_switch_then_stay_S20_average250.json,outputs/d2a_runtime_checkpoint_v1/work/d2a_cert_preflight/h40_switch_then_stay_S20_average250.json,24672,acbfb9ba245f920bef80b5b4ad204a30dc12cc530dc3024f6a6e03c37e11ab57,Read current small bytes
02_runtime_checkpoint_v1_historical,Git,outputs/d2a_runtime_checkpoint_v1/work/d2a_cert_preflight/h40_switch_then_stay_S20_point_last_fast_read.json,outputs/d2a_runtime_checkpoint_v1/work/d2a_cert_preflight/h40_switch_then_stay_S20_point_last_fast_read.json,24608,eed4cebadef8b42b91ce209a9c7a31fbfb1e4d777cbc1c1c7655fc2acfff5f9e,Read current small bytes
02_runtime_checkpoint_v1_historical,Git,outputs/d2a_runtime_checkpoint_v1/work/d2a_cert_preflight/h40_switch_then_stay_S40_average250.json,outputs/d2a_runtime_checkpoint_v1/work/d2a_cert_preflight/h40_switch_then_stay_S40_average250.json,11810,38f45677c76e7f2e67ba3f7350a2eb37577c0ddf6815a8cd0232898123ddb0a3,Read current small bytes
02_runtime_checkpoint_v1_historical,Git,outputs/d2a_runtime_checkpoint_v1/work/d2a_cert_preflight/h40_switch_then_stay_S40_point_last_fast_read.json,outputs/d2a_runtime_checkpoint_v1/work/d2a_cert_preflight/h40_switch_then_stay_S40_point_last_fast_read.json,11798,36ebd4d376cbefcd289d92a3938f1ceeb2077598bd5918e076a3f1097e282036,Read current small bytes
02_runtime_checkpoint_v1_historical,Git,outputs/d2a_runtime_checkpoint_v1/work/d2a_cert_preflight/h40_terminal_balanced_average250.json,outputs/d2a_runtime_checkpoint_v1/work/d2a_cert_preflight/h40_terminal_balanced_average250.json,11813,75a4865786313f0b37356e828718ed713661d5fb714bcd9da951a46903329d97,Read current small bytes
02_runtime_checkpoint_v1_historical,Git,outputs/d2a_runtime_checkpoint_v1/work/d2a_cert_preflight/h40_terminal_balanced_point_last_fast_read.json,outputs/d2a_runtime_checkpoint_v1/work/d2a_cert_preflight/h40_terminal_balanced_point_last_fast_read.json,11801,86a6fc6fc3d62f6ffe271ddb1b1b1b836b68854d772cba9f473d286558cdb01e,Read current small bytes
02_runtime_checkpoint_v1_historical,Git,outputs/d2a_runtime_checkpoint_v1/work/d2a_cert_preflight/h500_fixed20_average250.json,outputs/d2a_runtime_checkpoint_v1/work/d2a_cert_preflight/h500_fixed20_average250.json,244821,581c096dca1c0ec768e44aea9bffd848a3448c1aa9f86f91d34a2953b45196f9,Read current small bytes
02_runtime_checkpoint_v1_historical,Git,outputs/d2a_runtime_checkpoint_v1/work/d2a_cert_preflight/h500_fixed20_point_last_fast_read.json,outputs/d2a_runtime_checkpoint_v1/work/d2a_cert_preflight/h500_fixed20_point_last_fast_read.json,245885,8cd73c91f0c0ca46e806625bee1ce155ce9038528e5380c323595c8f71c70a50,Read current small bytes
02_runtime_checkpoint_v1_historical,Git,outputs/d2a_runtime_checkpoint_v1/work/d2a_cert_preflight/h500_fixed40_average250.json,outputs/d2a_runtime_checkpoint_v1/work/d2a_cert_preflight/h500_fixed40_average250.json,295718,6b029dd2d8a9d6cbe1844de9228fbac55f9463e9946df573bc7c1fd351c58707,Read current small bytes
02_runtime_checkpoint_v1_historical,Git,outputs/d2a_runtime_checkpoint_v1/work/d2a_cert_preflight/h500_fixed40_point_last_fast_read.json,outputs/d2a_runtime_checkpoint_v1/work/d2a_cert_preflight/h500_fixed40_point_last_fast_read.json,295548,3eb81c4c2da11b369b726c2a0750bae90f79cfb2ec4963a25031857aabb31170,Read current small bytes
02_runtime_checkpoint_v1_historical,Git,outputs/d2a_runtime_checkpoint_v1/work/d2a_cert_preflight/h500_fixed76_average250.json,outputs/d2a_runtime_checkpoint_v1/work/d2a_cert_preflight/h500_fixed76_average250.json,323748,ced5af3c55ba59eb3af6e8f42253cd1c57f5e53357f1860633bd20a18f29f098,Read current small bytes
02_runtime_checkpoint_v1_historical,Git,outputs/d2a_runtime_checkpoint_v1/work/d2a_cert_preflight/h500_fixed76_point_last_fast_read.json,outputs/d2a_runtime_checkpoint_v1/work/d2a_cert_preflight/h500_fixed76_point_last_fast_read.json,323922,4553caf52879cb4135f9e365ef30d37bccdceb30adbecc69e34155d6260fd4aa,Read current small bytes
02_runtime_checkpoint_v1_historical,Git,outputs/d2a_runtime_checkpoint_v1/work/d2a_cert_preflight/h500_stay_average250.json,outputs/d2a_runtime_checkpoint_v1/work/d2a_cert_preflight/h500_stay_average250.json,313912,11d6d2e758d9dfbeed1700a465e71c51158abf745739651a0b70b458a9af3088,Read current small bytes
02_runtime_checkpoint_v1_historical,Git,outputs/d2a_runtime_checkpoint_v1/work/d2a_cert_preflight/h500_stay_point_last_fast_read.json,outputs/d2a_runtime_checkpoint_v1/work/d2a_cert_preflight/h500_stay_point_last_fast_read.json,313061,8e34fd355a41e4bb4732d8e99603c09aca9f2e4591db54c62b5b2160ac3eb7ca,Read current small bytes
02_runtime_checkpoint_v1_historical,Git,outputs/d2a_runtime_checkpoint_v1/work/d2a_cert_preflight/h500_switch_then_stay_S100_average250.json,outputs/d2a_runtime_checkpoint_v1/work/d2a_cert_preflight/h500_switch_then_stay_S100_average250.json,291368,04a872be4f5e43568247def5695952a9faf038567572df3ffb2d7e8cb121ffb6,Read current small bytes
02_runtime_checkpoint_v1_historical,Git,outputs/d2a_runtime_checkpoint_v1/work/d2a_cert_preflight/h500_switch_then_stay_S100_point_last_fast_read.json,outputs/d2a_runtime_checkpoint_v1/work/d2a_cert_preflight/h500_switch_then_stay_S100_point_last_fast_read.json,290336,f5b1b52d5e7358968ccb67368178fca83af30fb146eca628128fa19205cb8db5,Read current small bytes
02_runtime_checkpoint_v1_historical,Git,outputs/d2a_runtime_checkpoint_v1/work/d2a_cert_preflight/h500_switch_then_stay_S120_average250.json,outputs/d2a_runtime_checkpoint_v1/work/d2a_cert_preflight/h500_switch_then_stay_S120_average250.json,293421,37aa021662ac7c292f8a4116c5ed8a73518f61cc2b4f1c2d5fe709fcc8363a30,Read current small bytes
02_runtime_checkpoint_v1_historical,Git,outputs/d2a_runtime_checkpoint_v1/work/d2a_cert_preflight/h500_switch_then_stay_S120_point_last_fast_read.json,outputs/d2a_runtime_checkpoint_v1/work/d2a_cert_preflight/h500_switch_then_stay_S120_point_last_fast_read.json,292741,76ea25a4da03cf7fe1a8c72d269d28ad020bb5f910432da336d100b90a1b1e0b,Read current small bytes
02_runtime_checkpoint_v1_historical,Git,outputs/d2a_runtime_checkpoint_v1/work/d2a_cert_preflight/h500_switch_then_stay_S140_average250.json,outputs/d2a_runtime_checkpoint_v1/work/d2a_cert_preflight/h500_switch_then_stay_S140_average250.json,281299,821b309bb88d4c817594eb517f003e821038c37ef199e69f02b9d288bb0e9f75,Read current small bytes
02_runtime_checkpoint_v1_historical,Git,outputs/d2a_runtime_checkpoint_v1/work/d2a_cert_preflight/h500_switch_then_stay_S140_point_last_fast_read.json,outputs/d2a_runtime_checkpoint_v1/work/d2a_cert_preflight/h500_switch_then_stay_S140_point_last_fast_read.json,280194,69742dd5a18f91162d87fdd602eb48bb81e10d507fd20d4525e5755330349083,Read current small bytes
02_runtime_checkpoint_v1_historical,Git,outputs/d2a_runtime_checkpoint_v1/work/d2a_cert_preflight/h500_switch_then_stay_S160_average250.json,outputs/d2a_runtime_checkpoint_v1/work/d2a_cert_preflight/h500_switch_then_stay_S160_average250.json,283646,14e19ecc588cede831c03c9f85df514bf0ff7452af06469aa97fc5b8d4a866c1,Read current small bytes
02_runtime_checkpoint_v1_historical,Git,outputs/d2a_runtime_checkpoint_v1/work/d2a_cert_preflight/h500_switch_then_stay_S160_point_last_fast_read.json,outputs/d2a_runtime_checkpoint_v1/work/d2a_cert_preflight/h500_switch_then_stay_S160_point_last_fast_read.json,283609,c3225256e782058cafaa3652bb91ef87170a30020e4b7b02035d3fd0bee56585,Read current small bytes
02_runtime_checkpoint_v1_historical,Git,outputs/d2a_runtime_checkpoint_v1/work/d2a_cert_preflight/h500_switch_then_stay_S180_average250.json,outputs/d2a_runtime_checkpoint_v1/work/d2a_cert_preflight/h500_switch_then_stay_S180_average250.json,287155,09862a0a0a292132b1560bc7f9527e445728a56c297b98a8432f623b990901ee,Read current small bytes
02_runtime_checkpoint_v1_historical,Git,outputs/d2a_runtime_checkpoint_v1/work/d2a_cert_preflight/h500_switch_then_stay_S180_point_last_fast_read.json,outputs/d2a_runtime_checkpoint_v1/work/d2a_cert_preflight/h500_switch_then_stay_S180_point_last_fast_read.json,286399,cab5fdbd50884567c45a7f538404ac3da854e32ec1a1cfdbeadc603b8ef9b22f,Read current small bytes
02_runtime_checkpoint_v1_historical,Git,outputs/d2a_runtime_checkpoint_v1/work/d2a_cert_preflight/h500_switch_then_stay_S200_average250.json,outputs/d2a_runtime_checkpoint_v1/work/d2a_cert_preflight/h500_switch_then_stay_S200_average250.json,274517,a4a7ab7a7ee1a075ed9d0852465b4386ee392c047abbbac3c546cff1c2ff51db,Read current small bytes
02_runtime_checkpoint_v1_historical,Git,outputs/d2a_runtime_checkpoint_v1/work/d2a_cert_preflight/h500_switch_then_stay_S200_point_last_fast_read.json,outputs/d2a_runtime_checkpoint_v1/work/d2a_cert_preflight/h500_switch_then_stay_S200_point_last_fast_read.json,273942,b9403e77b3ac60641376c862df619252e68fc6fb7fe280e850d17a608542a84d,Read current small bytes
02_runtime_checkpoint_v1_historical,Git,outputs/d2a_runtime_checkpoint_v1/work/d2a_cert_preflight/h500_switch_then_stay_S20_average250.json,outputs/d2a_runtime_checkpoint_v1/work/d2a_cert_preflight/h500_switch_then_stay_S20_average250.json,313922,17c70df1302f587b37850913375a877573a4f27791aa2dc0bb35e78c5b40f434,Read current small bytes
02_runtime_checkpoint_v1_historical,Git,outputs/d2a_runtime_checkpoint_v1/work/d2a_cert_preflight/h500_switch_then_stay_S20_point_last_fast_read.json,outputs/d2a_runtime_checkpoint_v1/work/d2a_cert_preflight/h500_switch_then_stay_S20_point_last_fast_read.json,313071,9c18b7b10a81467033040201044c1ced274b7e8e4392a3f0be6167f81f502a9c,Read current small bytes
02_runtime_checkpoint_v1_historical,Git,outputs/d2a_runtime_checkpoint_v1/work/d2a_cert_preflight/h500_switch_then_stay_S220_average250.json,outputs/d2a_runtime_checkpoint_v1/work/d2a_cert_preflight/h500_switch_then_stay_S220_average250.json,276066,a6e5724b3900140dd1ee8d8d547c8f1e2491dfce957c4bc6b4a7d601de18298d,Read current small bytes
02_runtime_checkpoint_v1_historical,Git,outputs/d2a_runtime_checkpoint_v1/work/d2a_cert_preflight/h500_switch_then_stay_S220_point_last_fast_read.json,outputs/d2a_runtime_checkpoint_v1/work/d2a_cert_preflight/h500_switch_then_stay_S220_point_last_fast_read.json,277252,85b231a6de2a8fe0328f3a837bc1bffb6f78f15c31bc6315a8f4fcee126bf4fc,Read current small bytes
02_runtime_checkpoint_v1_historical,Git,outputs/d2a_runtime_checkpoint_v1/work/d2a_cert_preflight/h500_switch_then_stay_S240_average250.json,outputs/d2a_runtime_checkpoint_v1/work/d2a_cert_preflight/h500_switch_then_stay_S240_average250.json,281113,d686e877c79e9a8ad9971d2cd84ded1c944a3850a3f25ec0fa4bdeb135516cce,Read current small bytes
02_runtime_checkpoint_v1_historical,Git,outputs/d2a_runtime_checkpoint_v1/work/d2a_cert_preflight/h500_switch_then_stay_S240_point_last_fast_read.json,outputs/d2a_runtime_checkpoint_v1/work/d2a_cert_preflight/h500_switch_then_stay_S240_point_last_fast_read.json,280741,acf6d00c2460cf0fad3cc632a9effc7dbe73cd07196a02eb6abad439bf8d7edb,Read current small bytes
02_runtime_checkpoint_v1_historical,Git,outputs/d2a_runtime_checkpoint_v1/work/d2a_cert_preflight/h500_switch_then_stay_S260_average250.json,outputs/d2a_runtime_checkpoint_v1/work/d2a_cert_preflight/h500_switch_then_stay_S260_average250.json,268813,a4d538ffe80d24d1a43accbc97a84186a1a8a37e0a7b80b2ac1be482e808b22c,Read current small bytes
02_runtime_checkpoint_v1_historical,Git,outputs/d2a_runtime_checkpoint_v1/work/d2a_cert_preflight/h500_switch_then_stay_S260_point_last_fast_read.json,outputs/d2a_runtime_checkpoint_v1/work/d2a_cert_preflight/h500_switch_then_stay_S260_point_last_fast_read.json,267830,ff653f446c4258748cbe9ee68e9c7af1ddfd95363e81d32dee1e69314ff198aa,Read current small bytes
02_runtime_checkpoint_v1_historical,Git,outputs/d2a_runtime_checkpoint_v1/work/d2a_cert_preflight/h500_switch_then_stay_S280_average250.json,outputs/d2a_runtime_checkpoint_v1/work/d2a_cert_preflight/h500_switch_then_stay_S280_average250.json,271101,584b72e14a14f96ca836437e90fc820f5ae96f11534940c8b580c77fb29b1b2a,Read current small bytes
02_runtime_checkpoint_v1_historical,Git,outputs/d2a_runtime_checkpoint_v1/work/d2a_cert_preflight/h500_switch_then_stay_S280_point_last_fast_read.json,outputs/d2a_runtime_checkpoint_v1/work/d2a_cert_preflight/h500_switch_then_stay_S280_point_last_fast_read.json,271644,970277b50fd5ba897ea8439fedbd31ff58a8a259d40eeee0c11f2abb21ae0818,Read current small bytes
02_runtime_checkpoint_v1_historical,Git,outputs/d2a_runtime_checkpoint_v1/work/d2a_cert_preflight/h500_switch_then_stay_S300_average250.json,outputs/d2a_runtime_checkpoint_v1/work/d2a_cert_preflight/h500_switch_then_stay_S300_average250.json,274834,b58a029da38dab9a71b2e0e97b909e368013cd8e6c49ff7426d6d2ac47e7b602,Read current small bytes
02_runtime_checkpoint_v1_historical,Git,outputs/d2a_runtime_checkpoint_v1/work/d2a_cert_preflight/h500_switch_then_stay_S300_point_last_fast_read.json,outputs/d2a_runtime_checkpoint_v1/work/d2a_cert_preflight/h500_switch_then_stay_S300_point_last_fast_read.json,273554,5ffb80a325f1685005d4289591e5077bf5435cb1971ea2c07f3092316981140b,Read current small bytes
02_runtime_checkpoint_v1_historical,Git,outputs/d2a_runtime_checkpoint_v1/work/d2a_cert_preflight/h500_switch_then_stay_S320_average250.json,outputs/d2a_runtime_checkpoint_v1/work/d2a_cert_preflight/h500_switch_then_stay_S320_average250.json,277817,7e4c6f8f4962de4beee3e67e46238d400516783138d30cbf6fd5129df0c90ab5,Read current small bytes
02_runtime_checkpoint_v1_historical,Git,outputs/d2a_runtime_checkpoint_v1/work/d2a_cert_preflight/h500_switch_then_stay_S320_point_last_fast_read.json,outputs/d2a_runtime_checkpoint_v1/work/d2a_cert_preflight/h500_switch_then_stay_S320_point_last_fast_read.json,277522,948e5d78ce3fd2e1203e36fe2573b6968a5b4e6d3631e9eb20b4561f14d83b6e,Read current small bytes
02_runtime_checkpoint_v1_historical,Git,outputs/d2a_runtime_checkpoint_v1/work/d2a_cert_preflight/h500_switch_then_stay_S340_average250.json,outputs/d2a_runtime_checkpoint_v1/work/d2a_cert_preflight/h500_switch_then_stay_S340_average250.json,264988,21acc23efb0b484f60b012c339dd6b3e30da1aa934113aba9c86151e25cbeb22,Read current small bytes
02_runtime_checkpoint_v1_historical,Git,outputs/d2a_runtime_checkpoint_v1/work/d2a_cert_preflight/h500_switch_then_stay_S340_point_last_fast_read.json,outputs/d2a_runtime_checkpoint_v1/work/d2a_cert_preflight/h500_switch_then_stay_S340_point_last_fast_read.json,265282,705e9e1ea2edc60dfc4988b6aef29a9109b58c3ca03a020eeefa8f247cc14bd7,Read current small bytes
02_runtime_checkpoint_v1_historical,Git,outputs/d2a_runtime_checkpoint_v1/work/d2a_cert_preflight/h500_switch_then_stay_S360_average250.json,outputs/d2a_runtime_checkpoint_v1/work/d2a_cert_preflight/h500_switch_then_stay_S360_average250.json,268423,00ed16a690d0ba6ed580ecfe494bb5caaa971733c506b6a12558e26267a8f11b,Read current small bytes
02_runtime_checkpoint_v1_historical,Git,outputs/d2a_runtime_checkpoint_v1/work/d2a_cert_preflight/h500_switch_then_stay_S360_point_last_fast_read.json,outputs/d2a_runtime_checkpoint_v1/work/d2a_cert_preflight/h500_switch_then_stay_S360_point_last_fast_read.json,268433,4b2f101800d4df461863196b6d77dbed30e95085c233c7e2c9c2deedaef425b6,Read current small bytes
02_runtime_checkpoint_v1_historical,Git,outputs/d2a_runtime_checkpoint_v1/work/d2a_cert_preflight/h500_switch_then_stay_S380_average250.json,outputs/d2a_runtime_checkpoint_v1/work/d2a_cert_preflight/h500_switch_then_stay_S380_average250.json,272847,5a6641ed438cd44bc26ac38fd8fe57925f57f35d0da22a7d91aba90b6a317754,Read current small bytes
02_runtime_checkpoint_v1_historical,Git,outputs/d2a_runtime_checkpoint_v1/work/d2a_cert_preflight/h500_switch_then_stay_S380_point_last_fast_read.json,outputs/d2a_runtime_checkpoint_v1/work/d2a_cert_preflight/h500_switch_then_stay_S380_point_last_fast_read.json,272284,750857717c9d6642bff10bfd23f31a0ad432d52e46f3077d486a3e8966f6325e,Read current small bytes
02_runtime_checkpoint_v1_historical,Git,outputs/d2a_runtime_checkpoint_v1/work/d2a_cert_preflight/h500_switch_then_stay_S400_average250.json,outputs/d2a_runtime_checkpoint_v1/work/d2a_cert_preflight/h500_switch_then_stay_S400_average250.json,275414,86d5c5a81ec980748b7df0266ea95d6d25c7733f9228c5225f4062d20f4e5e82,Read current small bytes
02_runtime_checkpoint_v1_historical,Git,outputs/d2a_runtime_checkpoint_v1/work/d2a_cert_preflight/h500_switch_then_stay_S400_point_last_fast_read.json,outputs/d2a_runtime_checkpoint_v1/work/d2a_cert_preflight/h500_switch_then_stay_S400_point_last_fast_read.json,274737,a73eca338c54f5de966bb18945b24b5555113a8b3b47e38a59b98df71262bef7,Read current small bytes
02_runtime_checkpoint_v1_historical,Git,outputs/d2a_runtime_checkpoint_v1/work/d2a_cert_preflight/h500_switch_then_stay_S40_average250.json,outputs/d2a_runtime_checkpoint_v1/work/d2a_cert_preflight/h500_switch_then_stay_S40_average250.json,300336,9cf4a715158ab9ce18f56fa9d940e72bf4f6a6a34fed7d26986b5ce01c1a6533,Read current small bytes
02_runtime_checkpoint_v1_historical,Git,outputs/d2a_runtime_checkpoint_v1/work/d2a_cert_preflight/h500_switch_then_stay_S40_point_last_fast_read.json,outputs/d2a_runtime_checkpoint_v1/work/d2a_cert_preflight/h500_switch_then_stay_S40_point_last_fast_read.json,299537,0bedb7bdb160db952ad4219f128c219537d2aa5fa80cf96c0f0ad4f6c2328264,Read current small bytes
02_runtime_checkpoint_v1_historical,Git,outputs/d2a_runtime_checkpoint_v1/work/d2a_cert_preflight/h500_switch_then_stay_S420_average250.json,outputs/d2a_runtime_checkpoint_v1/work/d2a_cert_preflight/h500_switch_then_stay_S420_average250.json,274287,6001009ade1fb1598b087374518b87fc48be097ec53fb3846b03f95ab7fc279b,Read current small bytes
02_runtime_checkpoint_v1_historical,Git,outputs/d2a_runtime_checkpoint_v1/work/d2a_cert_preflight/h500_switch_then_stay_S420_point_last_fast_read.json,outputs/d2a_runtime_checkpoint_v1/work/d2a_cert_preflight/h500_switch_then_stay_S420_point_last_fast_read.json,274910,da9bb1540b744404ef4240ea16fc2fa134b42284443dc04a17e60b254dfa4d14,Read current small bytes
02_runtime_checkpoint_v1_historical,Git,outputs/d2a_runtime_checkpoint_v1/work/d2a_cert_preflight/h500_switch_then_stay_S440_average250.json,outputs/d2a_runtime_checkpoint_v1/work/d2a_cert_preflight/h500_switch_then_stay_S440_average250.json,258396,8c06315cbb2b9d59bdb29ed9240c2312f83291312700699535af09c6997c5c1b,Read current small bytes
02_runtime_checkpoint_v1_historical,Git,outputs/d2a_runtime_checkpoint_v1/work/d2a_cert_preflight/h500_switch_then_stay_S440_point_last_fast_read.json,outputs/d2a_runtime_checkpoint_v1/work/d2a_cert_preflight/h500_switch_then_stay_S440_point_last_fast_read.json,256704,c7ac1b70d960deb98b50b96718bf0d3ef330d43a042ae39b9681c19eb8043afb,Read current small bytes
02_runtime_checkpoint_v1_historical,Git,outputs/d2a_runtime_checkpoint_v1/work/d2a_cert_preflight/h500_switch_then_stay_S460_average250.json,outputs/d2a_runtime_checkpoint_v1/work/d2a_cert_preflight/h500_switch_then_stay_S460_average250.json,257547,37f099327ff6cb2fb1eaf87f1e46fbb156e11203c251231248106336b5cdd789,Read current small bytes
02_runtime_checkpoint_v1_historical,Git,outputs/d2a_runtime_checkpoint_v1/work/d2a_cert_preflight/h500_switch_then_stay_S460_point_last_fast_read.json,outputs/d2a_runtime_checkpoint_v1/work/d2a_cert_preflight/h500_switch_then_stay_S460_point_last_fast_read.json,257067,0f6277deb4ae15928fe0e1ecd3c74532cdb16a6ba4d9f25f753bbc3362c38d64,Read current small bytes
02_runtime_checkpoint_v1_historical,Git,outputs/d2a_runtime_checkpoint_v1/work/d2a_cert_preflight/h500_switch_then_stay_S480_average250.json,outputs/d2a_runtime_checkpoint_v1/work/d2a_cert_preflight/h500_switch_then_stay_S480_average250.json,257920,cdb0ccc4ec17e0a41f60ba172e89fe6d8d3ae68fa954ed85085cc251aa8131e3,Read current small bytes
02_runtime_checkpoint_v1_historical,Git,outputs/d2a_runtime_checkpoint_v1/work/d2a_cert_preflight/h500_switch_then_stay_S480_point_last_fast_read.json,outputs/d2a_runtime_checkpoint_v1/work/d2a_cert_preflight/h500_switch_then_stay_S480_point_last_fast_read.json,257911,473c97c04ad6c1527a267166050733ba47206c0a538a4530dc7efdae3760d7a0,Read current small bytes
02_runtime_checkpoint_v1_historical,Git,outputs/d2a_runtime_checkpoint_v1/work/d2a_cert_preflight/h500_switch_then_stay_S500_average250.json,outputs/d2a_runtime_checkpoint_v1/work/d2a_cert_preflight/h500_switch_then_stay_S500_average250.json,257846,240d95edf71f45402cf2d370123417eb7be6418bde67bc4ef4dc079e702ba997,Read current small bytes
02_runtime_checkpoint_v1_historical,Git,outputs/d2a_runtime_checkpoint_v1/work/d2a_cert_preflight/h500_switch_then_stay_S500_point_last_fast_read.json,outputs/d2a_runtime_checkpoint_v1/work/d2a_cert_preflight/h500_switch_then_stay_S500_point_last_fast_read.json,254968,dc5761f78c7d12a2fd2f0c153000817d5812c212de53d9ef4fab174ba8e1cf1f,Read current small bytes
02_runtime_checkpoint_v1_historical,Git,outputs/d2a_runtime_checkpoint_v1/work/d2a_cert_preflight/h500_switch_then_stay_S60_average250.json,outputs/d2a_runtime_checkpoint_v1/work/d2a_cert_preflight/h500_switch_then_stay_S60_average250.json,301029,6caaf18e9445b764ef9b7fd7c501fe75a723605b88f9e6bba6712613a4fbc5b8,Read current small bytes
02_runtime_checkpoint_v1_historical,Git,outputs/d2a_runtime_checkpoint_v1/work/d2a_cert_preflight/h500_switch_then_stay_S60_point_last_fast_read.json,outputs/d2a_runtime_checkpoint_v1/work/d2a_cert_preflight/h500_switch_then_stay_S60_point_last_fast_read.json,300447,f3c107ae9f7cb7cbcb4c8a4437630f3d6b6dd70fbf6d45a9d0897197d8cb441c,Read current small bytes
02_runtime_checkpoint_v1_historical,Git,outputs/d2a_runtime_checkpoint_v1/work/d2a_cert_preflight/h500_switch_then_stay_S80_average250.json,outputs/d2a_runtime_checkpoint_v1/work/d2a_cert_preflight/h500_switch_then_stay_S80_average250.json,289121,100c739f30f150cc049079fb07b617863041907727f9cbdcc879a0c7b1fc66ad,Read current small bytes
02_runtime_checkpoint_v1_historical,Git,outputs/d2a_runtime_checkpoint_v1/work/d2a_cert_preflight/h500_switch_then_stay_S80_point_last_fast_read.json,outputs/d2a_runtime_checkpoint_v1/work/d2a_cert_preflight/h500_switch_then_stay_S80_point_last_fast_read.json,288229,fe6c1c8d30ad9ecd2095ac98995890bddc3723447f26add0f095f9539ec08131,Read current small bytes
02_runtime_checkpoint_v1_historical,Git,outputs/d2a_runtime_checkpoint_v1/work/d2a_cert_preflight/h500_terminal_balanced_average250.json,outputs/d2a_runtime_checkpoint_v1/work/d2a_cert_preflight/h500_terminal_balanced_average250.json,257848,737691d0d3115e70db63b2555df8c0691de4970e2ff05d15df0cb38196d9043e,Read current small bytes
02_runtime_checkpoint_v1_historical,Git,outputs/d2a_runtime_checkpoint_v1/work/d2a_cert_preflight/h500_terminal_balanced_point_last_fast_read.json,outputs/d2a_runtime_checkpoint_v1/work/d2a_cert_preflight/h500_terminal_balanced_point_last_fast_read.json,254970,64a4c23551ed1cb6336cc8390ebe8f55f96ec5171a395a58fd1cca2b157dc381,Read current small bytes
02_runtime_checkpoint_v1_historical,Git,outputs/d2a_runtime_checkpoint_v1/work/d2a_cert_preflight/h600_fixed20_average250.json,outputs/d2a_runtime_checkpoint_v1/work/d2a_cert_preflight/h600_fixed20_average250.json,296385,484ef2a8976db367c0c48168362e20137b6b456700af17acce45895e807bbfd5,Read current small bytes
02_runtime_checkpoint_v1_historical,Git,outputs/d2a_runtime_checkpoint_v1/work/d2a_cert_preflight/h600_fixed20_point_last_fast_read.json,outputs/d2a_runtime_checkpoint_v1/work/d2a_cert_preflight/h600_fixed20_point_last_fast_read.json,295851,21563d40e8ab420703c74dfb7faeb218f79cc9acebe30603add411cd62892dd8,Read current small bytes
02_runtime_checkpoint_v1_historical,Git,outputs/d2a_runtime_checkpoint_v1/work/d2a_cert_preflight/h600_fixed40_average250.json,outputs/d2a_runtime_checkpoint_v1/work/d2a_cert_preflight/h600_fixed40_average250.json,356040,6316cdfcb1dc1015c3c2c551bfa3a10e178914a0de3208bed9fc25a8a34900a5,Read current small bytes
02_runtime_checkpoint_v1_historical,Git,outputs/d2a_runtime_checkpoint_v1/work/d2a_cert_preflight/h600_fixed40_point_last_fast_read.json,outputs/d2a_runtime_checkpoint_v1/work/d2a_cert_preflight/h600_fixed40_point_last_fast_read.json,355370,5f0253d76362c9f3d12067af38b5be8f11ea639e7c25e308c5ade37e2f390f8c,Read current small bytes
02_runtime_checkpoint_v1_historical,Git,outputs/d2a_runtime_checkpoint_v1/work/d2a_cert_preflight/h600_fixed76_average250.json,outputs/d2a_runtime_checkpoint_v1/work/d2a_cert_preflight/h600_fixed76_average250.json,394207,b31ac17fc72d364ba47a478d3a1203c44a873161dfb0b96ab09734f3e8c3652b,Read current small bytes
02_runtime_checkpoint_v1_historical,Git,outputs/d2a_runtime_checkpoint_v1/work/d2a_cert_preflight/h600_fixed76_point_last_fast_read.json,outputs/d2a_runtime_checkpoint_v1/work/d2a_cert_preflight/h600_fixed76_point_last_fast_read.json,393565,cf46e02fd0ec160e9e3dbc5014fb2951f8af6a154b07a5a42a626752e246001d,Read current small bytes
02_runtime_checkpoint_v1_historical,Git,outputs/d2a_runtime_checkpoint_v1/work/d2a_cert_preflight/h600_stay_average250.json,outputs/d2a_runtime_checkpoint_v1/work/d2a_cert_preflight/h600_stay_average250.json,389876,25fe29e8d7a074922ca0713d5a6c5460b2da6e702c91036b3b5d2f094724f7ac,Read current small bytes
02_runtime_checkpoint_v1_historical,Git,outputs/d2a_runtime_checkpoint_v1/work/d2a_cert_preflight/h600_stay_point_last_fast_read.json,outputs/d2a_runtime_checkpoint_v1/work/d2a_cert_preflight/h600_stay_point_last_fast_read.json,389749,ddc0a9de26476bd3bfdd3c891383efac45d55e1eac7e91232fe160c5bf43e05b,Read current small bytes
02_runtime_checkpoint_v1_historical,Git,outputs/d2a_runtime_checkpoint_v1/work/d2a_cert_preflight/h600_switch_then_stay_S100_average250.json,outputs/d2a_runtime_checkpoint_v1/work/d2a_cert_preflight/h600_switch_then_stay_S100_average250.json,367222,d025224a7b5fb8a4be9ef057d8b2729753a8e63bb312dd2421e079d518dd24e1,Read current small bytes
02_runtime_checkpoint_v1_historical,Git,outputs/d2a_runtime_checkpoint_v1/work/d2a_cert_preflight/h600_switch_then_stay_S100_point_last_fast_read.json,outputs/d2a_runtime_checkpoint_v1/work/d2a_cert_preflight/h600_switch_then_stay_S100_point_last_fast_read.json,366344,cf06900ce626ea48b37a91cd3f2f25661e7d7ed89a6dd3b59e5cc9b87cd37968,Read current small bytes
02_runtime_checkpoint_v1_historical,Git,outputs/d2a_runtime_checkpoint_v1/work/d2a_cert_preflight/h600_switch_then_stay_S120_average250.json,outputs/d2a_runtime_checkpoint_v1/work/d2a_cert_preflight/h600_switch_then_stay_S120_average250.json,369916,ffd6560183c0b2d821cbdbf3f0bccfbd8b6c653c7f5fb8a7f41073a4f89ff4a6,Read current small bytes
02_runtime_checkpoint_v1_historical,Git,outputs/d2a_runtime_checkpoint_v1/work/d2a_cert_preflight/h600_switch_then_stay_S120_point_last_fast_read.json,outputs/d2a_runtime_checkpoint_v1/work/d2a_cert_preflight/h600_switch_then_stay_S120_point_last_fast_read.json,368374,b5c943a5149e2ddb6fdbeebf8bf2e23ae30fc8867b7cb6bc60632113e3201968,Read current small bytes
02_runtime_checkpoint_v1_historical,Git,outputs/d2a_runtime_checkpoint_v1/work/d2a_cert_preflight/h600_switch_then_stay_S140_average250.json,outputs/d2a_runtime_checkpoint_v1/work/d2a_cert_preflight/h600_switch_then_stay_S140_average250.json,357846,1924ea507225452a6ac071b05ba7d4db9db1e6be61b6cb25d54e6a1c4be6fd15,Read current small bytes
02_runtime_checkpoint_v1_historical,Git,outputs/d2a_runtime_checkpoint_v1/work/d2a_cert_preflight/h600_switch_then_stay_S140_point_last_fast_read.json,outputs/d2a_runtime_checkpoint_v1/work/d2a_cert_preflight/h600_switch_then_stay_S140_point_last_fast_read.json,356919,9ef3c3af5c00b31c7c31bb3831d860e8d80c6454c7ba8c924a7065f40cb517fb,Read current small bytes
02_runtime_checkpoint_v1_historical,Git,outputs/d2a_runtime_checkpoint_v1/work/d2a_cert_preflight/h600_switch_then_stay_S160_average250.json,outputs/d2a_runtime_checkpoint_v1/work/d2a_cert_preflight/h600_switch_then_stay_S160_average250.json,360931,8129a264c29acda5d837c5f64d89553e16bf041418c913b8b8145f61b20ac214,Read current small bytes
02_runtime_checkpoint_v1_historical,Git,outputs/d2a_runtime_checkpoint_v1/work/d2a_cert_preflight/h600_switch_then_stay_S160_point_last_fast_read.json,outputs/d2a_runtime_checkpoint_v1/work/d2a_cert_preflight/h600_switch_then_stay_S160_point_last_fast_read.json,359100,18095a057f42ffdffac9f12f94ecde4dd98aebc0785c4c7dcf9c0216ea06cf42,Read current small bytes
02_runtime_checkpoint_v1_historical,Git,outputs/d2a_runtime_checkpoint_v1/work/d2a_cert_preflight/h600_switch_then_stay_S180_average250.json,outputs/d2a_runtime_checkpoint_v1/work/d2a_cert_preflight/h600_switch_then_stay_S180_average250.json,363460,2f75e3a0952e7e5a0368dd8e2960c78e55f49a28c58a523d1f23e8cbe5bbc011,Read current small bytes
02_runtime_checkpoint_v1_historical,Git,outputs/d2a_runtime_checkpoint_v1/work/d2a_cert_preflight/h600_switch_then_stay_S180_point_last_fast_read.json,outputs/d2a_runtime_checkpoint_v1/work/d2a_cert_preflight/h600_switch_then_stay_S180_point_last_fast_read.json,362958,840ab33a79fb73320d0a30a34e4f4acb88f5f9515a83aa5f93a63eb603617241,Read current small bytes
02_runtime_checkpoint_v1_historical,Git,outputs/d2a_runtime_checkpoint_v1/work/d2a_cert_preflight/h600_switch_then_stay_S200_average250.json,outputs/d2a_runtime_checkpoint_v1/work/d2a_cert_preflight/h600_switch_then_stay_S200_average250.json,351454,ccb2cfd8a904c3240c9268d71cded1a5cd934aa5962699ca93fe09a2910fccfd,Read current small bytes
02_runtime_checkpoint_v1_historical,Git,outputs/d2a_runtime_checkpoint_v1/work/d2a_cert_preflight/h600_switch_then_stay_S200_point_last_fast_read.json,outputs/d2a_runtime_checkpoint_v1/work/d2a_cert_preflight/h600_switch_then_stay_S200_point_last_fast_read.json,350110,fc28dc9b72530eb3346e6c10990295d2071de6e36f99dba7ad4ceca9867aaffe,Read current small bytes
02_runtime_checkpoint_v1_historical,Git,outputs/d2a_runtime_checkpoint_v1/work/d2a_cert_preflight/h600_switch_then_stay_S20_average250.json,outputs/d2a_runtime_checkpoint_v1/work/d2a_cert_preflight/h600_switch_then_stay_S20_average250.json,389886,36c60df624c2ba6dbabba341b24a6ccb31d79f7af762964ec44ee440080db5e4,Read current small bytes
02_runtime_checkpoint_v1_historical,Git,outputs/d2a_runtime_checkpoint_v1/work/d2a_cert_preflight/h600_switch_then_stay_S20_point_last_fast_read.json,outputs/d2a_runtime_checkpoint_v1/work/d2a_cert_preflight/h600_switch_then_stay_S20_point_last_fast_read.json,389759,c07d24e12e5c018919eeb190a8a0cdd4945efcfa4031bb70ab936d92bdeb7604,Read current small bytes
02_runtime_checkpoint_v1_historical,Git,outputs/d2a_runtime_checkpoint_v1/work/d2a_cert_preflight/h600_switch_then_stay_S220_average250.json,outputs/d2a_runtime_checkpoint_v1/work/d2a_cert_preflight/h600_switch_then_stay_S220_average250.json,354016,06b715e8ac1ea468e49c32a2537e77bf577345b15cb05530c1d6ea2ab3206691,Read current small bytes
02_runtime_checkpoint_v1_historical,Git,outputs/d2a_runtime_checkpoint_v1/work/d2a_cert_preflight/h600_switch_then_stay_S220_point_last_fast_read.json,outputs/d2a_runtime_checkpoint_v1/work/d2a_cert_preflight/h600_switch_then_stay_S220_point_last_fast_read.json,354045,1fa871cfe9a4e572617d51b59e6f4fd6653c197c30820f177bb3d0fc21ac6ced,Read current small bytes
02_runtime_checkpoint_v1_historical,Git,outputs/d2a_runtime_checkpoint_v1/work/d2a_cert_preflight/h600_switch_then_stay_S240_average250.json,outputs/d2a_runtime_checkpoint_v1/work/d2a_cert_preflight/h600_switch_then_stay_S240_average250.json,356443,03dba52ece61f534846dd2c86922ac34f2d7ab93dbef24e03ea164e87ab14bf0,Read current small bytes
02_runtime_checkpoint_v1_historical,Git,outputs/d2a_runtime_checkpoint_v1/work/d2a_cert_preflight/h600_switch_then_stay_S240_point_last_fast_read.json,outputs/d2a_runtime_checkpoint_v1/work/d2a_cert_preflight/h600_switch_then_stay_S240_point_last_fast_read.json,355795,d11b18cda7e9d87dad7636fd96a0b2336d53c19189e6fe2c5949a3e11d993eee,Read current small bytes
02_runtime_checkpoint_v1_historical,Git,outputs/d2a_runtime_checkpoint_v1/work/d2a_cert_preflight/h600_switch_then_stay_S260_average250.json,outputs/d2a_runtime_checkpoint_v1/work/d2a_cert_preflight/h600_switch_then_stay_S260_average250.json,345618,0f60c1cb3c775117059bbbfd93ba62b7eb31f14e6badf07db7440be034f468bb,Read current small bytes
02_runtime_checkpoint_v1_historical,Git,outputs/d2a_runtime_checkpoint_v1/work/d2a_cert_preflight/h600_switch_then_stay_S260_point_last_fast_read.json,outputs/d2a_runtime_checkpoint_v1/work/d2a_cert_preflight/h600_switch_then_stay_S260_point_last_fast_read.json,345065,11c6b4e12fdbd3ad556bb1c6636e08d8b3ee05b67b38294faa1a392a2284713a,Read current small bytes
02_runtime_checkpoint_v1_historical,Git,outputs/d2a_runtime_checkpoint_v1/work/d2a_cert_preflight/h600_switch_then_stay_S280_average250.json,outputs/d2a_runtime_checkpoint_v1/work/d2a_cert_preflight/h600_switch_then_stay_S280_average250.json,348301,7a8ef848d2e6b682fef26a07bc19acf6248a2ea185615a737701e74452c8176c,Read current small bytes
02_runtime_checkpoint_v1_historical,Git,outputs/d2a_runtime_checkpoint_v1/work/d2a_cert_preflight/h600_switch_then_stay_S280_point_last_fast_read.json,outputs/d2a_runtime_checkpoint_v1/work/d2a_cert_preflight/h600_switch_then_stay_S280_point_last_fast_read.json,348264,e544dd0844d9b0222ba7dd07c25db3e9fe13b003693a8c269b9cc848bda61c58,Read current small bytes
02_runtime_checkpoint_v1_historical,Git,outputs/d2a_runtime_checkpoint_v1/work/d2a_cert_preflight/h600_switch_then_stay_S300_average250.json,outputs/d2a_runtime_checkpoint_v1/work/d2a_cert_preflight/h600_switch_then_stay_S300_average250.json,350752,db0015dd0a87f1d08dd61e4202d70806fbea9916ae9019fe0a3e01f03e786f4f,Read current small bytes
02_runtime_checkpoint_v1_historical,Git,outputs/d2a_runtime_checkpoint_v1/work/d2a_cert_preflight/h600_switch_then_stay_S300_point_last_fast_read.json,outputs/d2a_runtime_checkpoint_v1/work/d2a_cert_preflight/h600_switch_then_stay_S300_point_last_fast_read.json,351220,88bc6aed7e5df7918e5bee98f01b2f10cb7b655f01016dc3389f85714da25def,Read current small bytes
02_runtime_checkpoint_v1_historical,Git,outputs/d2a_runtime_checkpoint_v1/work/d2a_cert_preflight/h600_switch_then_stay_S320_average250.json,outputs/d2a_runtime_checkpoint_v1/work/d2a_cert_preflight/h600_switch_then_stay_S320_average250.json,355324,571516288cebaece27ca174c068a82f7b9542698c6855f631ffe9e2b666e4ca2,Read current small bytes
02_runtime_checkpoint_v1_historical,Git,outputs/d2a_runtime_checkpoint_v1/work/d2a_cert_preflight/h600_switch_then_stay_S320_point_last_fast_read.json,outputs/d2a_runtime_checkpoint_v1/work/d2a_cert_preflight/h600_switch_then_stay_S320_point_last_fast_read.json,352791,8ef1ebf216abfed3ff7c3f77ba11a5b6b99dd2dc72584678dcff038f24d26ae7,Read current small bytes
02_runtime_checkpoint_v1_historical,Git,outputs/d2a_runtime_checkpoint_v1/work/d2a_cert_preflight/h600_switch_then_stay_S340_average250.json,outputs/d2a_runtime_checkpoint_v1/work/d2a_cert_preflight/h600_switch_then_stay_S340_average250.json,342588,ee3fbb24e9110314d611fbc8090ea44f64166e8e7f8b8553d3e9f108a642406f,Read current small bytes
02_runtime_checkpoint_v1_historical,Git,outputs/d2a_runtime_checkpoint_v1/work/d2a_cert_preflight/h600_switch_then_stay_S340_point_last_fast_read.json,outputs/d2a_runtime_checkpoint_v1/work/d2a_cert_preflight/h600_switch_then_stay_S340_point_last_fast_read.json,340112,19bd5d68f34c90c3698ad9751ed01856444bebf159f9139b7ba75f5a9fb93b3c,Read current small bytes
02_runtime_checkpoint_v1_historical,Git,outputs/d2a_runtime_checkpoint_v1/work/d2a_cert_preflight/h600_switch_then_stay_S360_average250.json,outputs/d2a_runtime_checkpoint_v1/work/d2a_cert_preflight/h600_switch_then_stay_S360_average250.json,344808,e463039395831a858ffe801f500b63780173d634a973a1ff728ec574b617b4ba,Read current small bytes
02_runtime_checkpoint_v1_historical,Git,outputs/d2a_runtime_checkpoint_v1/work/d2a_cert_preflight/h600_switch_then_stay_S360_point_last_fast_read.json,outputs/d2a_runtime_checkpoint_v1/work/d2a_cert_preflight/h600_switch_then_stay_S360_point_last_fast_read.json,345874,3116286f5ed1d933384bf5a1b866a8fc304372480d4b0a36969ba88bf34fabb5,Read current small bytes
02_runtime_checkpoint_v1_historical,Git,outputs/d2a_runtime_checkpoint_v1/work/d2a_cert_preflight/h600_switch_then_stay_S380_average250.json,outputs/d2a_runtime_checkpoint_v1/work/d2a_cert_preflight/h600_switch_then_stay_S380_average250.json,349593,ba2cb5574fd4c6a513d6a726a0ef5a7f5efe4a23d8987d51004ab07dc1886230,Read current small bytes
02_runtime_checkpoint_v1_historical,Git,outputs/d2a_runtime_checkpoint_v1/work/d2a_cert_preflight/h600_switch_then_stay_S380_point_last_fast_read.json,outputs/d2a_runtime_checkpoint_v1/work/d2a_cert_preflight/h600_switch_then_stay_S380_point_last_fast_read.json,345964,d115ffd3fe7bc85872e888817ade96b4013c699b992cb1cd6a7e4179ef44b068,Read current small bytes
02_runtime_checkpoint_v1_historical,Git,outputs/d2a_runtime_checkpoint_v1/work/d2a_cert_preflight/h600_switch_then_stay_S400_average250.json,outputs/d2a_runtime_checkpoint_v1/work/d2a_cert_preflight/h600_switch_then_stay_S400_average250.json,351835,9fc0ffa7e2a9a8344ae0dac24e091390ae7638605320bcdc025edbac48ac24f9,Read current small bytes
02_runtime_checkpoint_v1_historical,Git,outputs/d2a_runtime_checkpoint_v1/work/d2a_cert_preflight/h600_switch_then_stay_S400_point_last_fast_read.json,outputs/d2a_runtime_checkpoint_v1/work/d2a_cert_preflight/h600_switch_then_stay_S400_point_last_fast_read.json,351611,80a64e910a8d41ad9cbff85d3c26f2709986cd39ea9b7cb12175417725c20b0a,Read current small bytes
02_runtime_checkpoint_v1_historical,Git,outputs/d2a_runtime_checkpoint_v1/work/d2a_cert_preflight/h600_switch_then_stay_S40_average250.json,outputs/d2a_runtime_checkpoint_v1/work/d2a_cert_preflight/h600_switch_then_stay_S40_average250.json,376400,1eae1416db032cc3ac2cc8d3a2006fa7163b666e5802e8fdcc14c2cc2fe7f77a,Read current small bytes
02_runtime_checkpoint_v1_historical,Git,outputs/d2a_runtime_checkpoint_v1/work/d2a_cert_preflight/h600_switch_then_stay_S40_point_last_fast_read.json,outputs/d2a_runtime_checkpoint_v1/work/d2a_cert_preflight/h600_switch_then_stay_S40_point_last_fast_read.json,376325,d0e38f2f2ac622564596dfac2f86693220d1f96d81c48d4d73dfc44f9cc71572,Read current small bytes
02_runtime_checkpoint_v1_historical,Git,outputs/d2a_runtime_checkpoint_v1/work/d2a_cert_preflight/h600_switch_then_stay_S420_average250.json,outputs/d2a_runtime_checkpoint_v1/work/d2a_cert_preflight/h600_switch_then_stay_S420_average250.json,351855,7339ef8244bc15708556bb9e0424e61a0b7660e97842b12e36750738cddcd8e7,Read current small bytes
02_runtime_checkpoint_v1_historical,Git,outputs/d2a_runtime_checkpoint_v1/work/d2a_cert_preflight/h600_switch_then_stay_S420_point_last_fast_read.json,outputs/d2a_runtime_checkpoint_v1/work/d2a_cert_preflight/h600_switch_then_stay_S420_point_last_fast_read.json,351432,fcdcda7fb7d6214e85b4b2c9f4e1172bb7572f796c018a5d10511d91c6cad5d5,Read current small bytes
02_runtime_checkpoint_v1_historical,Git,outputs/d2a_runtime_checkpoint_v1/work/d2a_cert_preflight/h600_switch_then_stay_S440_average250.json,outputs/d2a_runtime_checkpoint_v1/work/d2a_cert_preflight/h600_switch_then_stay_S440_average250.json,335323,c215206682ef409c0ec01154c3fbc38d166d096406a6f6fe110c8fc0fa3acbec,Read current small bytes
02_runtime_checkpoint_v1_historical,Git,outputs/d2a_runtime_checkpoint_v1/work/d2a_cert_preflight/h600_switch_then_stay_S440_point_last_fast_read.json,outputs/d2a_runtime_checkpoint_v1/work/d2a_cert_preflight/h600_switch_then_stay_S440_point_last_fast_read.json,335123,3ec5a39ff1d5d30af0a3a2b95bcc2d2d6e7633310e5a59b9af9a62b1f8fad760,Read current small bytes
02_runtime_checkpoint_v1_historical,Git,outputs/d2a_runtime_checkpoint_v1/work/d2a_cert_preflight/h600_switch_then_stay_S460_average250.json,outputs/d2a_runtime_checkpoint_v1/work/d2a_cert_preflight/h600_switch_then_stay_S460_average250.json,335442,2de9b711487e5b19cba87dc59e8a1e71dd1d46c6effd26951ef3527628d6fa47,Read current small bytes
02_runtime_checkpoint_v1_historical,Git,outputs/d2a_runtime_checkpoint_v1/work/d2a_cert_preflight/h600_switch_then_stay_S460_point_last_fast_read.json,outputs/d2a_runtime_checkpoint_v1/work/d2a_cert_preflight/h600_switch_then_stay_S460_point_last_fast_read.json,332559,6e91100ac616f7e4aafac4b00a7e46e34c5f1d79273d8077eddac5a286e6c127,Read current small bytes
02_runtime_checkpoint_v1_historical,Git,outputs/d2a_runtime_checkpoint_v1/work/d2a_cert_preflight/h600_switch_then_stay_S480_average250.json,outputs/d2a_runtime_checkpoint_v1/work/d2a_cert_preflight/h600_switch_then_stay_S480_average250.json,334839,1cd3a18303d88066e92d780adaf9f9460951309a4577e17a3bd511430bb32b79,Read current small bytes
02_runtime_checkpoint_v1_historical,Git,outputs/d2a_runtime_checkpoint_v1/work/d2a_cert_preflight/h600_switch_then_stay_S480_point_last_fast_read.json,outputs/d2a_runtime_checkpoint_v1/work/d2a_cert_preflight/h600_switch_then_stay_S480_point_last_fast_read.json,334657,bfb2270a9e003f85b4a39ed0dff5e5da2b035f36c07d5cf85bf85930b91524f2,Read current small bytes
02_runtime_checkpoint_v1_historical,Git,outputs/d2a_runtime_checkpoint_v1/work/d2a_cert_preflight/h600_switch_then_stay_S500_average250.json,outputs/d2a_runtime_checkpoint_v1/work/d2a_cert_preflight/h600_switch_then_stay_S500_average250.json,334024,4d270d6d9f30b63b7ecf042e0028ebece480bf9eead6ff24ea1f9e98c145fef7,Read current small bytes
02_runtime_checkpoint_v1_historical,Git,outputs/d2a_runtime_checkpoint_v1/work/d2a_cert_preflight/h600_switch_then_stay_S500_point_last_fast_read.json,outputs/d2a_runtime_checkpoint_v1/work/d2a_cert_preflight/h600_switch_then_stay_S500_point_last_fast_read.json,334761,c751998c497243afa2133381c163df0280dfc78565a4777035c3da16e2fc2aef,Read current small bytes
02_runtime_checkpoint_v1_historical,Git,outputs/d2a_runtime_checkpoint_v1/work/d2a_cert_preflight/h600_switch_then_stay_S520_average250.json,outputs/d2a_runtime_checkpoint_v1/work/d2a_cert_preflight/h600_switch_then_stay_S520_average250.json,335062,1a08755e0f4e707e629710601507f89cbebac64c7548fa40d6615aa7bb92cbdf,Read current small bytes
02_runtime_checkpoint_v1_historical,Git,outputs/d2a_runtime_checkpoint_v1/work/d2a_cert_preflight/h600_switch_then_stay_S520_point_last_fast_read.json,outputs/d2a_runtime_checkpoint_v1/work/d2a_cert_preflight/h600_switch_then_stay_S520_point_last_fast_read.json,334712,36d4b9bca20364ebfdc070cf0930e73b954d4638fe613b640f5c04c5c3a1af93,Read current small bytes
02_runtime_checkpoint_v1_historical,Git,outputs/d2a_runtime_checkpoint_v1/work/d2a_cert_preflight/h600_switch_then_stay_S540_average250.json,outputs/d2a_runtime_checkpoint_v1/work/d2a_cert_preflight/h600_switch_then_stay_S540_average250.json,319090,46dc31ac6153055d7cc32dd7cde4296727ea2066789aea7ac896ab5654084878,Read current small bytes
02_runtime_checkpoint_v1_historical,Git,outputs/d2a_runtime_checkpoint_v1/work/d2a_cert_preflight/h600_switch_then_stay_S540_point_last_fast_read.json,outputs/d2a_runtime_checkpoint_v1/work/d2a_cert_preflight/h600_switch_then_stay_S540_point_last_fast_read.json,317900,61bdc3dfdaf5866780326b32a7161a1be7fcfb75e108319c8e42e06860bbb40a,Read current small bytes
02_runtime_checkpoint_v1_historical,Git,outputs/d2a_runtime_checkpoint_v1/work/d2a_cert_preflight/h600_switch_then_stay_S560_average250.json,outputs/d2a_runtime_checkpoint_v1/work/d2a_cert_preflight/h600_switch_then_stay_S560_average250.json,318351,1390544c99370027946bace4e298a7c70766eb122ca3f534bde8319399beb487,Read current small bytes
02_runtime_checkpoint_v1_historical,Git,outputs/d2a_runtime_checkpoint_v1/work/d2a_cert_preflight/h600_switch_then_stay_S560_point_last_fast_read.json,outputs/d2a_runtime_checkpoint_v1/work/d2a_cert_preflight/h600_switch_then_stay_S560_point_last_fast_read.json,319039,fe89cf0e95ca69116396a1b2b5569c3da9479f5852256cd2356e2fa93061769e,Read current small bytes
02_runtime_checkpoint_v1_historical,Git,outputs/d2a_runtime_checkpoint_v1/work/d2a_cert_preflight/h600_switch_then_stay_S580_average250.json,outputs/d2a_runtime_checkpoint_v1/work/d2a_cert_preflight/h600_switch_then_stay_S580_average250.json,316371,f1a0a431a4caa0567ae6c012fa08a856fa675feee83c4ef934ee76f26cde7852,Read current small bytes
02_runtime_checkpoint_v1_historical,Git,outputs/d2a_runtime_checkpoint_v1/work/d2a_cert_preflight/h600_switch_then_stay_S580_point_last_fast_read.json,outputs/d2a_runtime_checkpoint_v1/work/d2a_cert_preflight/h600_switch_then_stay_S580_point_last_fast_read.json,317027,8825995945a2ba70c29237e2c54a3b1f097749ecec7877ab6acc15b9c9d62922,Read current small bytes
02_runtime_checkpoint_v1_historical,Git,outputs/d2a_runtime_checkpoint_v1/work/d2a_cert_preflight/h600_switch_then_stay_S600_average250.json,outputs/d2a_runtime_checkpoint_v1/work/d2a_cert_preflight/h600_switch_then_stay_S600_average250.json,316850,8127934671c502ee55c7fae5403c798e949834cc1c2443ee092da9d4e048f55a,Read current small bytes
02_runtime_checkpoint_v1_historical,Git,outputs/d2a_runtime_checkpoint_v1/work/d2a_cert_preflight/h600_switch_then_stay_S600_point_last_fast_read.json,outputs/d2a_runtime_checkpoint_v1/work/d2a_cert_preflight/h600_switch_then_stay_S600_point_last_fast_read.json,316825,3baaa4f36a96edeac9f4c5be7c3dab5629cc83494098f74528b4f574980b1443,Read current small bytes
02_runtime_checkpoint_v1_historical,Git,outputs/d2a_runtime_checkpoint_v1/work/d2a_cert_preflight/h600_switch_then_stay_S60_average250.json,outputs/d2a_runtime_checkpoint_v1/work/d2a_cert_preflight/h600_switch_then_stay_S60_average250.json,376783,496a4072625457f2841f26fdff8e12c8ed702b834302e9917463e54a6fdfbe50,Read current small bytes
02_runtime_checkpoint_v1_historical,Git,outputs/d2a_runtime_checkpoint_v1/work/d2a_cert_preflight/h600_switch_then_stay_S60_point_last_fast_read.json,outputs/d2a_runtime_checkpoint_v1/work/d2a_cert_preflight/h600_switch_then_stay_S60_point_last_fast_read.json,377009,5716fa615afc8fac8a305901765e154f360b3f1212861f53d3c8b267477d0606,Read current small bytes
02_runtime_checkpoint_v1_historical,Git,outputs/d2a_runtime_checkpoint_v1/work/d2a_cert_preflight/h600_switch_then_stay_S80_average250.json,outputs/d2a_runtime_checkpoint_v1/work/d2a_cert_preflight/h600_switch_then_stay_S80_average250.json,365808,9f20016302331ea1da3cd4ebe808d04806fa7b7f6a26c7dc20a0b8bc1a2af726,Read current small bytes
02_runtime_checkpoint_v1_historical,Git,outputs/d2a_runtime_checkpoint_v1/work/d2a_cert_preflight/h600_switch_then_stay_S80_point_last_fast_read.json,outputs/d2a_runtime_checkpoint_v1/work/d2a_cert_preflight/h600_switch_then_stay_S80_point_last_fast_read.json,364867,a295a52997900c94d61268acf39744ad732580b4b5e2836d211cabf9598a23f5,Read current small bytes
02_runtime_checkpoint_v1_historical,Git,outputs/d2a_runtime_checkpoint_v1/work/d2a_cert_preflight/h600_terminal_balanced_average250.json,outputs/d2a_runtime_checkpoint_v1/work/d2a_cert_preflight/h600_terminal_balanced_average250.json,316852,a6f4f44bd44848f4226d355496dc9d2edc1a7e9e8bb4587d5894139287ed51aa,Read current small bytes
02_runtime_checkpoint_v1_historical,Git,outputs/d2a_runtime_checkpoint_v1/work/d2a_cert_preflight/h600_terminal_balanced_point_last_fast_read.json,outputs/d2a_runtime_checkpoint_v1/work/d2a_cert_preflight/h600_terminal_balanced_point_last_fast_read.json,316827,cbe420fd66009db10f14d2b25b71812ae7d4508d2cb2fd2e1e7fb7dd22f6dbd7,Read current small bytes
02_runtime_checkpoint_v1_historical,Git,outputs/d2a_runtime_checkpoint_v1/work/d2a_cert_preflight/h60_fixed20_average250.json,outputs/d2a_runtime_checkpoint_v1/work/d2a_cert_preflight/h60_fixed20_average250.json,29290,80c33ef714c7cb2481fbbf25f37f119c6db7d9bc05c3a27b9a1f9de5f86d8ea0,Read current small bytes
02_runtime_checkpoint_v1_historical,Git,outputs/d2a_runtime_checkpoint_v1/work/d2a_cert_preflight/h60_fixed20_point_last_fast_read.json,outputs/d2a_runtime_checkpoint_v1/work/d2a_cert_preflight/h60_fixed20_point_last_fast_read.json,29226,b75aa320e1d48949763e9cc717229041418593f16f6b440065a11c547836f820,Read current small bytes
02_runtime_checkpoint_v1_historical,Git,outputs/d2a_runtime_checkpoint_v1/work/d2a_cert_preflight/h60_fixed40_average250.json,outputs/d2a_runtime_checkpoint_v1/work/d2a_cert_preflight/h60_fixed40_average250.json,32771,275c07e8e049495e77c6059e3c62962f858264594dc8d7849ddbc90398bc8ebd,Read current small bytes
02_runtime_checkpoint_v1_historical,Git,outputs/d2a_runtime_checkpoint_v1/work/d2a_cert_preflight/h60_fixed40_point_last_fast_read.json,outputs/d2a_runtime_checkpoint_v1/work/d2a_cert_preflight/h60_fixed40_point_last_fast_read.json,32703,45090a7de186123efc491c7a516cbfa470b845327604aeacb4b5a503ca1e07f4,Read current small bytes
02_runtime_checkpoint_v1_historical,Git,outputs/d2a_runtime_checkpoint_v1/work/d2a_cert_preflight/h60_fixed76_average250.json,outputs/d2a_runtime_checkpoint_v1/work/d2a_cert_preflight/h60_fixed76_average250.json,35741,262dde8178b0b0f50237df6a18394fd56e9780d5f83f252f20a5ed05ecbcacc1,Read current small bytes
02_runtime_checkpoint_v1_historical,Git,outputs/d2a_runtime_checkpoint_v1/work/d2a_cert_preflight/h60_fixed76_point_last_fast_read.json,outputs/d2a_runtime_checkpoint_v1/work/d2a_cert_preflight/h60_fixed76_point_last_fast_read.json,35641,68d2967d8a882f42c8ad0e8ee69012e1992c2e40c50c2f5f2a52294fd99c9b3a,Read current small bytes
02_runtime_checkpoint_v1_historical,Git,outputs/d2a_runtime_checkpoint_v1/work/d2a_cert_preflight/h60_stay_average250.json,outputs/d2a_runtime_checkpoint_v1/work/d2a_cert_preflight/h60_stay_average250.json,35738,9ff0783165e67dee11d765087306f9295f7c13e53c0e0caabccbbf96c47fdaf1,Read current small bytes
02_runtime_checkpoint_v1_historical,Git,outputs/d2a_runtime_checkpoint_v1/work/d2a_cert_preflight/h60_stay_point_last_fast_read.json,outputs/d2a_runtime_checkpoint_v1/work/d2a_cert_preflight/h60_stay_point_last_fast_read.json,35638,c857d60793d2a76560e20f7378523decfcc60457b0688f1a31c3e99aab2d8d93,Read current small bytes
02_runtime_checkpoint_v1_historical,Git,outputs/d2a_runtime_checkpoint_v1/work/d2a_cert_preflight/h60_switch_then_stay_S20_average250.json,outputs/d2a_runtime_checkpoint_v1/work/d2a_cert_preflight/h60_switch_then_stay_S20_average250.json,35748,c7eebe61150e102f18dfcdd7f7ea586e6454505d2991518468550ce41554685d,Read current small bytes
02_runtime_checkpoint_v1_historical,Git,outputs/d2a_runtime_checkpoint_v1/work/d2a_cert_preflight/h60_switch_then_stay_S20_point_last_fast_read.json,outputs/d2a_runtime_checkpoint_v1/work/d2a_cert_preflight/h60_switch_then_stay_S20_point_last_fast_read.json,35648,4c5e75dc541e4851c5eb95dfe8fb389a668bab0f0f17175d6b9e3d7ce97589e4,Read current small bytes
02_runtime_checkpoint_v1_historical,Git,outputs/d2a_runtime_checkpoint_v1/work/d2a_cert_preflight/h60_switch_then_stay_S40_average250.json,outputs/d2a_runtime_checkpoint_v1/work/d2a_cert_preflight/h60_switch_then_stay_S40_average250.json,22866,10ed17a7ad2ff9c7aa3877ba1e33e40bf2372ebe3cc7daa473e9cf236c1d0593,Read current small bytes
02_runtime_checkpoint_v1_historical,Git,outputs/d2a_runtime_checkpoint_v1/work/d2a_cert_preflight/h60_switch_then_stay_S40_point_last_fast_read.json,outputs/d2a_runtime_checkpoint_v1/work/d2a_cert_preflight/h60_switch_then_stay_S40_point_last_fast_read.json,22818,9f2c9a1d436541819dfc503d6ceb9c08faa089e309aee468d8ed3745450dec89,Read current small bytes
02_runtime_checkpoint_v1_historical,Git,outputs/d2a_runtime_checkpoint_v1/work/d2a_cert_preflight/h60_switch_then_stay_S60_average250.json,outputs/d2a_runtime_checkpoint_v1/work/d2a_cert_preflight/h60_switch_then_stay_S60_average250.json,25727,b57b57d7bbdbf752c3988fc62f2bb0938002995a9474109e8fbede9572293495,Read current small bytes
02_runtime_checkpoint_v1_historical,Git,outputs/d2a_runtime_checkpoint_v1/work/d2a_cert_preflight/h60_switch_then_stay_S60_point_last_fast_read.json,outputs/d2a_runtime_checkpoint_v1/work/d2a_cert_preflight/h60_switch_then_stay_S60_point_last_fast_read.json,25814,bafffb73f537e639b3e78c472701b821ca89583d52e212dda60e73ff7254deff,Read current small bytes
02_runtime_checkpoint_v1_historical,Git,outputs/d2a_runtime_checkpoint_v1/work/d2a_cert_preflight/h60_terminal_balanced_average250.json,outputs/d2a_runtime_checkpoint_v1/work/d2a_cert_preflight/h60_terminal_balanced_average250.json,25730,eda54ddbc6c4783eaf8680b2c90057e2b56b933bfb2df561135000c7e53fa35f,Read current small bytes
02_runtime_checkpoint_v1_historical,Git,outputs/d2a_runtime_checkpoint_v1/work/d2a_cert_preflight/h60_terminal_balanced_point_last_fast_read.json,outputs/d2a_runtime_checkpoint_v1/work/d2a_cert_preflight/h60_terminal_balanced_point_last_fast_read.json,25817,7fc23ddd8d7d82b235db4d433b385199208caccd072c5183ef1d342bda475a60,Read current small bytes
02_runtime_checkpoint_v1_historical,Git,outputs/d2a_runtime_checkpoint_v1/work/d2a_cert_preflight/h80_fixed20_average250.json,outputs/d2a_runtime_checkpoint_v1/work/d2a_cert_preflight/h80_fixed20_average250.json,38200,13296542e910079a20eed257730038065bfb4dffdc58bdcf1d4fa8ba1c213eab,Read current small bytes
02_runtime_checkpoint_v1_historical,Git,outputs/d2a_runtime_checkpoint_v1/work/d2a_cert_preflight/h80_fixed20_point_last_fast_read.json,outputs/d2a_runtime_checkpoint_v1/work/d2a_cert_preflight/h80_fixed20_point_last_fast_read.json,38246,9a652a5dbe61c286f894572eae705bf7e3a4f52a7bf3d20bd53ae776a537e498,Read current small bytes
02_runtime_checkpoint_v1_historical,Git,outputs/d2a_runtime_checkpoint_v1/work/d2a_cert_preflight/h80_fixed40_average250.json,outputs/d2a_runtime_checkpoint_v1/work/d2a_cert_preflight/h80_fixed40_average250.json,44767,ede8c3ded6db42d788e7d8124a2134240615d94a33d9f0b1684605f10e879f7a,Read current small bytes
02_runtime_checkpoint_v1_historical,Git,outputs/d2a_runtime_checkpoint_v1/work/d2a_cert_preflight/h80_fixed40_point_last_fast_read.json,outputs/d2a_runtime_checkpoint_v1/work/d2a_cert_preflight/h80_fixed40_point_last_fast_read.json,44671,25da19f4c0f632111a133ddc0ba35839f2cb993537085a6f8589736d50e88dfd,Read current small bytes
02_runtime_checkpoint_v1_historical,Git,outputs/d2a_runtime_checkpoint_v1/work/d2a_cert_preflight/h80_fixed76_average250.json,outputs/d2a_runtime_checkpoint_v1/work/d2a_cert_preflight/h80_fixed76_average250.json,46817,aab0f173985be704aa08eda55526c16ead2e2dc1856aca3db70e47ce591e4b7c,Read current small bytes
02_runtime_checkpoint_v1_historical,Git,outputs/d2a_runtime_checkpoint_v1/work/d2a_cert_preflight/h80_fixed76_point_last_fast_read.json,outputs/d2a_runtime_checkpoint_v1/work/d2a_cert_preflight/h80_fixed76_point_last_fast_read.json,46689,1d508e16a9b1a415a50f3c570f04a5b395ed8601ba985692d16273662ddf0ba8,Read current small bytes
02_runtime_checkpoint_v1_historical,Git,outputs/d2a_runtime_checkpoint_v1/work/d2a_cert_preflight/h80_stay_average250.json,outputs/d2a_runtime_checkpoint_v1/work/d2a_cert_preflight/h80_stay_average250.json,46814,ca466e01a1986db445bdb6830f36d827a71947b3b86eb7a9b4654424ec5b4c93,Read current small bytes
02_runtime_checkpoint_v1_historical,Git,outputs/d2a_runtime_checkpoint_v1/work/d2a_cert_preflight/h80_stay_point_last_fast_read.json,outputs/d2a_runtime_checkpoint_v1/work/d2a_cert_preflight/h80_stay_point_last_fast_read.json,46686,6dea9a40553adf1c736c19ca40b810dcf12c5d65fb29e636e407b10514c5ae1d,Read current small bytes
02_runtime_checkpoint_v1_historical,Git,outputs/d2a_runtime_checkpoint_v1/work/d2a_cert_preflight/h80_switch_then_stay_S20_average250.json,outputs/d2a_runtime_checkpoint_v1/work/d2a_cert_preflight/h80_switch_then_stay_S20_average250.json,46824,8f9eb2616501117df933b05fc1ce198c092f61b4ac1a8abc36fdbea23d9b6786,Read current small bytes
02_runtime_checkpoint_v1_historical,Git,outputs/d2a_runtime_checkpoint_v1/work/d2a_cert_preflight/h80_switch_then_stay_S20_point_last_fast_read.json,outputs/d2a_runtime_checkpoint_v1/work/d2a_cert_preflight/h80_switch_then_stay_S20_point_last_fast_read.json,46696,4c7a6791f39e7915ea93b950726465e5c1df33745b6acc8491393dc5bd6f8046,Read current small bytes
02_runtime_checkpoint_v1_historical,Git,outputs/d2a_runtime_checkpoint_v1/work/d2a_cert_preflight/h80_switch_then_stay_S40_average250.json,outputs/d2a_runtime_checkpoint_v1/work/d2a_cert_preflight/h80_switch_then_stay_S40_average250.json,33942,21e49cb249db0dcdbc0b89fc62262815cb27bb3653d2bcee5985e5d3ccc1f2e5,Read current small bytes
02_runtime_checkpoint_v1_historical,Git,outputs/d2a_runtime_checkpoint_v1/work/d2a_cert_preflight/h80_switch_then_stay_S40_point_last_fast_read.json,outputs/d2a_runtime_checkpoint_v1/work/d2a_cert_preflight/h80_switch_then_stay_S40_point_last_fast_read.json,33866,c4f8382b96470bc4a105d560de38fa446050dfe38856b12f7301679e4e90909f,Read current small bytes
02_runtime_checkpoint_v1_historical,Git,outputs/d2a_runtime_checkpoint_v1/work/d2a_cert_preflight/h80_switch_then_stay_S60_average250.json,outputs/d2a_runtime_checkpoint_v1/work/d2a_cert_preflight/h80_switch_then_stay_S60_average250.json,37663,18bcc7be03bfec01e092120cbaab814af83680da3758079ccb842f1f1246f58f,Read current small bytes
02_runtime_checkpoint_v1_historical,Git,outputs/d2a_runtime_checkpoint_v1/work/d2a_cert_preflight/h80_switch_then_stay_S60_point_last_fast_read.json,outputs/d2a_runtime_checkpoint_v1/work/d2a_cert_preflight/h80_switch_then_stay_S60_point_last_fast_read.json,37722,af6a82ca06a2247322509ff28a26078513403ee5b027fa4b6d325dc6dcd6b1bc,Read current small bytes
02_runtime_checkpoint_v1_historical,Git,outputs/d2a_runtime_checkpoint_v1/work/d2a_cert_preflight/h80_switch_then_stay_S80_average250.json,outputs/d2a_runtime_checkpoint_v1/work/d2a_cert_preflight/h80_switch_then_stay_S80_average250.json,25541,a2999e5fe5ed46cdedd737dfb260718bf1f435ddea60d2fe4de1bf4fbe275873,Read current small bytes
02_runtime_checkpoint_v1_historical,Git,outputs/d2a_runtime_checkpoint_v1/work/d2a_cert_preflight/h80_switch_then_stay_S80_point_last_fast_read.json,outputs/d2a_runtime_checkpoint_v1/work/d2a_cert_preflight/h80_switch_then_stay_S80_point_last_fast_read.json,25548,f740edd88d608eb40fa545cf96fd7b81de75d638f3d0bdfc83f961cbbe7e2eaa,Read current small bytes
02_runtime_checkpoint_v1_historical,Git,outputs/d2a_runtime_checkpoint_v1/work/d2a_cert_preflight/h80_terminal_balanced_average250.json,outputs/d2a_runtime_checkpoint_v1/work/d2a_cert_preflight/h80_terminal_balanced_average250.json,25544,dddbfd1c84b488fc6c3aa8eccd1695ca81ca0fd0918fb5474260c674477fbedb,Read current small bytes
02_runtime_checkpoint_v1_historical,Git,outputs/d2a_runtime_checkpoint_v1/work/d2a_cert_preflight/h80_terminal_balanced_point_last_fast_read.json,outputs/d2a_runtime_checkpoint_v1/work/d2a_cert_preflight/h80_terminal_balanced_point_last_fast_read.json,25551,676328d84c5f6185adfd914a6728078f464ccd326ece778fbf956102c91c87c3,Read current small bytes
02_runtime_checkpoint_v1_historical,Git,outputs/d2a_runtime_checkpoint_v1/work/d2a_cert_preflight_summary.json,outputs/d2a_runtime_checkpoint_v1/work/d2a_cert_preflight_summary.json,521,42a144aa1e509cbbbae53fd966a1fce0fc47cc7886321dd38d366f538b10fe06,Read current small bytes
02_runtime_checkpoint_v1_historical,Git,outputs/d2a_runtime_checkpoint_v1/work/d2a_cert_prepare_detached_recovery.py,outputs/d2a_runtime_checkpoint_v1/work/d2a_cert_prepare_detached_recovery.py,7560,e54059061b0ae0d7b13f2c84ebdb189fff2743cde334b8ff53a9dda2a779c3df,Read current small bytes
02_runtime_checkpoint_v1_historical,Git,outputs/d2a_runtime_checkpoint_v1/work/d2a_cert_publish_live.py,outputs/d2a_runtime_checkpoint_v1/work/d2a_cert_publish_live.py,5324,1531e119242b939603f329fde68e7e7a8cb9ec76c69cb387d6781ef4252392ef,Read current small bytes
02_runtime_checkpoint_v1_historical,Git,outputs/d2a_runtime_checkpoint_v1/work/d2a_cert_rebind_derived.py,outputs/d2a_runtime_checkpoint_v1/work/d2a_cert_rebind_derived.py,8350,2ac3f29121fc91d36f5a88c1517368ec5c1f026e0b06dbb3a3d4f71776ebb048,Read current small bytes
02_runtime_checkpoint_v1_historical,Git,outputs/d2a_runtime_checkpoint_v1/work/d2a_cert_resume_detached.ps1,outputs/d2a_runtime_checkpoint_v1/work/d2a_cert_resume_detached.ps1,6747,db06bdb17cd1339e777480b26cb93546f8bb81ac50d4f6afdab830f6e8c22466,Read current small bytes
02_runtime_checkpoint_v1_historical,Git,outputs/d2a_runtime_checkpoint_v1/work/d2a_cert_runner_audit_v1.md,outputs/d2a_runtime_checkpoint_v1/work/d2a_cert_runner_audit_v1.md,18081,201d8d2334ed49b7e1dc59bb0dd2f6c9baac465d1503cd7dee4ad6a4cad8b8b2,Read current small bytes
02_runtime_checkpoint_v1_historical,Git,outputs/d2a_runtime_checkpoint_v1/work/d2a_cert_sync_review_table.py,outputs/d2a_runtime_checkpoint_v1/work/d2a_cert_sync_review_table.py,3967,d08683e1e1646465d059fd36614534af56e0c3d51c23b5f79fdccea7162928d8,Read current small bytes
02_runtime_checkpoint_v1_historical,Git,outputs/d2a_runtime_checkpoint_v1/work/d2a_cert_verify.py,outputs/d2a_runtime_checkpoint_v1/work/d2a_cert_verify.py,6653,208bf51131c28a173e5594c9df4e4d4a9c216afc5e8f1d043fce618a8ee54d2b,Read current small bytes
02_runtime_checkpoint_v1_historical,Git,outputs/d2a_runtime_checkpoint_v1/work/d2a_cert_verify_artifact_bindings.py,outputs/d2a_runtime_checkpoint_v1/work/d2a_cert_verify_artifact_bindings.py,3839,3540b8a9f9620fb5ef39ebe181e2d5b29f018a52251b952bf76e73599ff5e8b4,Read current small bytes
02_runtime_checkpoint_v1_historical,Git,outputs/d2a_runtime_checkpoint_v1/work/d2a_core.py,outputs/d2a_runtime_checkpoint_v1/work/d2a_core.py,6891,d14383c0fed9f740682c8b4671f36bb59cd295941603f96988c30336a3ead4f9,Read current small bytes
02_runtime_checkpoint_v1_historical,Git,outputs/d2a_runtime_checkpoint_v1/work/d2a_discovery.py,outputs/d2a_runtime_checkpoint_v1/work/d2a_discovery.py,1438,49e9e114ec3cd4556ff1a4c071676829cf85129366de115243db120a85b4daf7,Read current small bytes
02_runtime_checkpoint_v1_historical,Git,outputs/d2a_runtime_checkpoint_v1/work/d2a_extract_r1.py,outputs/d2a_runtime_checkpoint_v1/work/d2a_extract_r1.py,3250,50e88ffa2c14190e56397cebe645870a1176c15fbe613e03715eeee42ea0b473,Read current small bytes
02_runtime_checkpoint_v1_historical,Git,outputs/d2a_runtime_checkpoint_v1/work/d2a_extraction_receipt.json,outputs/d2a_runtime_checkpoint_v1/work/d2a_extraction_receipt.json,125180,7b33273440ea2bd3ac748428836b17940c76b31f55cf103611189190919b302b,Read current small bytes
02_runtime_checkpoint_v1_historical,Git,outputs/d2a_runtime_checkpoint_v1/work/d2a_freeze.py,outputs/d2a_runtime_checkpoint_v1/work/d2a_freeze.py,6514,25373c56b4ed2940aa082fad093902a895d7c6ade22713a7f8750aab5f092d37,Read current small bytes
02_runtime_checkpoint_v1_historical,Git,outputs/d2a_runtime_checkpoint_v1/work/d2a_smoke.py,outputs/d2a_runtime_checkpoint_v1/work/d2a_smoke.py,15817,601046a25971f8881f220b2e135ab434a00294b891a0bd1147fb2da24a7daef8,Read current small bytes
02_runtime_checkpoint_v1_historical,Git,outputs/d2a_runtime_checkpoint_v1/work/d2a_smoke_results.json,outputs/d2a_runtime_checkpoint_v1/work/d2a_smoke_results.json,10001,58eb2395cad41991be5352abba63998248d99e81b32988ff4067ed84932a9089,Read current small bytes
02_current_runtime_guard_delta,Git,outputs/d2a_runtime_guard_delta_v2/MANIFEST.json,outputs/d2a_runtime_guard_delta_v2/MANIFEST.json,2360,fff78cc36a6eb84473a51c22b0c1c4b379eb1ec872f6af3a4715e1d3d059a571,Read current small bytes
02_current_runtime_guard_delta,Git,outputs/d2a_runtime_guard_delta_v2/MANIFEST.sha256,outputs/d2a_runtime_guard_delta_v2/MANIFEST.sha256,66,b7109db41b7fa7460ec84c0a1f068976be0c863214c68df40be6e0bea7c17355,Read current small bytes
02_current_runtime_guard_delta,Git,outputs/d2a_runtime_guard_delta_v2/README.md,outputs/d2a_runtime_guard_delta_v2/README.md,961,fe50f2b3581d221f76366058b8a78d4e7ce5e60085d019827b6a6ecd9503e2f2,Read current small bytes
02_current_runtime_guard_delta,Git,outputs/d2a_runtime_guard_delta_v2/outputs/d2a_full_grid_acceptance_review_v1.json,outputs/d2a_runtime_guard_delta_v2/outputs/d2a_full_grid_acceptance_review_v1.json,11753,9e37f8b332abce31b522468de883d5e1d7a5759f1aead4a95f3b5b40bca31c05,Read current small bytes
02_current_runtime_guard_delta,Git,outputs/d2a_runtime_guard_delta_v2/outputs/d2a_full_grid_acceptance_review_v1.md,outputs/d2a_runtime_guard_delta_v2/outputs/d2a_full_grid_acceptance_review_v1.md,10092,92ce644380eef88c02eef282eac884823edd62dd7e00163fb8e39b23c2f8deed,Read current small bytes
02_current_runtime_guard_delta,Git,outputs/d2a_runtime_guard_delta_v2/outputs/d2a_full_grid_acceptance_v1.py,outputs/d2a_runtime_guard_delta_v2/outputs/d2a_full_grid_acceptance_v1.py,25707,679747acb45427d19977f49691f1c8a951875855f7bb01d3f8d3e2a093c296a2,Read current small bytes
02_current_runtime_guard_delta,Git,outputs/d2a_runtime_guard_delta_v2/outputs/d2a_metadata_guard_fix_v1.json,outputs/d2a_runtime_guard_delta_v2/outputs/d2a_metadata_guard_fix_v1.json,8652,b73386b8dd4f1c57f8d7301bb13edb7a44a5b77d6750f13ab91eb573acccb703,Read current small bytes
02_current_runtime_guard_delta,Git,outputs/d2a_runtime_guard_delta_v2/outputs/d2a_metadata_guard_fix_v1.md,outputs/d2a_runtime_guard_delta_v2/outputs/d2a_metadata_guard_fix_v1.md,5408,da857c8ed4217e62f97c767f67b0470d6364f4424cdea951b905d56781e8a002,Read current small bytes
02_current_runtime_guard_delta,Git,outputs/d2a_runtime_guard_delta_v2/outputs/d2a_partial_first_success_v1.py,outputs/d2a_runtime_guard_delta_v2/outputs/d2a_partial_first_success_v1.py,2318,fe0b6f7935106fbb81b586cbd453631fdeced85af7e09d681bda210debf9a41c,Read current small bytes
02_current_runtime_guard_delta,Git,outputs/d2a_runtime_guard_delta_v2/verify_delta.py,outputs/d2a_runtime_guard_delta_v2/verify_delta.py,619,8300697a863b601d8a63b39881530463831cdd101d395ef7d681e3e08939d59e,Read current small bytes
02_current_runtime_guard_delta,Git,outputs/d2a_runtime_guard_delta_v2/work/d2a_cert_partial_first_success.py,outputs/d2a_runtime_guard_delta_v2/work/d2a_cert_partial_first_success.py,2318,fe0b6f7935106fbb81b586cbd453631fdeced85af7e09d681bda210debf9a41c,Read current small bytes
02_current_runtime_guard_delta,Git,outputs/d2a_runtime_guard_delta_v2/work/d2a_cert_preflight.py,outputs/d2a_runtime_guard_delta_v2/work/d2a_cert_preflight.py,4216,aba4de0223251574a8227062487684ca43b1c33aa3ae52bda1fed9749ae32ad4,Read current small bytes
02_current_runtime_guard_delta,Git,outputs/d2a_runtime_guard_delta_v2/work/d2a_metadata_guard.py,outputs/d2a_runtime_guard_delta_v2/work/d2a_metadata_guard.py,8003,b2bedb201eaafb5e59f40b55d96040e1895503643210e92b51bdb132b3114122,Read current small bytes
02_current_runtime_guard_delta,Git,outputs/d2a_runtime_guard_delta_v2/work/d2a_metadata_guard_fixtures_v1.py,outputs/d2a_runtime_guard_delta_v2/work/d2a_metadata_guard_fixtures_v1.py,5314,f286d6a5684118def4084ce767a3a1fca51e601a4357e38e9c921056a22c1109,Read current small bytes
02_current_runtime_guard_delta,Git,outputs/d2a_runtime_guard_delta_v2/work/d2a_metadata_guard_selector_equivalence_v1.py,outputs/d2a_runtime_guard_delta_v2/work/d2a_metadata_guard_selector_equivalence_v1.py,1624,dffb28d83926e7f6f2beda1f4797b55d56cff9e90e46e929d5b3297a4945823a,Read current small bytes
04_full400_unfinished_and_scoped_figure,Git,outputs/d2a_scan_progress_turn2.md,outputs/d2a_scan_progress_turn2.md,7256,e1c94eb319f48535819051839bccc69048778074772cee92e50f795bf247122d,Read current small bytes
03_H160_actual_scoped_science_rehearsal,Git,outputs/d2a_science_zip_rehearsal_cleanup_diagnostic_v1.json,outputs/d2a_science_zip_rehearsal_cleanup_diagnostic_v1.json,795,ed576e91fcd65f274f428e26b7dc4ebc276fe37107aba8722599ae6e5c151d3d,Read current small bytes
03_H160_actual_scoped_science_rehearsal,Git,outputs/d2a_science_zip_rehearsal_finalization_receipt_v1.json,outputs/d2a_science_zip_rehearsal_finalization_receipt_v1.json,40957,7b80a9f530f40e6c89767dd6d75bb6ebd0c01b5912e29b41fd703adfda9a8832,Read current small bytes
03_H160_actual_scoped_science_rehearsal,Git,outputs/d2a_science_zip_rehearsal_finalize_v1.py,outputs/d2a_science_zip_rehearsal_finalize_v1.py,8799,15bd463094278a4f90ba9cd87fa9aa2407fc883562d7d87031895618465693d5,Read current small bytes
03_H160_actual_scoped_science_rehearsal,Git,outputs/d2a_science_zip_rehearsal_longpath_diagnostic_v1.json,outputs/d2a_science_zip_rehearsal_longpath_diagnostic_v1.json,683,739cffecb8cc744b7018794783a45b1df4440e8bd1c6675e590eeb5f0ac88741,Read current small bytes
03_H160_actual_scoped_science_rehearsal,Git,outputs/d2a_science_zip_rehearsal_precheck_v1.json,outputs/d2a_science_zip_rehearsal_precheck_v1.json,15741,b8aab9da8c20ea424365da8bc2d8a209a4c6ed66af131c4d515b4c27b40eebf1,Read current small bytes
03_H160_actual_scoped_science_rehearsal,Git,outputs/d2a_science_zip_rehearsal_receipt_v1.json,outputs/d2a_science_zip_rehearsal_receipt_v1.json,40957,7b80a9f530f40e6c89767dd6d75bb6ebd0c01b5912e29b41fd703adfda9a8832,Read current small bytes
03_H160_actual_scoped_science_rehearsal,Git,outputs/d2a_science_zip_rehearsal_resume_v1.py,outputs/d2a_science_zip_rehearsal_resume_v1.py,10455,eaa7875ca115baf464ae3e544545e3d297a9a3869869c08ab79d66d002d37fcf,Read current small bytes
03_H160_actual_scoped_science_rehearsal,Git,outputs/d2a_science_zip_rehearsal_review_v1.json,outputs/d2a_science_zip_rehearsal_review_v1.json,27121,17ff63191978192bdf1cfd5f996d429cb67bcbf5b1dc68f6d94d278b94808480,Read current small bytes
03_H160_actual_scoped_science_rehearsal,Git,outputs/d2a_science_zip_rehearsal_review_v1.md,outputs/d2a_science_zip_rehearsal_review_v1.md,8456,f8f3be89ffafbeff674bc5612ec7d7c3bf61ebcdc28cf32d61a80e4aed75f247,Read current small bytes
03_H160_actual_scoped_science_rehearsal,Git,outputs/d2a_science_zip_rehearsal_v1.json,outputs/d2a_science_zip_rehearsal_v1.json,9438,9939355fce37d2edb5a75a056d5be0e2194385b39d90ac107f79e7f79769d6e0,Read current small bytes
03_H160_actual_scoped_science_rehearsal,Git,outputs/d2a_science_zip_rehearsal_v1.md,outputs/d2a_science_zip_rehearsal_v1.md,5728,caab4817569539c9bd704e1d3bc6d424183a43d768cfd4405f7a94862720e997,Read current small bytes
03_H160_actual_scoped_science_rehearsal,Git,outputs/d2a_science_zip_rehearsal_v1.py,outputs/d2a_science_zip_rehearsal_v1.py,18626,2d324aefaa33cb869b79c94bd57aaeb7be6c4b05ec38056118e061e07edb8186,Read current small bytes
04_full400_unfinished_and_scoped_figure,Git,outputs/d2a_source_map_v1.md,outputs/d2a_source_map_v1.md,9291,3f37cb71c103b80efe67b56df5f225eed61af13c7ff907faa407a86d38f3bd63,Read current small bytes
04_full400_unfinished_and_scoped_figure,Git,outputs/d2a_three_block_example_review_v1.json,outputs/d2a_three_block_example_review_v1.json,34440,40685f84d52164a4e4174d7f62aa462f6ed5ed2c0c86d8a629df1e7a8166edcf,Read current small bytes
04_full400_unfinished_and_scoped_figure,Git,outputs/d2a_three_block_example_review_v1.md,outputs/d2a_three_block_example_review_v1.md,4118,ff64a112a69879ae12449d7ee79e1c66f4dedc7251c803180b3dc4c9fb63a8e8,Read current small bytes
04_full400_unfinished_and_scoped_figure,Git,outputs/d2a_windows_atomic_retry_v1.json,outputs/d2a_windows_atomic_retry_v1.json,617,0421d46476f4d53b479865ea8a2a714456c352b6b08b2552b8a1de26d6e7a34c,Read current small bytes
05_current_R8_manuscript_and_review,Git,outputs/feedback_local_library_lookup_v1.md,outputs/feedback_local_library_lookup_v1.md,6292,ac2efb5ee00a4f7255036228bc74002363e8040d01c0516631947c154026e21f,Read current small bytes
05_current_R8_manuscript_and_review,Git,outputs/feedback_prior_art_fulltext_review_v1.md,outputs/feedback_prior_art_fulltext_review_v1.md,13374,3175f0be8dc0c407fc382ad3663c36975d2956f808b0b554d143c2f496b5a5df,Read current small bytes
01_theory_proof_checks_and_history,Git,outputs/fixed_endpoint_horizon_corollary_review_v1.json,outputs/fixed_endpoint_horizon_corollary_review_v1.json,7368,e274b6fe172ff918aad6d9652ee4b46c6f52ddaeb103da6f52f24c6385aa803f,Read current small bytes
01_theory_proof_checks_and_history,Git,outputs/fixed_endpoint_horizon_corollary_review_v1.md,outputs/fixed_endpoint_horizon_corollary_review_v1.md,11400,de520083bc5ea064cbb9aa0abe4139dad4dadd7db9565e9274ba9e318d9bc290,Read current small bytes
01_theory_proof_checks_and_history,Git,outputs/fixed_endpoint_horizon_corollary_v1.json,outputs/fixed_endpoint_horizon_corollary_v1.json,7775,9b20b8c19ff51aa1402fb93cbaba43a29252f4712c88e98c29cc8a9abce3a088,Read current small bytes
01_theory_proof_checks_and_history,Git,outputs/fixed_endpoint_horizon_corollary_v1.md,outputs/fixed_endpoint_horizon_corollary_v1.md,6269,47e9f15a41e90ce71c262dce4c725ec3cc7bda41760fc865bb8d5302ce5ade0e,Read current small bytes
01_theory_proof_checks_and_history,Git,outputs/fixed_endpoint_horizon_corollary_v1.tex,outputs/fixed_endpoint_horizon_corollary_v1.tex,10798,d60b75fb81d3bb1da1e2e507588d41cd8442cb4531b222b8cf13a24fae853287,Read current small bytes
04_full400_unfinished_release_recipe,Git,outputs/full_d2a_release_contract_v1.json,outputs/full_d2a_release_contract_v1.json,11652,b822b2aae5296f10a6bf82ace28629b647e3ea1ef0080e06315f354dcd40b2f6,Read current small bytes
04_full400_unfinished_release_recipe,Git,outputs/full_d2a_release_contract_v1.md,outputs/full_d2a_release_contract_v1.md,7351,d633636c7d145b88de4c324d0dd772addef0afac8c700dbae43ccb462834dd80,Read current small bytes
04_full400_unfinished_release_recipe,Git,outputs/full_d2a_release_metadata_guard_v1.py,outputs/full_d2a_release_metadata_guard_v1.py,8003,b2bedb201eaafb5e59f40b55d96040e1895503643210e92b51bdb132b3114122,Read current small bytes
04_full400_unfinished_release_recipe,Git,outputs/full_d2a_release_preflight_v1.json,outputs/full_d2a_release_preflight_v1.json,1152,895473f88cf365fef887178e4846ee7800d687270b6187f9fbb567bc6d76563b,Read current small bytes
04_full400_unfinished_release_recipe,Git,outputs/full_d2a_release_recipe_precheck_v1.json,outputs/full_d2a_release_recipe_precheck_v1.json,538,dd9a9f68d890f12a54ad3cea88f3246ac9f03b1acd1659736e8f6521d7434305,Read current small bytes
01_theory_proof_checks_and_history,Git,outputs/iid_independent_audit_v1.md,outputs/iid_independent_audit_v1.md,11126,65a70105c36d9554af3a31d79fea62ef84b740f97a748918a71f5f944b12a074,Read current small bytes
01_theory_proof_checks_and_history,Git,outputs/iid_source_recovery_v1.json,outputs/iid_source_recovery_v1.json,9231,ec6d24c5b3334774cefd79185991a05b7e29a390e069fa8bd78f47f8060b839c,Read current small bytes
01_theory_proof_checks_and_history,Git,outputs/independent_review_archive_csv_cap_v1.py,outputs/independent_review_archive_csv_cap_v1.py,5014,7393eb1e0ac423cec1c3c8b2e1ad316a85969bc56afe9d307d95e4b0aff837dd,Read current small bytes
01_theory_proof_checks_and_history,Git,outputs/independent_review_archive_csv_cap_v1_receipt.json,outputs/independent_review_archive_csv_cap_v1_receipt.json,1792,f1303f7d3ecb7c703fbd4866123c84c4e9c8643e8322943547389a94fa026b77,Read current small bytes
01_theory_proof_checks_and_history,Git,outputs/independent_review_archive_io_bridge_v1.py,outputs/independent_review_archive_io_bridge_v1.py,10897,254ddc15d04cddbbda7e21f24996ceb58dc3f124530cafe4aa2f94c16472845e,Read current small bytes
01_theory_proof_checks_and_history,Git,outputs/independent_review_archive_io_bridge_v1_receipt.json,outputs/independent_review_archive_io_bridge_v1_receipt.json,4532,c9de5fcb1d9b9f3edc02f236d7c7f5565411fea600bd5df97023476b309b4b08,Read current small bytes
01_theory_proof_checks_and_history,Git,outputs/m1_controlled_memory_checks_v1.json,outputs/m1_controlled_memory_checks_v1.json,33818,deda3a5015fce31f6adff15d65dae267ddf07a05739a95c84016627a8ed31ddc,Read current small bytes
01_theory_proof_checks_and_history,Git,outputs/m1_controlled_memory_checks_v1.py,outputs/m1_controlled_memory_checks_v1.py,11065,fe6a6771019451af2c24cf9ac3764cafc7cbe85d2917b2f89aed28bd5277f6f0,Read current small bytes
01_theory_proof_checks_and_history,Git,outputs/m1_controlled_memory_theorem_v1.md,outputs/m1_controlled_memory_theorem_v1.md,17420,0689f5ce730f656ba1fe6cfbf2b2f13be1da89ff0ff91d932c81efaeda913ffe,Read current small bytes
01_theory_proof_checks_and_history,Git,outputs/m1_controlled_memory_theorem_v1.tex,outputs/m1_controlled_memory_theorem_v1.tex,15195,8a3667706e88cbf165b8b73b3f103b82191d4f324de444027fae4f29fa1e5e7b,Read current small bytes
01_theory_proof_checks_and_history,Git,outputs/m1_controlled_memory_theorem_v1_1.md,outputs/m1_controlled_memory_theorem_v1_1.md,19517,4608ce534db9b53b223bf68350526b5a9999021880b5a5ecb408daa4343ee901,Read current small bytes
01_theory_proof_checks_and_history,Git,outputs/m1_controlled_memory_theorem_v1_1.tex,outputs/m1_controlled_memory_theorem_v1_1.tex,16965,4fabc25a0e2ae11d2bbce0e0d4de0cfcd8d316e665d01b41fa07177248d483e5,Read current small bytes
01_theory_proof_checks_and_history,Git,outputs/m1_independent_review_v1.md,outputs/m1_independent_review_v1.md,14391,49a84f89f7d1523ed7ba3cf8f18f0f8c6fc6539851f7933ce7b3ee9eda8a44cd,Read current small bytes
01_theory_proof_checks_and_history,Git,outputs/m1_problem_contract_v1.md,outputs/m1_problem_contract_v1.md,6968,9d01225548c86481b88fb5fe50305a2a9ecf8364ea4a3116137b55c0540389a3,Read current small bytes
01_theory_proof_checks_and_history,Git,outputs/m1_problem_contract_v1_1.md,outputs/m1_problem_contract_v1_1.md,8021,96e3404ef50cacdb02aa79d2cade36993471b8b15e49a2e75329673cb3ccf378,Read current small bytes
01_theory_proof_checks_and_history,Git,outputs/m2_controlled_memory_checks_v1.json,outputs/m2_controlled_memory_checks_v1.json,19264,d99e688f7d527798edacc697e46822fd76898baa5f912aeafc8ecded9ec22559,Read current small bytes
01_theory_proof_checks_and_history,Git,outputs/m2_controlled_memory_checks_v1.py,outputs/m2_controlled_memory_checks_v1.py,13039,9e463be6d3b6a7bfe4fc2363674cfb2eaef79e21d40e669a3056df7683079420,Read current small bytes
01_theory_proof_checks_and_history,Git,outputs/m2_controlled_memory_theorem_v1.md,outputs/m2_controlled_memory_theorem_v1.md,15455,38d2aecf2d00a6a781f0a99f6448d93a4d2fcccd1e895526ca3c5fed2c3455b1,Read current small bytes
01_theory_proof_checks_and_history,Git,outputs/m2_controlled_memory_theorem_v1.tex,outputs/m2_controlled_memory_theorem_v1.tex,15738,a9beab957f0746fd369c913727f53d02822f01fd9907ef1ca544d3a954890102,Read current small bytes
01_theory_proof_checks_and_history,Git,outputs/m2_controlled_memory_theorem_v1_1.md,outputs/m2_controlled_memory_theorem_v1_1.md,17521,3134a8c2170cf523bbe2ac44cb5bc9327d72ff35526c017e0bb8b3fc6a387f82,Read current small bytes
01_theory_proof_checks_and_history,Git,outputs/m2_controlled_memory_theorem_v1_1.tex,outputs/m2_controlled_memory_theorem_v1_1.tex,17466,11e538c67240944c414a7ffb709933dde798a1069b52b19bf4725617fe7755a8,Read current small bytes
01_theory_proof_checks_and_history,Git,outputs/m2_independent_review_v1.md,outputs/m2_independent_review_v1.md,12221,17b27584e1333292d8135d67b8e96e446e0e6e57fc2ef676b6053b0121cc0fb6,Read current small bytes
01_theory_proof_checks_and_history,Git,outputs/m2_problem_contract_v1.md,outputs/m2_problem_contract_v1.md,5702,794c245d0fdb672021cb36566382d68834b2abe20331dde0bc01a0bc71671eae,Read current small bytes
01_theory_proof_checks_and_history,Git,outputs/m2_problem_contract_v1_1.md,outputs/m2_problem_contract_v1_1.md,6736,4ccf5895f656a3f7a9453b4ac3b928339605311e6fcb8544716a4fd384f016f0,Read current small bytes
01_theory_proof_checks_and_history,Git,outputs/m2s_independent_review_v1.md,outputs/m2s_independent_review_v1.md,10726,83f711812f92bd0cfe4f0ed5e158e8ff5c9005cf58006613fec25599a640c448,Read current small bytes
01_theory_proof_checks_and_history,Git,outputs/m2s_problem_contract_v1.md,outputs/m2s_problem_contract_v1.md,4586,80a5a5d643432f54f1a2d9f3dc7a9e374528358c18e10beb6b0e1ac1d5b9e7d5,Read current small bytes
01_theory_proof_checks_and_history,Git,outputs/m2s_recoverable_order_checks_v1.json,outputs/m2s_recoverable_order_checks_v1.json,4639,11e34d29ff2186617fc2cb13622aab0ed30ab850a9e10191dc93fb490a11382b,Read current small bytes
01_theory_proof_checks_and_history,Git,outputs/m2s_recoverable_order_checks_v1.py,outputs/m2s_recoverable_order_checks_v1.py,7725,09a375c98f27e4c2c4afe33d41e5420f5647ded852ddb9708177d8bd9e3302c3,Read current small bytes
01_theory_proof_checks_and_history,Git,outputs/m2s_recoverable_order_review_v1.md,outputs/m2s_recoverable_order_review_v1.md,10798,c32efb758b39e3b3f1d11e8219ee365f50fb33f84eb44857739620d8e99571c8,Read current small bytes
01_theory_proof_checks_and_history,Git,outputs/m2s_recoverable_order_v1.md,outputs/m2s_recoverable_order_v1.md,10484,5b04f87f23fbfe1d2bc1fb1fbb791e783a47e029c7cdf130e1c000dd22d0f4f1,Read current small bytes
01_theory_proof_checks_and_history,Git,outputs/m2s_recoverable_order_v1.tex,outputs/m2s_recoverable_order_v1.tex,7232,1d9b8b51144f56c5dd3c32eb1406fb2fd1c95be61330740c2d677ada0858ae7c,Read current small bytes
01_theory_proof_checks_and_history,Git,outputs/m2s_regime_integration_review_v1.md,outputs/m2s_regime_integration_review_v1.md,8982,9ded76ab36794d00aef1d1a81f75419c301def1a5cbcd4389a56a8c8a59f077a,Read current small bytes
01_theory_proof_checks_and_history,Git,outputs/m2s_singular_memory_checks_v1.json,outputs/m2s_singular_memory_checks_v1.json,49885,279f4d64d90021de274bfe5884e5ecfcb3a2f00d04bab224e1cf4ed04a18e239,Read current small bytes
01_theory_proof_checks_and_history,Git,outputs/m2s_singular_memory_checks_v1.py,outputs/m2s_singular_memory_checks_v1.py,18930,c8bea30a8f07c30e7022ca7b29c7d35b4c08099009fd48a062d32bbb1b53d957,Read current small bytes
01_theory_proof_checks_and_history,Git,outputs/m2s_singular_memory_theorem_v1.md,outputs/m2s_singular_memory_theorem_v1.md,16235,8ff2de70274973e4a9e104b26a5bf4be14e0e742998f2c562f6023e6316ab431,Read current small bytes
01_theory_proof_checks_and_history,Git,outputs/m2s_singular_memory_theorem_v1.tex,outputs/m2s_singular_memory_theorem_v1.tex,14722,fee20e70489dabde95e00d42a5ecf393cf847df467750a7b498478230d3a8032,Read current small bytes
01_theory_proof_checks_and_history,Git,outputs/m2s_two_regime_section_receipt_v1.md,outputs/m2s_two_regime_section_receipt_v1.md,3282,60b2b9646b087f991779eea4369f869c928ed79ded022a985301c577293d86e4,Read current small bytes
01_theory_proof_checks_and_history,Git,outputs/m2s_two_regime_section_v1.tex,outputs/m2s_two_regime_section_v1.tex,20127,9e7bb4513007c9226f315e5e58ee661f556a7097d26fb31030aefc136fb03b7f,Read current small bytes
01_theory_proof_checks_and_history,Git,outputs/main_ar1_theorem_v1.tex,outputs/main_ar1_theorem_v1.tex,18764,4802c70f48e39d263c4382c9f55267827cbce4b0141cfe0bd36f105979f0c539,Read current small bytes
05_current_R8_manuscript_and_review,Git,outputs/manuscript_assembly_receipt_v1.json,outputs/manuscript_assembly_receipt_v1.json,1266,3d80592513f118046c7073c1a50c2c86deedaef1446a87673401ffff2b30b864,Read current small bytes
05_current_R8_manuscript_and_review,Git,outputs/manuscript_compile_layout_status_v2.json,outputs/manuscript_compile_layout_status_v2.json,10605,1bbbe330528cebaa68af8635daf0509011d69a7c7a6ccd5be0a3cb969652bc0b,Read current small bytes
05_current_R8_manuscript_and_review,Git,outputs/manuscript_compile_layout_status_v2.md,outputs/manuscript_compile_layout_status_v2.md,1802,15040813f780dfb105fd1487771af219871ecec6a29f65fb5c1e4e46b0038c8b,Read current small bytes
05_current_R8_manuscript_and_review,Git,outputs/manuscript_compile_layout_status_v3.json,outputs/manuscript_compile_layout_status_v3.json,10720,751bf5bcddc242deff91cfebfb6493e50f08c379c08bd258ae84d666182a4992,Read current small bytes
05_current_R8_manuscript_and_review,Git,outputs/manuscript_compile_layout_status_v3.md,outputs/manuscript_compile_layout_status_v3.md,1513,58c2323d6cbafe4f38f06e62f1c99d5c03c1293d69d64e3f5b2c0875ea7c57bb,Read current small bytes
05_current_R8_manuscript_and_review,Git,outputs/manuscript_compile_layout_status_v4.json,outputs/manuscript_compile_layout_status_v4.json,11433,6c2bad639004215942f6de0fa19271553f462891a8725d7cb6853bb13e9c1181,Read current small bytes
05_current_R8_manuscript_and_review,Git,outputs/manuscript_compile_layout_status_v4.md,outputs/manuscript_compile_layout_status_v4.md,1755,e22e7de1d4821a7e89b83019809790a47f9d0f7a6c7e9bdefaf985a2a817f411,Read current small bytes
05_current_R8_manuscript_and_review,Git,outputs/manuscript_compile_status_v1.json,outputs/manuscript_compile_status_v1.json,710,73e1d219979588f5aff02f1773a245c91435577584e0becb139062327d19e044,Read current small bytes
05_current_R8_manuscript_and_review,Git,outputs/manuscript_full_review_v1.md,outputs/manuscript_full_review_v1.md,26887,c5a9f25560120d5194c10345af3113f37f67d5aaa86853f5f8aa020856c5a103,Read current small bytes
05_current_R8_manuscript_and_review,Git,outputs/manuscript_integration_review_v1.md,outputs/manuscript_integration_review_v1.md,8833,a3a4ffa3c4bcb806698c23e3135705f2fd11d4a78c2364479760326d815b424d,Read current small bytes
05_current_R8_manuscript_and_review,Git,outputs/manuscript_local_revision_review_v1.md,outputs/manuscript_local_revision_review_v1.md,12245,a5ce449508692a7f1c24602e37602eb4255553284fad4a9ef8190c72c22bfcf0,Read current small bytes
05_current_R8_manuscript_and_review,Git,outputs/manuscript_revision6_integration_review_v1.json,outputs/manuscript_revision6_integration_review_v1.json,10795,ae66bd48836b43bf7d45a961a0ba075cf71c0148c05380647840bc82dfcaeae7,Read current small bytes
05_current_R8_manuscript_and_review,Git,outputs/manuscript_revision6_integration_review_v1.md,outputs/manuscript_revision6_integration_review_v1.md,5313,4aea7a01324415a506ef0b177d86ed77d4ea7ce54331e0680a8559b5e2422c96,Read current small bytes
05_current_R8_manuscript_and_review,Git,outputs/manuscript_revision7_integration_review_v1.json,outputs/manuscript_revision7_integration_review_v1.json,18126,62def826117159a2dfb206414e9918b8d57288db2750f9156f28eaaeaecbc2bb,Read current small bytes
05_current_R8_manuscript_and_review,Git,outputs/manuscript_revision7_integration_review_v1.md,outputs/manuscript_revision7_integration_review_v1.md,4587,dca0253b4a231a9f3d9256c9286dbe06d0a9535b360a67e41ae5b3680e718834,Read current small bytes
05_current_R8_manuscript_and_review,Git,outputs/manuscript_revision8_integration_review_v1.json,outputs/manuscript_revision8_integration_review_v1.json,4395,cc5a24c98ca1251dff7e49075d571be59607df8c16fd50bd6aa4270decc2a7ed,Read current small bytes
05_current_R8_manuscript_and_review,Git,outputs/manuscript_revision8_integration_review_v1.md,outputs/manuscript_revision8_integration_review_v1.md,5858,7c47f09d5dd5ad5426a303ed82863148e936a91f5d0144c2dea56b5905e70cd6,Read current small bytes
05_current_R8_manuscript_and_review,Git,outputs/manuscript_revision_2_receipt.json,outputs/manuscript_revision_2_receipt.json,1621,cb2d9dec1293d8e7a5e36e0af41082b28d1300237174a85db85123357c56c911,Read current small bytes
05_current_R8_manuscript_and_review,Git,outputs/manuscript_revision_3_receipt.json,outputs/manuscript_revision_3_receipt.json,1147,194ace7b65b7bbcd616497ee0419928a09f24c0c74bc44ba7364267b0d19a952,Read current small bytes
05_current_R8_manuscript_and_review,Git,outputs/manuscript_revision_4_receipt.json,outputs/manuscript_revision_4_receipt.json,1465,bd2c1ef129ae21a2e88c05636eafc17a6ae1792c313fa0322d33f1c9099c73c3,Read current small bytes
05_current_R8_manuscript_and_review,Git,outputs/manuscript_revision_5_receipt.json,outputs/manuscript_revision_5_receipt.json,1251,d88e049a467c078075062c58638266c06861d42b58073a36ea0b992ae329a828,Read current small bytes
05_current_R8_manuscript_and_review,Git,outputs/manuscript_revision_6_receipt.json,outputs/manuscript_revision_6_receipt.json,1374,87a8c014335b532d833e29803a2d7448fb5b16708afad8bb0531dca80d75f1ba,Read current small bytes
05_current_R8_manuscript_and_review,Git,outputs/manuscript_revision_7_receipt.json,outputs/manuscript_revision_7_receipt.json,3683,5ff7349a018795a040b53d8a78f8fed903bdc96cec0745537baff0a583fd8b6c,Read current small bytes
05_current_R8_manuscript_and_review,Git,outputs/manuscript_revision_8_receipt.json,outputs/manuscript_revision_8_receipt.json,1650,2e58a8f12d0a5a248fcc3c784dcf852cae78a52e2c8a53a1a4b205631db274a0,Read current small bytes
05_current_R8_manuscript_and_review,Git,outputs/manuscript_spine_v1.md,outputs/manuscript_spine_v1.md,4629,0fdf9891d9315ea4b978272700218b8d5fe43a82a2772f1c2579965661cb30e3,Read current small bytes
01_theory_proof_checks_and_history,Git,outputs/memory_asymmetric_repair_checks_v1.json,outputs/memory_asymmetric_repair_checks_v1.json,5013,ba6e9936cccf6c32685298af971904217a6d1e88615d1ada47078c5bc3496576,Read current small bytes
01_theory_proof_checks_and_history,Git,outputs/memory_asymmetric_repair_checks_v1.py,outputs/memory_asymmetric_repair_checks_v1.py,8907,0411fba7daac9948bb6d3a1a3687f657f0bb9e21f8779cf04ced9852dcb96db1,Read current small bytes
01_theory_proof_checks_and_history,Git,outputs/memory_asymmetric_repair_supplement_v1.md,outputs/memory_asymmetric_repair_supplement_v1.md,3342,e297d281991a41273318a4775f8f32ac51ce5d7ccfb3a1a9b601a1b7b1d8d071,Read current small bytes
05_current_R8_manuscript_and_review,Git,outputs/novelty_audit_v1.md,outputs/novelty_audit_v1.md,20721,a0cb537d848de483f5184e9c802f2653f673ee069347d694c14279df4a04f785,Read current small bytes
05_current_R8_manuscript_and_review,Git,outputs/novelty_control_memory_collision_v1.md,outputs/novelty_control_memory_collision_v1.md,16622,df0d892080901a0c0c1b1653baedd5eac0305e1aa61eec8daf2bb93bbb59e890,Read current small bytes
05_current_R8_manuscript_and_review,Git,outputs/novelty_matrix.csv,outputs/novelty_matrix.csv,25174,d34f2e7a98e47973b46d8288caad9bb82c82f652f8ae0719de5c1311dfc9306d,Read current small bytes
01_theory_proof_checks_and_history,Git,outputs/original_goal_requirements_audit_v1.json,outputs/original_goal_requirements_audit_v1.json,16250,ce7a13934780c767546673ec1489c29cbc23f67dc04f89b5e6dd67572178bc2d,Read current small bytes
01_theory_proof_checks_and_history,Git,outputs/original_goal_requirements_audit_v1.md,outputs/original_goal_requirements_audit_v1.md,11730,bc12d52a6d00cf4219a115902e021a4e23d8c27a4702f07d40b55d6682666a2b,Read current small bytes
04_full400_unfinished_release_recipe,Git,outputs/package_full_d2a_release_v1.py,outputs/package_full_d2a_release_v1.py,34464,cae0b2d25804bdb7dc9f76f86bffb82733220883156a9c46121c4e0b275ce920,Read current small bytes
04_full400_unfinished_release_recipe,Git,outputs/package_full_d2a_release_v2.py,outputs/package_full_d2a_release_v2.py,38793,1adc2b0e1acb326e9e63c8a852fa35d3b648abe553484b63f8cdbede8b842953,Read current small bytes
04_full400_unfinished_release_recipe,Git,outputs/package_full_d2a_release_v3.py,outputs/package_full_d2a_release_v3.py,37728,6c5512c180046c7916f8294626eef6af748d4385346442a54088572c59490dd0,Read current small bytes
01_theory_proof_checks_and_history,Git,outputs/piper_h_interface_protocol_v1.md,outputs/piper_h_interface_protocol_v1.md,6655,ebf843c1195e9b32a4a945e2575b08c2a84cf666a3c2eb06f4fcf77071643832,Read current small bytes
01_theory_proof_checks_and_history,Git,outputs/piper_h_protocol_review_v1.json,outputs/piper_h_protocol_review_v1.json,7853,69c1a5118b7f7c375f722219d56c5e970768095d8c70dd2fcafd4e16b485d9ba,Read current small bytes
01_theory_proof_checks_and_history,Git,outputs/piper_h_protocol_review_v1.md,outputs/piper_h_protocol_review_v1.md,6162,4890cb9da858b3df2fbff2ae5e9ee1a6a5fbd1cce30a7cea7e679e0e4cdb5d30,Read current small bytes
01_theory_proof_checks_and_history,Git,outputs/piper_h_source_audit_v1.json,outputs/piper_h_source_audit_v1.json,3970,91a2fb9d3d359e04827522e989e96e2e9b0d0e37eda62e71c9f62ce317a14700,Read current small bytes
01_theory_proof_checks_and_history,Git,outputs/portable_figure_recipe_receipt_v2.md,outputs/portable_figure_recipe_receipt_v2.md,1246,ae88e34a29560b2e93c84d5ad10183ce7755107edfb0b26ddd43346ab65a3e65,Read current small bytes
01_theory_proof_checks_and_history,Git,outputs/problem_contract_v1.md,outputs/problem_contract_v1.md,4787,99519b20be43dd2cd6a3690c86217bf574b5ef72c46e189f7622c108c2b0b7ef,Read current small bytes
01_theory_proof_checks_and_history,Git,outputs/research_status_and_next_plan_20261007.md,outputs/research_status_and_next_plan_20261007.md,6093,c98428c7633582fa229e037e90e0778c9a62cd26efacdea52e05bfb401b332a1,Read current small bytes
05_current_R8_manuscript_and_review,Git,outputs/submission_bibliography_verified_v1.tex,outputs/submission_bibliography_verified_v1.tex,6141,cf0ce385edee79785471d656f4113dd32fd0c88d3ea8e1f5fae174e2cf67671a,Read current small bytes
05_current_R8_manuscript_and_review,Git,outputs/submission_body_consolidated_v1.tex,outputs/submission_body_consolidated_v1.tex,58147,7ced33a8641dc8ccb0b216684f68d13f2f26334effa16ccf3dceaea98001a6d9,Read current small bytes
05_current_R8_manuscript_and_review,Git,outputs/submission_consolidation_map_v1.md,outputs/submission_consolidation_map_v1.md,14684,060e9bc672b2718653c8cfdd3f596ce4a26d227d5cbd2346fd6842fd2f7a3fad,Read current small bytes
05_current_R8_manuscript_and_review,Git,outputs/submission_consolidation_review_v1.md,outputs/submission_consolidation_review_v1.md,12008,a5f41eea19e6dc747a6fd26462593b9e7e791ba3098aaa7d4c13cf93e0926c69,Read current small bytes
05_current_R8_manuscript_and_review,Git,outputs/submission_layout_candidate_v1.tex,outputs/submission_layout_candidate_v1.tex,60412,d1ba94f30430e9ec9c36b2063296231c518204d17812ac61e8a014691ac16cb4,Read current small bytes
05_current_R8_manuscript_and_review,Git,outputs/submission_layout_review_v1.json,outputs/submission_layout_review_v1.json,26688,37d138b2a3bcaeeda7aa30e46b34bcd1bb64935148c1926ace664f0452bedc66,Read current small bytes
05_current_R8_manuscript_and_review,Git,outputs/submission_layout_review_v1.md,outputs/submission_layout_review_v1.md,7218,0b8e0bcbc1a7e128782d0f513b649414845d3a48f5bef86abe6d683c06c4e9aa,Read current small bytes
05_current_R8_manuscript_and_review,Git,outputs/tac_contribution_argument_v1.json,outputs/tac_contribution_argument_v1.json,57476,1fd2462dec7876b254ac05200f2c971ca69ffd3c18e9d762599ca8edc126ded7,Read current small bytes
05_current_R8_manuscript_and_review,Git,outputs/tac_contribution_argument_v1.md,outputs/tac_contribution_argument_v1.md,6063,123ea32666e22b1831bcad1b7b2847b47aa5a2b363b9c929b599f762379309ac,Read current small bytes
05_current_R8_manuscript_and_review,Git,outputs/tac_format_preflight_v1.json,outputs/tac_format_preflight_v1.json,12093,1615d86907394da87405ff4c95fd8a6c0ed6a951f8dd4d1d291238c7f8e9e55a,Read current small bytes
05_current_R8_manuscript_and_review,Git,outputs/tac_format_preflight_v1.md,outputs/tac_format_preflight_v1.md,3302,c1b10f5eec6cd636913de3ffdfefd16bfe18e8777af71b62f610fa76e653fee8,Read current small bytes
05_current_R8_manuscript_and_review,Git,outputs/tac_venue_check_20261007.md,outputs/tac_venue_check_20261007.md,1841,d5e0035f5aa942de7740c3f5c0217494701581661796b5fa41452756756567b4,Read current small bytes
01_theory_proof_checks_and_history,Git,outputs/theorem_target_v1.md,outputs/theorem_target_v1.md,5040,ab7f0bc85dff28eaa804b5f016149abd11d1448eb5a8bc4d7310dd43b79a32f2,Read current small bytes
01_theory_proof_checks_and_history,Git,outputs/theory_checkpoint_archive_receipt_v1.json,outputs/theory_checkpoint_archive_receipt_v1.json,1076,808b49abf27d06ffe36c076deeeef8e4c6e5322efa176467a553225a85af2b69,Read current small bytes
01_theory_proof_checks_and_history,Git,outputs/theory_checkpoint_archive_receipt_v2.json,outputs/theory_checkpoint_archive_receipt_v2.json,1414,ea743bcdab9ddbbf3b633647f9dfdd2bdf70ac1e2f0434cf3155194e81b6400d,Read current small bytes
01_theory_proof_checks_and_history,Git,outputs/theory_checkpoint_validation_v1.json,outputs/theory_checkpoint_validation_v1.json,2291,fb2b08fd9dfcbdad7420902d1548a641ffa7d32cf6f388192fc764e8caed1598,Read current small bytes
01_theory_proof_checks_and_history,Git,outputs/theory_checkpoint_validation_v1.md,outputs/theory_checkpoint_validation_v1.md,1646,49a118d765c8626144cf6451877bbf37ecdb7f9154601a49f79c474efd01096a,Read current small bytes
01_theory_proof_checks_and_history,Git,outputs/theory_checkpoint_validation_v2.json,outputs/theory_checkpoint_validation_v2.json,3601,d1df970295bbb4a32c66a2815bd05c4fd07500b6940eb1556db9e1517ea010bb,Read current small bytes
01_theory_proof_checks_and_history,Git,outputs/theory_checkpoint_validation_v2.md,outputs/theory_checkpoint_validation_v2.md,783,3f682ebcfba15ec47a2a0b9d24b778d3d1240719c316508508dd9e265413575f,Read current small bytes
01_theory_proof_checks_and_history,Git,references/audit_20261007/TAC_THEORY_ROADMAP.md,references/audit_20261007/TAC_THEORY_ROADMAP.md,16540,3f4091c0b93f315d7929e0fbd1f411ad8dee952975b02dc836633770a4ed6abe,Read current small bytes
01_theory_proof_checks_and_history,Git,references/audit_20261007/check_ar1_gap.py,references/audit_20261007/check_ar1_gap.py,1288,4da08090bf70dac2ccd23779245008f2c45c9c1d084f6209d8273542dbe8af69,Read current small bytes
01_theory_proof_checks_and_history,Git,references/audit_20261007/dialogue_body.md,references/audit_20261007/dialogue_body.md,1170332,6578986e920c78f1ae44266398779d7de373d8d70cfe29ac754b2983edd0e60b,Read current small bytes
01_theory_proof_checks_and_history,Release_asset,references/audit_20261007/dialogue_body_archive.zip,references/audit_20261007/dialogue_body_archive.zip,1062810,ddd6ef15d204b10a45dcf0b8f0731e516e01f7e69a6d8bccb4827f79306f1021,Read current small bytes
01_theory_proof_checks_and_history,Git,references/audit_20261007/next_proofs.tex,references/audit_20261007/next_proofs.tex,23814,7665ed30c78834901a8279b4573d1769d311f5fd4355b42271aa919ba9b4ac7b,Read current small bytes
01_theory_proof_checks_and_history,Git,references/audit_20261007/next_proofs_explained.md,references/audit_20261007/next_proofs_explained.md,10386,1532d50054e0017d99732bd053d19b40ea046511d8dfd2c9221a8db058eb45a3,Read current small bytes
01_theory_proof_checks_and_history,Git,references/audit_20261007/post_move_point_bound.md,references/audit_20261007/post_move_point_bound.md,6961,f6a84d8fd9f2a5f09c98ba0d69070d9c50fdf00a0e5c91f09dd4bb1d65ee5317,Read current small bytes
01_theory_proof_checks_and_history,Git,references/audit_20261007/post_move_point_support.json,references/audit_20261007/post_move_point_support.json,6101,f66e09440723ea61ee47e9a754e211fc8fd21cbc58da16a5356ae22eee3212b8,Read current small bytes
01_theory_proof_checks_and_history,Git,references/audit_20261007/post_move_point_support.py,references/audit_20261007/post_move_point_support.py,5591,c2f4af540979b9b9c5fd818c789bac9dbb01d70362e07e11d705d5ee172cb8f7,Read current small bytes
01_theory_proof_checks_and_history,Git,references/audit_20261007/r1_source_scope.md,references/audit_20261007/r1_source_scope.md,10236,8c67793ed78145ca71b8acb60441ba3ca9845bea6e7b3a24a14daab35b2904ad,Read current small bytes
01_theory_proof_checks_and_history,Git,references/audit_20261007/r1_verification.md,references/audit_20261007/r1_verification.md,5295,a63c8333f1a65719a3e679757665260a6fb9a5aeabd3aab0f42e2976a9fa6082,Read current small bytes
01_theory_proof_checks_and_history,Git,references/audit_20261007/r1_verification_receipt.json,references/audit_20261007/r1_verification_receipt.json,1879,5c94d28e8c50b72f64191920722297882b1744449a74273dfb86abef7126d708,Read current small bytes
01_theory_proof_checks_and_history,Git,references/audit_20261007/r1_verification_stdout.log,references/audit_20261007/r1_verification_stdout.log,1125,7bf4512af1d2a6af5ba6226d1427f100f5044fbb95bbe7692c67a53ae5b8f33b,Read current small bytes
01_theory_proof_checks_and_history,Git,references/audit_20261007/reading_manifest.json,references/audit_20261007/reading_manifest.json,32273,8eb324c35563b4994728f806bde0505d63c1924d12e079a6a22c739c066c12dd,Read current small bytes
01_theory_proof_checks_and_history,Git,references/audit_20261007/research_review.md,references/audit_20261007/research_review.md,14284,0ad561949356e924ac12d3af24730364aec32afc31cd24c87bd0642ba96136fb,Read current small bytes
01_theory_proof_checks_and_history,Git,references/audit_20261007/review_rounds_01_17.md,references/audit_20261007/review_rounds_01_17.md,21908,11ac8336509d0b30e76f9ad5488d6765e87eefedbe6f21fa8852be104d8a44a8,Read current small bytes
01_theory_proof_checks_and_history,Git,references/audit_20261007/review_rounds_18_34.md,references/audit_20261007/review_rounds_18_34.md,16808,178c76c5f55fb8e500f140377f96611c5ac3622054c1b9b3c30f33d5df2c1483,Read current small bytes
01_theory_proof_checks_and_history,Git,references/audit_20261007/review_rounds_35_48.md,references/audit_20261007/review_rounds_35_48.md,11999,0f4441f3865f014815ae296b51d31452f1940e349571601410b5cf6bd5affe0b,Read current small bytes
01_theory_proof_checks_and_history,Git,references/audit_20261007/round_by_round_review.md,references/audit_20261007/round_by_round_review.md,25925,06160f43369fa665c5cb0de990ef051cc03f342a66fc163c1bba9845f45f7be3,Read current small bytes
05_current_R8_manuscript_and_review,Git,references/manuscript_20260909/control.tex,references/manuscript_20260909/control.tex,10081,a684fc1106080522a47b7a489d9405e2090e3d56069ff1bd37094f5f1686fe24,Read current small bytes
05_current_R8_manuscript_and_review,Git,references/manuscript_20260909/introduction.tex,references/manuscript_20260909/introduction.tex,4965,e70105945aa54b24b5078b1a9d51a89e62e3bfab8ed1b6a5eadc54f186fda462,Read current small bytes
05_current_R8_manuscript_and_review,Git,references/manuscript_20260909/model.tex,references/manuscript_20260909/model.tex,7207,05d652bef5209497428da3ce30854a13b5ca2ab34d08627c33adcd63ae688977,Read current small bytes
05_current_R8_manuscript_and_review,Git,references/manuscript_20260909/numerical.tex,references/manuscript_20260909/numerical.tex,9934,af42f97fa9a7194dd29c1d3f560af5911af69f022a78c6dc69d142031c29d7bc,Read current small bytes
05_current_R8_manuscript_and_review,Git,references/manuscript_20260909/proof_constant.tex,references/manuscript_20260909/proof_constant.tex,5229,ab87decbed83ad8406fc906637afcf215f7669d5d0f481e8fd87b0b781f6bd0c,Read current small bytes
05_current_R8_manuscript_and_review,Git,references/manuscript_20260909/proof_embedding.tex,references/manuscript_20260909/proof_embedding.tex,7343,f761051cfc89ec7b670999847321c0e72178c0cad6e8034a41f9c013ce6c4648,Read current small bytes
05_current_R8_manuscript_and_review,Git,references/manuscript_20260909/proof_finite.tex,references/manuscript_20260909/proof_finite.tex,3276,d7ec2eff9bc36e778caeec13bcbb760ef0952786c80e11e5c617fbe953ff82c1,Read current small bytes
05_current_R8_manuscript_and_review,Git,references/manuscript_20260909/proof_rankone.tex,references/manuscript_20260909/proof_rankone.tex,2905,efcfd8311ed09607dcea01d618722db7b42c4894f44bd1d106ea50a000d3c9d6,Read current small bytes
05_current_R8_manuscript_and_review,Git,references/manuscript_20260909/proof_sharp.tex,references/manuscript_20260909/proof_sharp.tex,6264,468c248f87dce51c0058e03e78c988ff2f05b4b2f76dcd1e6be2ef7bd49e3fd7,Read current small bytes
05_current_R8_manuscript_and_review,Git,references/manuscript_20260909/references.tex,references/manuscript_20260909/references.tex,6166,ffc7917d1d15601199a1fa7de6617ab2c56adc77a40b167d1c22fb17609f8649,Read current small bytes
05_current_R8_manuscript_and_review,Git,references/manuscript_20260909/results.tex,references/manuscript_20260909/results.tex,14834,cc659fa8e9d969c1ed9776e3a6f176ae31dcc8b9fe25461fe5540fe9a00b982c,Read current small bytes
05_current_R8_manuscript_and_review,Git,references/manuscript_20260909/root.tex,references/manuscript_20260909/root.tex,4135,2aa1824e9c0d1e1a34bd09e815edaa23638fd57d9ba7dba18569b402ec554224,Read current small bytes
05_current_R8_manuscript_and_review,Git,references/manuscript_20260909/scope.tex,references/manuscript_20260909/scope.tex,3562,bfa3e94b28dfff9227a2d9b6495ccdaffe1a581e40a75665ccec24ea15207cc5,Read current small bytes
05_current_R8_manuscript_and_review,Git,references/manuscript_pdf_history/c8e02b022d0c875163499f5a45ff374208376702f1176da66f02bd08665b6195.pdf,references/manuscript_pdf_history/c8e02b022d0c875163499f5a45ff374208376702f1176da66f02bd08665b6195.pdf,248543,c8e02b022d0c875163499f5a45ff374208376702f1176da66f02bd08665b6195,Read current small bytes
05_current_R8_manuscript_and_review,Git,references/manuscript_pdf_history/ec237f48280d1f1680461c729e3d8c58f46dbea86a1dc0e6752af290048843bd.pdf,references/manuscript_pdf_history/ec237f48280d1f1680461c729e3d8c58f46dbea86a1dc0e6752af290048843bd.pdf,248893,ec237f48280d1f1680461c729e3d8c58f46dbea86a1dc0e6752af290048843bd,Read current small bytes
05_current_R8_manuscript_and_review,Git,references/manuscript_working_history/0f24a30953681a51f392f65dc5ef88aa7eb64c6ff04c10c38ee9ba8b441168ff.tex,references/manuscript_working_history/0f24a30953681a51f392f65dc5ef88aa7eb64c6ff04c10c38ee9ba8b441168ff.tex,32310,0f24a30953681a51f392f65dc5ef88aa7eb64c6ff04c10c38ee9ba8b441168ff,Read current small bytes
05_current_R8_manuscript_and_review,Git,references/manuscript_working_history/3490f6339e4772521fa7f52db3af64f2e9ad850e379e915bd563f00b2e6273dd.tex,references/manuscript_working_history/3490f6339e4772521fa7f52db3af64f2e9ad850e379e915bd563f00b2e6273dd.tex,39052,3490f6339e4772521fa7f52db3af64f2e9ad850e379e915bd563f00b2e6273dd,Read current small bytes
05_current_R8_manuscript_and_review,Git,references/manuscript_working_history/6c7bcf574450f49bffe4ad127ab89ff7ada0afbc3e90e1e9eef59b971515f367.tex,references/manuscript_working_history/6c7bcf574450f49bffe4ad127ab89ff7ada0afbc3e90e1e9eef59b971515f367.tex,59880,6c7bcf574450f49bffe4ad127ab89ff7ada0afbc3e90e1e9eef59b971515f367,Read current small bytes
05_current_R8_manuscript_and_review,Git,references/manuscript_working_history/70dc68db61599470cb6cd82ff6a2f83bcd30cdd4db89675e8074eab4e146f302.tex,references/manuscript_working_history/70dc68db61599470cb6cd82ff6a2f83bcd30cdd4db89675e8074eab4e146f302.tex,64724,70dc68db61599470cb6cd82ff6a2f83bcd30cdd4db89675e8074eab4e146f302,Read current small bytes
05_current_R8_manuscript_and_review,Git,references/manuscript_working_history/8eaa707da6df0c477a946e596ba3bc05522f249e93f806e54288559db55e0e6e.tex,references/manuscript_working_history/8eaa707da6df0c477a946e596ba3bc05522f249e93f806e54288559db55e0e6e.tex,62727,8eaa707da6df0c477a946e596ba3bc05522f249e93f806e54288559db55e0e6e,Read current small bytes
05_current_R8_manuscript_and_review,Git,references/manuscript_working_history/a26c945e35a8da9c598a5b94fe34f528a19025a652b335a457c4f9fa65626eca.tex,references/manuscript_working_history/a26c945e35a8da9c598a5b94fe34f528a19025a652b335a457c4f9fa65626eca.tex,63200,a26c945e35a8da9c598a5b94fe34f528a19025a652b335a457c4f9fa65626eca,Read current small bytes
05_current_R8_manuscript_and_review,Git,references/manuscript_working_history/e5d3c2d639e828795518101a78ea08cec56ea8bb1b44a01282186180fc75a371.tex,references/manuscript_working_history/e5d3c2d639e828795518101a78ea08cec56ea8bb1b44a01282186180fc75a371.tex,59013,e5d3c2d639e828795518101a78ea08cec56ea8bb1b44a01282186180fc75a371,Read current small bytes
04_full400_unfinished_release_recipe,Git,references/release_recipe_history/1c6ecc8e5cd6323c488e3c584e74199a8a64a3c224788cd23e392b82a6ab5307.py,references/release_recipe_history/1c6ecc8e5cd6323c488e3c584e74199a8a64a3c224788cd23e392b82a6ab5307.py,37518,1c6ecc8e5cd6323c488e3c584e74199a8a64a3c224788cd23e392b82a6ab5307,Read current small bytes
04_full400_unfinished_release_recipe,Git,references/release_recipe_history/97e36639d9291e72a93c84c822749f79eaa55d15af13c7bc5ff683916b5ee50f.py,references/release_recipe_history/97e36639d9291e72a93c84c822749f79eaa55d15af13c7bc5ff683916b5ee50f.py,38116,97e36639d9291e72a93c84c822749f79eaa55d15af13c7bc5ff683916b5ee50f,Read current small bytes
00_provenance_and_paused_state,Git,research/checkpoint.json,research/checkpoint.json,10913,1af609cb972aee478116d8e9f084c11794bb0963c61ed273582c04cc3ae40920,Read current small bytes
00_provenance_and_paused_state,Git,research/claims.json,research/claims.json,79473,4b5af80ac94ca2da2c3b8b019e2b832e39a568354807de08d12d5884130b2410,Read current small bytes
00_provenance_and_paused_state,Git,research/decisions.md,research/decisions.md,8084,ebdac11d43ade25f68c22d95038443302bf35b88696d678069f02362dd078f91,Read current small bytes
00_provenance_and_paused_state,Git,research/goal_progress_log.jsonl,research/goal_progress_log.jsonl,7461,aca78c073a645a02cb7cfbaedc893e998e99f4572d5cf806f8247cccb9f615f6,Read current small bytes
00_provenance_and_paused_state,Git,research/update_goal_state_20261007.py,research/update_goal_state_20261007.py,12279,c36794f3a6b8d6644edb9cfb17af75adb8e11e66900cf75d8a9ab46b4b6c6544,Read current small bytes
00_provenance_and_paused_state,Git,source_index.json,source_index.json,19038,69d266cdebe52c5128e2911cb856f3731827992751fe19f807aa48df66320589,Read current small bytes
02_current_runnable_runtime_and_frozen400_directions,Git,work/d2a_PROTOCOL_v1.json,work/d2a_PROTOCOL_v1.json,5481,0d8bed957fd152c256387c436de9472f878fc54018b2920bee30f04bd14033d6,Read current small bytes
02_current_runnable_runtime_and_frozen400_directions,Git,work/d2a_PROTOCOL_v1.sha256,work/d2a_PROTOCOL_v1.sha256,66,44984f15757904ed3f317433ebc6aa4c19d4acc6637363de9de85f9c65ea6dba,Read current small bytes
02_current_runnable_runtime_and_frozen400_directions,Git,work/d2a_calendar_inventory.csv,work/d2a_calendar_inventory.csv,42587,f400de04f9b08cdce741f5cf57d7fd9610bb07c6364dd5fb24113cfcce97af41,Read current small bytes
02_current_runnable_runtime_and_frozen400_directions,Git,work/d2a_cert_accept_mean_review.py,work/d2a_cert_accept_mean_review.py,2131,7ff003c599c92897cb6d25fdb0c037f5b2f9c7a4e756012e50989d01cecf3b8d,Read current small bytes
02_current_runnable_runtime_and_frozen400_directions,Git,work/d2a_cert_annotate_pending.py,work/d2a_cert_annotate_pending.py,2257,7b27adc6c76f6e3219de24a21153202c1002631858c60e6b99eeeebc7d84bb37,Read current small bytes
02_current_runnable_runtime_and_frozen400_directions,Git,work/d2a_cert_atomic_retry_fixture.py,work/d2a_cert_atomic_retry_fixture.py,1317,1464c6f177ca4c00c32afe38b2b2863cf68c82e13390cf96c3c6ae3358b5c334,Read current small bytes
02_current_runnable_runtime_and_frozen400_directions,Git,work/d2a_cert_atomic_retry_fixture_results.json,work/d2a_cert_atomic_retry_fixture_results.json,617,0421d46476f4d53b479865ea8a2a714456c352b6b08b2552b8a1de26d6e7a34c,Read current small bytes
02_current_runnable_runtime_and_frozen400_directions,Git,work/d2a_cert_audit_fixture_v1.py,work/d2a_cert_audit_fixture_v1.py,7571,e1084c17d7bed9de3e8fae66f6ecfd46afd121ebd58edf76ca1c1fd9a7f9a105,Read current small bytes
02_current_runnable_runtime_and_frozen400_directions,Git,work/d2a_cert_audit_fixture_v2.py,work/d2a_cert_audit_fixture_v2.py,11822,2fbe6820035bf34c38b09400156cb43878f31c328a8595a5808b5126ad692363,Read current small bytes
02_current_runnable_runtime_and_frozen400_directions,Git,work/d2a_cert_audit_fixture_v3.py,work/d2a_cert_audit_fixture_v3.py,11880,ed97de9a15d004cdc335bab21b26c48af1471278de1862e5a5cbdc215bf3a111,Read current small bytes
02_current_runnable_runtime_and_frozen400_directions,Git,work/d2a_cert_audit_fixture_v3_results.json,work/d2a_cert_audit_fixture_v3_results.json,1859,e6668cca6b53078aa6eb3d5e16264b58b136f1d15ff8ccd03eb80b713a5a7b03,Read current small bytes
02_current_runnable_runtime_and_frozen400_directions,Git,work/d2a_cert_audit_live_snapshot_v1.py,work/d2a_cert_audit_live_snapshot_v1.py,4144,09c42bd209855bfc6eabfec0bdc01302f3e472f89e6358a4e9bd356eff7624fb,Read current small bytes
02_current_runnable_runtime_and_frozen400_directions,Git,work/d2a_cert_audit_resume_v1.py,work/d2a_cert_audit_resume_v1.py,2874,232f2db3a4165b4cb1811b659327e07a61210eafeb30bc33bbcf2d164b87761f,Read current small bytes
02_current_runnable_runtime_and_frozen400_directions,Git,work/d2a_cert_batch.py,work/d2a_cert_batch.py,18986,4ccd7329f33c893a8bb3f6cea8f0d28dff33b890c6f90fc649bc6cf4bd2e1ee3,Read current small bytes
02_current_runnable_runtime_and_frozen400_directions,Git,work/d2a_cert_bind_artifact_hashes.py,work/d2a_cert_bind_artifact_hashes.py,2121,2c5ec2718e00eda010c54b4fce96e20747ff3a72cf1bc0c88e3cb1cf8d5e441a,Read current small bytes
02_current_runnable_runtime_and_frozen400_directions,Git,work/d2a_cert_case.py,work/d2a_cert_case.py,20787,b8bc6824a36ddfb021bbeded28a94ea8fca5833d6d170c3972f12512c6f63999,Read current small bytes
02_current_runnable_runtime_and_frozen400_directions,Git,work/d2a_cert_direction_preflight.csv,work/d2a_cert_direction_preflight.csv,111611,014c1449966160a201d79210cd476b97e784cabb420dbb519b12ed79d130c3e8,Read current small bytes
02_current_runnable_runtime_and_frozen400_directions,Git,work/d2a_cert_finalize_snapshot_eol.py,work/d2a_cert_finalize_snapshot_eol.py,1776,db490c18a031cfe2020c09c081b27f34c72c3f0f46293972e71a53ddf2bd2cb0,Read current small bytes
02_current_runnable_runtime_and_frozen400_directions,Git,work/d2a_cert_launch_via_wmi.ps1,work/d2a_cert_launch_via_wmi.ps1,907,8fdadb125d50d4bb24b0f301af4c2e80838f5f847f996afc27bb7eefc11e51a6,Read current small bytes
02_current_runnable_runtime_and_frozen400_directions,Git,work/d2a_cert_make_runtime_snapshot.py,work/d2a_cert_make_runtime_snapshot.py,10730,05c20296c877e6d0407389d2d38c516c0e89876d453682234d5273e6507991d7,Read current small bytes
02_current_runnable_runtime_and_frozen400_directions,Git,work/d2a_cert_mean_review_binding.json,work/d2a_cert_mean_review_binding.json,1495,4b7fbd423236f665dec8835520ba2326fb17a968fbcc0fe489499dc611b60fc9,Read current small bytes
02_current_runnable_runtime_and_frozen400_directions,Git,work/d2a_cert_partial_first_success.py,work/d2a_cert_partial_first_success.py,2318,fe0b6f7935106fbb81b586cbd453631fdeced85af7e09d681bda210debf9a41c,Read current small bytes
02_current_runnable_runtime_and_frozen400_directions,Git,work/d2a_cert_preflight.py,work/d2a_cert_preflight.py,4216,aba4de0223251574a8227062487684ca43b1c33aa3ae52bda1fed9749ae32ad4,Read current small bytes
02_current_runnable_runtime_and_frozen400_directions,Git,work/d2a_cert_preflight/h100_fixed20_average250.json,work/d2a_cert_preflight/h100_fixed20_average250.json,45051,6e466b05b9949f3829df1c1717bcf959c7721e62c472e12ae12e83869f9783d2,Read current small bytes
02_current_runnable_runtime_and_frozen400_directions,Git,work/d2a_cert_preflight/h100_fixed20_point_last_fast_read.json,work/d2a_cert_preflight/h100_fixed20_point_last_fast_read.json,44938,dedef93c5d0f47bde0d2cb1daba9d8a335c1cd871b3cbd180a17f7383bc6d771,Read current small bytes
02_current_runnable_runtime_and_frozen400_directions,Git,work/d2a_cert_preflight/h100_fixed40_average250.json,work/d2a_cert_preflight/h100_fixed40_average250.json,56808,ab7605c03637062628e4448060eceb6275744fd9951495fa7f49922e2321b531,Read current small bytes
02_current_runnable_runtime_and_frozen400_directions,Git,work/d2a_cert_preflight/h100_fixed40_point_last_fast_read.json,work/d2a_cert_preflight/h100_fixed40_point_last_fast_read.json,56684,f77d75ccba179530d12641dc08a0cc037e44172109992ea1e9bad58dcc88d43d,Read current small bytes
02_current_runnable_runtime_and_frozen400_directions,Git,work/d2a_cert_preflight/h100_fixed76_average250.json,work/d2a_cert_preflight/h100_fixed76_average250.json,58784,879b4264e4ac5a92546659682fb533fb18af7a970e8b24634bce6c253f79e074,Read current small bytes
02_current_runnable_runtime_and_frozen400_directions,Git,work/d2a_cert_preflight/h100_fixed76_point_last_fast_read.json,work/d2a_cert_preflight/h100_fixed76_point_last_fast_read.json,58690,8f02c78e68477ec6a660f27b704bab286ccfcf1347d6a1f3db2290542eebec70,Read current small bytes
02_current_runnable_runtime_and_frozen400_directions,Git,work/d2a_cert_preflight/h100_stay_average250.json,work/d2a_cert_preflight/h100_stay_average250.json,57907,38b08b53dc0db6cda7329ab1e5ec217ce4bbf7945edf83d8807debfa05160cd6,Read current small bytes
02_current_runnable_runtime_and_frozen400_directions,Git,work/d2a_cert_preflight/h100_stay_point_last_fast_read.json,work/d2a_cert_preflight/h100_stay_point_last_fast_read.json,57751,6ef5ea7add922716abd75a613c977284c11c2a29df95d19f2eb2b4beccfa6d29,Read current small bytes
02_current_runnable_runtime_and_frozen400_directions,Git,work/d2a_cert_preflight/h100_switch_then_stay_S100_average250.json,work/d2a_cert_preflight/h100_switch_then_stay_S100_average250.json,39465,557c7900ae845fc05dbc5850ebae1a05e1611c3268783a402ee777e2fc59c62a,Read current small bytes
02_current_runnable_runtime_and_frozen400_directions,Git,work/d2a_cert_preflight/h100_switch_then_stay_S100_point_last_fast_read.json,work/d2a_cert_preflight/h100_switch_then_stay_S100_point_last_fast_read.json,39412,65692ba35308f5ff6e66494a399ca938551ff48b1874c6c61eb5dd609f62634b,Read current small bytes
02_current_runnable_runtime_and_frozen400_directions,Git,work/d2a_cert_preflight/h100_switch_then_stay_S20_average250.json,work/d2a_cert_preflight/h100_switch_then_stay_S20_average250.json,57917,a413ff70196e56d17b0db38b8204c0abeb5886d175b37470dbf69033d363ed4c,Read current small bytes
02_current_runnable_runtime_and_frozen400_directions,Git,work/d2a_cert_preflight/h100_switch_then_stay_S20_point_last_fast_read.json,work/d2a_cert_preflight/h100_switch_then_stay_S20_point_last_fast_read.json,57761,99d41badd84b11f07d3c2796cf3868b5ce73d9ce7e2cbb01a9293a06881d056f,Read current small bytes
02_current_runnable_runtime_and_frozen400_directions,Git,work/d2a_cert_preflight/h100_switch_then_stay_S40_average250.json,work/d2a_cert_preflight/h100_switch_then_stay_S40_average250.json,45055,6cf1bb60f7334da2f61cf79efbde1eb37e3d6b7525cf9ae296475c51c5340fe9,Read current small bytes
02_current_runnable_runtime_and_frozen400_directions,Git,work/d2a_cert_preflight/h100_switch_then_stay_S40_point_last_fast_read.json,work/d2a_cert_preflight/h100_switch_then_stay_S40_point_last_fast_read.json,44951,53a6f97de56c11ef01d91fb7d5fa78b9d9dae54487dbabb35d1a12d94c9c4bd1,Read current small bytes
02_current_runnable_runtime_and_frozen400_directions,Git,work/d2a_cert_preflight/h100_switch_then_stay_S60_average250.json,work/d2a_cert_preflight/h100_switch_then_stay_S60_average250.json,49646,2a53dfa09d4615f2e0751e024d5d904294b59b63b90b8637a78b9b8083fd39ab,Read current small bytes
02_current_runnable_runtime_and_frozen400_directions,Git,work/d2a_cert_preflight/h100_switch_then_stay_S60_point_last_fast_read.json,work/d2a_cert_preflight/h100_switch_then_stay_S60_point_last_fast_read.json,49677,e8969f108acd98107797f5c668a1c206f9e9d98d04c5767e081da6fea8c15b0e,Read current small bytes
02_current_runnable_runtime_and_frozen400_directions,Git,work/d2a_cert_preflight/h100_switch_then_stay_S80_average250.json,work/d2a_cert_preflight/h100_switch_then_stay_S80_average250.json,37799,71f6e7b2c2f9dd77d3bfb28e5f847a1aeb2f91a7b402440b155379f2d228d994,Read current small bytes
02_current_runnable_runtime_and_frozen400_directions,Git,work/d2a_cert_preflight/h100_switch_then_stay_S80_point_last_fast_read.json,work/d2a_cert_preflight/h100_switch_then_stay_S80_point_last_fast_read.json,37769,8de8a3e7dfad05a9bb8797c108c3b6a55b7760a8af9a6d5ca8289aa12b07a562,Read current small bytes
02_current_runnable_runtime_and_frozen400_directions,Git,work/d2a_cert_preflight/h100_terminal_balanced_average250.json,work/d2a_cert_preflight/h100_terminal_balanced_average250.json,39467,51660dc555f113ff1eab45b7708a837c900555ce1fec4c9f6bc64d6ec2db4416,Read current small bytes
02_current_runnable_runtime_and_frozen400_directions,Git,work/d2a_cert_preflight/h100_terminal_balanced_point_last_fast_read.json,work/d2a_cert_preflight/h100_terminal_balanced_point_last_fast_read.json,39414,2a8b55e4b4d4ecaadfb94fb2aa007639d2f7eaae3d84ddb7b458805e3d8f884e,Read current small bytes
02_current_runnable_runtime_and_frozen400_directions,Git,work/d2a_cert_preflight/h120_fixed20_average250.json,work/d2a_cert_preflight/h120_fixed20_average250.json,58682,c335d1faf425b8d2638b9cf23ff5f0b277bc3116a43fafec1d942c074fb7dead,Read current small bytes
02_current_runnable_runtime_and_frozen400_directions,Git,work/d2a_cert_preflight/h120_fixed20_point_last_fast_read.json,work/d2a_cert_preflight/h120_fixed20_point_last_fast_read.json,58735,a3bb49c0a02e5d8914d66e05f5b150c27854d131695b10df2fdb0f939f6a3b49,Read current small bytes
02_current_runnable_runtime_and_frozen400_directions,Git,work/d2a_cert_preflight/h120_fixed40_average250.json,work/d2a_cert_preflight/h120_fixed40_average250.json,65354,4194cd32123b7b8f4798f0667c49b2e570fbeea4d5b3047feca5e2b349c49577,Read current small bytes
02_current_runnable_runtime_and_frozen400_directions,Git,work/d2a_cert_preflight/h120_fixed40_point_last_fast_read.json,work/d2a_cert_preflight/h120_fixed40_point_last_fast_read.json,65378,ed415a41aa965d6df70ea49d45d1f4897283cb8d054684618debe1b5daf5543f,Read current small bytes
02_current_runnable_runtime_and_frozen400_directions,Git,work/d2a_cert_preflight/h120_fixed76_average250.json,work/d2a_cert_preflight/h120_fixed76_average250.json,70860,f503e905535a50b79be4c8d82f63a63c86dd9bf23622b84bb05e855a92549641,Read current small bytes
02_current_runnable_runtime_and_frozen400_directions,Git,work/d2a_cert_preflight/h120_fixed76_point_last_fast_read.json,work/d2a_cert_preflight/h120_fixed76_point_last_fast_read.json,70740,9a1b7e46f9258bc07f97abea9d380a60b6e1a958cfd492b1c9232f47f238d274,Read current small bytes
02_current_runnable_runtime_and_frozen400_directions,Git,work/d2a_cert_preflight/h120_stay_average250.json,work/d2a_cert_preflight/h120_stay_average250.json,69063,eec5f7d0c6ad6366078647a00e5afd135587bf48e0138658354d24744186a9bc,Read current small bytes
02_current_runnable_runtime_and_frozen400_directions,Git,work/d2a_cert_preflight/h120_stay_point_last_fast_read.json,work/d2a_cert_preflight/h120_stay_point_last_fast_read.json,68881,c85681ec4678145ccc358954a9ca8642f8feec7f893a70730166126d34433a32,Read current small bytes
02_current_runnable_runtime_and_frozen400_directions,Git,work/d2a_cert_preflight/h120_switch_then_stay_S100_average250.json,work/d2a_cert_preflight/h120_switch_then_stay_S100_average250.json,52120,79fb2214e2b13f9b7746924c78457f0f83adfcd92da5e9aa5dc5a289a4dde84d,Read current small bytes
02_current_runnable_runtime_and_frozen400_directions,Git,work/d2a_cert_preflight/h120_switch_then_stay_S100_point_last_fast_read.json,work/d2a_cert_preflight/h120_switch_then_stay_S100_point_last_fast_read.json,52068,5f6d7d361963325eaca4f7ca77fd5e87de06beaabbcafbb05134c81505824b5a,Read current small bytes
02_current_runnable_runtime_and_frozen400_directions,Git,work/d2a_cert_preflight/h120_switch_then_stay_S120_average250.json,work/d2a_cert_preflight/h120_switch_then_stay_S120_average250.json,53511,c46c4f69f54a920e62d23c1a0b37552e403131b84d81b9abfb47df82dd692876,Read current small bytes
02_current_runnable_runtime_and_frozen400_directions,Git,work/d2a_cert_preflight/h120_switch_then_stay_S120_point_last_fast_read.json,work/d2a_cert_preflight/h120_switch_then_stay_S120_point_last_fast_read.json,53431,0be09bf3d08a584c245a757de5bf5f8254e09052eb8ae2af229f05d69baa629c,Read current small bytes
02_current_runnable_runtime_and_frozen400_directions,Git,work/d2a_cert_preflight/h120_switch_then_stay_S20_average250.json,work/d2a_cert_preflight/h120_switch_then_stay_S20_average250.json,69073,6beb571b517c7a24877d2bb385c24ebc9573395ca3ddb82d3b1ae50e89ad5430,Read current small bytes
02_current_runnable_runtime_and_frozen400_directions,Git,work/d2a_cert_preflight/h120_switch_then_stay_S20_point_last_fast_read.json,work/d2a_cert_preflight/h120_switch_then_stay_S20_point_last_fast_read.json,68891,a2f9e4ea0833b7835fe21dfc6e7404ec0acc93c420efb72df856450762860bfa,Read current small bytes
02_current_runnable_runtime_and_frozen400_directions,Git,work/d2a_cert_preflight/h120_switch_then_stay_S40_average250.json,work/d2a_cert_preflight/h120_switch_then_stay_S40_average250.json,56231,d3b8347f6711bf7bbffbc20aed6af53e82d7ead19db3552cba17c4ec5cf688f9,Read current small bytes
02_current_runnable_runtime_and_frozen400_directions,Git,work/d2a_cert_preflight/h120_switch_then_stay_S40_point_last_fast_read.json,work/d2a_cert_preflight/h120_switch_then_stay_S40_point_last_fast_read.json,56101,97845114adc244cda722bfef52cf41e694fe58ac6c37728e24b96eb808f6b1dc,Read current small bytes
02_current_runnable_runtime_and_frozen400_directions,Git,work/d2a_cert_preflight/h120_switch_then_stay_S60_average250.json,work/d2a_cert_preflight/h120_switch_then_stay_S60_average250.json,61702,a3959d176b3ccee95b6be0970c904796ab552101f894532e0ac0c0cbcee825b7,Read current small bytes
02_current_runnable_runtime_and_frozen400_directions,Git,work/d2a_cert_preflight/h120_switch_then_stay_S60_point_last_fast_read.json,work/d2a_cert_preflight/h120_switch_then_stay_S60_point_last_fast_read.json,61707,b96ff9d114bbf4d99ae97dd65e4073db5b90a6e98dbbbefd561a5f67c87f0efd,Read current small bytes
02_current_runnable_runtime_and_frozen400_directions,Git,work/d2a_cert_preflight/h120_switch_then_stay_S80_average250.json,work/d2a_cert_preflight/h120_switch_then_stay_S80_average250.json,49837,134967b17f8e23a43a29f350cc82df51b980403c763a5af50f1aea3cb3ed605d,Read current small bytes
02_current_runnable_runtime_and_frozen400_directions,Git,work/d2a_cert_preflight/h120_switch_then_stay_S80_point_last_fast_read.json,work/d2a_cert_preflight/h120_switch_then_stay_S80_point_last_fast_read.json,49781,4dec8f88f47aba97c48c3f998f203fca9099ca3cd16d55a0ba4dbd07ecc376af,Read current small bytes
02_current_runnable_runtime_and_frozen400_directions,Git,work/d2a_cert_preflight/h120_terminal_balanced_average250.json,work/d2a_cert_preflight/h120_terminal_balanced_average250.json,53513,e9a774ec480a7106f1354eae37d6ece05029a24ad3c122a8ffddb4004e130b27,Read current small bytes
02_current_runnable_runtime_and_frozen400_directions,Git,work/d2a_cert_preflight/h120_terminal_balanced_point_last_fast_read.json,work/d2a_cert_preflight/h120_terminal_balanced_point_last_fast_read.json,53433,1078c31e1428d771aa235e192051589df251e4bd331e46fb0808745b1f961827,Read current small bytes
02_current_runnable_runtime_and_frozen400_directions,Git,work/d2a_cert_preflight/h160_fixed20_average250.json,work/d2a_cert_preflight/h160_fixed20_average250.json,79909,6dae7b0e1c42330a35cbbe0e51466c3051ae5b6e119c92eb4838a5a724897de2,Read current small bytes
02_current_runnable_runtime_and_frozen400_directions,Git,work/d2a_cert_preflight/h160_fixed20_point_last_fast_read.json,work/d2a_cert_preflight/h160_fixed20_point_last_fast_read.json,79902,f613970a8b5f2bef74c388965970eb108e9513080198a66d8a581809e363c6d8,Read current small bytes
02_current_runnable_runtime_and_frozen400_directions,Git,work/d2a_cert_preflight/h160_fixed40_average250.json,work/d2a_cert_preflight/h160_fixed40_average250.json,85038,be7bf2524643b34c12837f4d7f576a62ccd81756deaaa547a6f129ac4bb29304,Read current small bytes
02_current_runnable_runtime_and_frozen400_directions,Git,work/d2a_cert_preflight/h160_fixed40_point_last_fast_read.json,work/d2a_cert_preflight/h160_fixed40_point_last_fast_read.json,85064,ca7784ac58a07f9652ffe07c571dc463fa41403e2124b3143eb54b59cf4bfd6b,Read current small bytes
02_current_runnable_runtime_and_frozen400_directions,Git,work/d2a_cert_preflight/h160_fixed76_average250.json,work/d2a_cert_preflight/h160_fixed76_average250.json,95092,8a9d77c9e6cde6f5c445c519170ba5f0c55ef95f555b88a0bd289bb0a2499e3f,Read current small bytes
02_current_runnable_runtime_and_frozen400_directions,Git,work/d2a_cert_preflight/h160_fixed76_point_last_fast_read.json,work/d2a_cert_preflight/h160_fixed76_point_last_fast_read.json,94908,4646eaef7f2fde9dec6bc74cbefa295a7c68f2ce271ee7681095c6742d13d5f2,Read current small bytes
02_current_runnable_runtime_and_frozen400_directions,Git,work/d2a_cert_preflight/h160_stay_average250.json,work/d2a_cert_preflight/h160_stay_average250.json,91379,3238289446a0d3d1c6c07aa44403bc3524b0607dd2f4ae65803b0956ac9f01a6,Read current small bytes
02_current_runnable_runtime_and_frozen400_directions,Git,work/d2a_cert_preflight/h160_stay_point_last_fast_read.json,work/d2a_cert_preflight/h160_stay_point_last_fast_read.json,91133,a6dd7288771a24198064c8e6c98d84ab04d9a4251d917d407bcf618159f114ce,Read current small bytes
02_current_runnable_runtime_and_frozen400_directions,Git,work/d2a_cert_preflight/h160_switch_then_stay_S100_average250.json,work/d2a_cert_preflight/h160_switch_then_stay_S100_average250.json,76222,6358a55a46c8de1b0442903216803b7b29597a9f5137f1d5d47d07c497545e81,Read current small bytes
02_current_runnable_runtime_and_frozen400_directions,Git,work/d2a_cert_preflight/h160_switch_then_stay_S100_point_last_fast_read.json,work/d2a_cert_preflight/h160_switch_then_stay_S100_point_last_fast_read.json,76106,5dcf96226dff5ccea5955f1e976503244f68e311c808d830d6a3be55a5abbb85,Read current small bytes
02_current_runnable_runtime_and_frozen400_directions,Git,work/d2a_cert_preflight/h160_switch_then_stay_S120_average250.json,work/d2a_cert_preflight/h160_switch_then_stay_S120_average250.json,78346,8f5ede29e807e85f15f779a228923d2c38b35fc75c9b1fa45d06da432dd942c4,Read current small bytes
02_current_runnable_runtime_and_frozen400_directions,Git,work/d2a_cert_preflight/h160_switch_then_stay_S120_point_last_fast_read.json,work/d2a_cert_preflight/h160_switch_then_stay_S120_point_last_fast_read.json,78200,461ae05ec250f4b3d3ac863ca4d92b40545e4b66a0923cd3d1e51f6131218b14,Read current small bytes
02_current_runnable_runtime_and_frozen400_directions,Git,work/d2a_cert_preflight/h160_switch_then_stay_S140_average250.json,work/d2a_cert_preflight/h160_switch_then_stay_S140_average250.json,66212,a6d8630485105c123fe4a3501c82f5a1d7941642860eb3b69b6e19757699d5d5,Read current small bytes
02_current_runnable_runtime_and_frozen400_directions,Git,work/d2a_cert_preflight/h160_switch_then_stay_S140_point_last_fast_read.json,work/d2a_cert_preflight/h160_switch_then_stay_S140_point_last_fast_read.json,65901,89d3cf9ef8f23c9a5dd7fc984982ec40d6ba9612c32e8cc667087d0945e740b6,Read current small bytes
02_current_runnable_runtime_and_frozen400_directions,Git,work/d2a_cert_preflight/h160_switch_then_stay_S160_average250.json,work/d2a_cert_preflight/h160_switch_then_stay_S160_average250.json,67314,52232513ffea67bd6f791b83a8458397add902f62ba16718417ea13708514a1e,Read current small bytes
02_current_runnable_runtime_and_frozen400_directions,Git,work/d2a_cert_preflight/h160_switch_then_stay_S160_point_last_fast_read.json,work/d2a_cert_preflight/h160_switch_then_stay_S160_point_last_fast_read.json,67107,d2cd6fc61b8a8e50a0c2201b81953dc57850d75a2c10bbd2630a74e87a665e1a,Read current small bytes
02_current_runnable_runtime_and_frozen400_directions,Git,work/d2a_cert_preflight/h160_switch_then_stay_S20_average250.json,work/d2a_cert_preflight/h160_switch_then_stay_S20_average250.json,91389,972ea96cefdb8bbe09f82d3ae7212b67a61bc5324a260f1f4dff218428155cce,Read current small bytes
02_current_runnable_runtime_and_frozen400_directions,Git,work/d2a_cert_preflight/h160_switch_then_stay_S20_point_last_fast_read.json,work/d2a_cert_preflight/h160_switch_then_stay_S20_point_last_fast_read.json,91143,fbd77bfbae0ed0f5e88b2cc69764a27e39af6f6709ca100954ccf2882d787e4a,Read current small bytes
02_current_runnable_runtime_and_frozen400_directions,Git,work/d2a_cert_preflight/h160_switch_then_stay_S40_average250.json,work/d2a_cert_preflight/h160_switch_then_stay_S40_average250.json,78587,69d1db6b8bc952bd7214b68bb78b9fb7c582c2282cd53f22411ebb6e56ce54dc,Read current small bytes
02_current_runnable_runtime_and_frozen400_directions,Git,work/d2a_cert_preflight/h160_switch_then_stay_S40_point_last_fast_read.json,work/d2a_cert_preflight/h160_switch_then_stay_S40_point_last_fast_read.json,78393,45ce82ad81919ddf401e21de11492af33226dd51f2e4764052394e44ec4b3a27,Read current small bytes
02_current_runnable_runtime_and_frozen400_directions,Git,work/d2a_cert_preflight/h160_switch_then_stay_S60_average250.json,work/d2a_cert_preflight/h160_switch_then_stay_S60_average250.json,85818,612870d07002e76a690392e13695c687ed2ac57bbcc066bbbad72fed77ce8151,Read current small bytes
02_current_runnable_runtime_and_frozen400_directions,Git,work/d2a_cert_preflight/h160_switch_then_stay_S60_point_last_fast_read.json,work/d2a_cert_preflight/h160_switch_then_stay_S60_point_last_fast_read.json,85759,5f30704a70ffd60a90997d471c620cd14632630d1f74e2d325ebd616288482b0,Read current small bytes
02_current_runnable_runtime_and_frozen400_directions,Git,work/d2a_cert_preflight/h160_switch_then_stay_S80_average250.json,work/d2a_cert_preflight/h160_switch_then_stay_S80_average250.json,73953,dad5b4afeefb66335928938b89f5b1ac8dbbecc3b353591f1a29be3fb70d77fc,Read current small bytes
02_current_runnable_runtime_and_frozen400_directions,Git,work/d2a_cert_preflight/h160_switch_then_stay_S80_point_last_fast_read.json,work/d2a_cert_preflight/h160_switch_then_stay_S80_point_last_fast_read.json,73833,7c392d867309b86e9ee8f068efb010707456fc6f5bbb8bb58477d153d5e877ff,Read current small bytes
02_current_runnable_runtime_and_frozen400_directions,Git,work/d2a_cert_preflight/h160_terminal_balanced_average250.json,work/d2a_cert_preflight/h160_terminal_balanced_average250.json,67316,ef64194dfc9e56a02faa07eaa696f49069b80d67fec032735b3f4085450e2688,Read current small bytes
02_current_runnable_runtime_and_frozen400_directions,Git,work/d2a_cert_preflight/h160_terminal_balanced_point_last_fast_read.json,work/d2a_cert_preflight/h160_terminal_balanced_point_last_fast_read.json,67109,b2ca9e9979248ef1b24383f42d72aee2d2e12e5b365f6450babeefdb1714b7c6,Read current small bytes
02_current_runnable_runtime_and_frozen400_directions,Git,work/d2a_cert_preflight/h200_fixed20_average250.json,work/d2a_cert_preflight/h200_fixed20_average250.json,94700,44b8596013586526975b3b7406fa6b3a9e29d6615355cfb13155203fe77b8786,Read current small bytes
02_current_runnable_runtime_and_frozen400_directions,Git,work/d2a_cert_preflight/h200_fixed20_point_last_fast_read.json,work/d2a_cert_preflight/h200_fixed20_point_last_fast_read.json,94804,1c5418f326837c2b9cdc507b4dffb74cbed36ad696e17e8c8e53d1b98c86ddd2,Read current small bytes
02_current_runnable_runtime_and_frozen400_directions,Git,work/d2a_cert_preflight/h200_fixed40_average250.json,work/d2a_cert_preflight/h200_fixed40_average250.json,113680,62d3971176259e5198dbf5dd2a632bfcfb80a705b2becfdbbbcc3a7327e7553f,Read current small bytes
02_current_runnable_runtime_and_frozen400_directions,Git,work/d2a_cert_preflight/h200_fixed40_point_last_fast_read.json,work/d2a_cert_preflight/h200_fixed40_point_last_fast_read.json,113838,90b4fb9b0d8050cad99b4a0242331f9f66df09438964fa41e0289f62c0444868,Read current small bytes
02_current_runnable_runtime_and_frozen400_directions,Git,work/d2a_cert_preflight/h200_fixed76_average250.json,work/d2a_cert_preflight/h200_fixed76_average250.json,120184,00f702efff9143d729e78b25419e101d6b9cad40f800d5d874bef1ed37dede6b,Read current small bytes
02_current_runnable_runtime_and_frozen400_directions,Git,work/d2a_cert_preflight/h200_fixed76_point_last_fast_read.json,work/d2a_cert_preflight/h200_fixed76_point_last_fast_read.json,119908,a75c0b0b2107a4b8a54328c050cf90908c2fb26a587a20523427316cb7536031,Read current small bytes
02_current_runnable_runtime_and_frozen400_directions,Git,work/d2a_cert_preflight/h200_stay_average250.json,work/d2a_cert_preflight/h200_stay_average250.json,113744,3a5eb39464b3c9ff84d5ea6d84dbeebfbd6393b7d4271b6c3d11a2dfe02d2f94,Read current small bytes
02_current_runnable_runtime_and_frozen400_directions,Git,work/d2a_cert_preflight/h200_stay_point_last_fast_read.json,work/d2a_cert_preflight/h200_stay_point_last_fast_read.json,113406,fb590bc1eccdf83ee6426b10810707177930fbe5d7411f7518c2e047d4c773eb,Read current small bytes
02_current_runnable_runtime_and_frozen400_directions,Git,work/d2a_cert_preflight/h200_switch_then_stay_S100_average250.json,work/d2a_cert_preflight/h200_switch_then_stay_S100_average250.json,100387,7c906857be45670800c15797aa2ef308292ea40fd7d73189ca4c86e4b5f86542,Read current small bytes
02_current_runnable_runtime_and_frozen400_directions,Git,work/d2a_cert_preflight/h200_switch_then_stay_S100_point_last_fast_read.json,work/d2a_cert_preflight/h200_switch_then_stay_S100_point_last_fast_read.json,100179,f76510c4efb6d5f3ab7da05465738147d53b689903245d46ae9b03680d3c66a5,Read current small bytes
02_current_runnable_runtime_and_frozen400_directions,Git,work/d2a_cert_preflight/h200_switch_then_stay_S120_average250.json,work/d2a_cert_preflight/h200_switch_then_stay_S120_average250.json,102511,dfdcbe8a937f58e52595146aaf27d2ffcc8ec07a36830aad7d81bb54484bbe0c,Read current small bytes
02_current_runnable_runtime_and_frozen400_directions,Git,work/d2a_cert_preflight/h200_switch_then_stay_S120_point_last_fast_read.json,work/d2a_cert_preflight/h200_switch_then_stay_S120_point_last_fast_read.json,102273,25776cf9f55c3210ab270b328c2850eef61fb6ea3fb0bf857ba7d9264022a40b,Read current small bytes
02_current_runnable_runtime_and_frozen400_directions,Git,work/d2a_cert_preflight/h200_switch_then_stay_S140_average250.json,work/d2a_cert_preflight/h200_switch_then_stay_S140_average250.json,90363,dce9f6bf0200dafb1e25f25f89d6249e85c302e7c1fc43cc909261ece55581b2,Read current small bytes
02_current_runnable_runtime_and_frozen400_directions,Git,work/d2a_cert_preflight/h200_switch_then_stay_S140_point_last_fast_read.json,work/d2a_cert_preflight/h200_switch_then_stay_S140_point_last_fast_read.json,89960,3c5211d49f78b183c3c001afdf7398a0e5c25c59b7bca753c3c0456a83ae4b3e,Read current small bytes
02_current_runnable_runtime_and_frozen400_directions,Git,work/d2a_cert_preflight/h200_switch_then_stay_S160_average250.json,work/d2a_cert_preflight/h200_switch_then_stay_S160_average250.json,92723,4fb0be131d0955f26bed7812c18d19058f707dcd72504b5a79bb41b56e95b1b8,Read current small bytes
02_current_runnable_runtime_and_frozen400_directions,Git,work/d2a_cert_preflight/h200_switch_then_stay_S160_point_last_fast_read.json,work/d2a_cert_preflight/h200_switch_then_stay_S160_point_last_fast_read.json,92738,ba0e5d4434c29e673e424b85e1f7913b7ee2e2e2ea431d3c14567fc70d5c80b1,Read current small bytes
02_current_runnable_runtime_and_frozen400_directions,Git,work/d2a_cert_preflight/h200_switch_then_stay_S180_average250.json,work/d2a_cert_preflight/h200_switch_then_stay_S180_average250.json,96489,d799f1fbdc557d5ee9d8b0cbf9697ead4f360b6ba99db9a239f57fdea48cc77b,Read current small bytes
02_current_runnable_runtime_and_frozen400_directions,Git,work/d2a_cert_preflight/h200_switch_then_stay_S180_point_last_fast_read.json,work/d2a_cert_preflight/h200_switch_then_stay_S180_point_last_fast_read.json,96526,6efe87cdf29244c902e90b825e3751453f104213dbf54b6b419d6676a21212fb,Read current small bytes
02_current_runnable_runtime_and_frozen400_directions,Git,work/d2a_cert_preflight/h200_switch_then_stay_S200_average250.json,work/d2a_cert_preflight/h200_switch_then_stay_S200_average250.json,80502,fda42c7b5c2bdb7f950e473551d0bd76fdf62861dc8b7bbd7c22e6371418ca0f,Read current small bytes
02_current_runnable_runtime_and_frozen400_directions,Git,work/d2a_cert_preflight/h200_switch_then_stay_S200_point_last_fast_read.json,work/d2a_cert_preflight/h200_switch_then_stay_S200_point_last_fast_read.json,80487,d3e519a62187b7918bbb632be41046929ff6d04ed5d533779a3c806dcceb2453,Read current small bytes
02_current_runnable_runtime_and_frozen400_directions,Git,work/d2a_cert_preflight/h200_switch_then_stay_S20_average250.json,work/d2a_cert_preflight/h200_switch_then_stay_S20_average250.json,113754,722dba78658ab74aab97e8e812345a9f3df06e34e18902b5034e675f22d7ca85,Read current small bytes
02_current_runnable_runtime_and_frozen400_directions,Git,work/d2a_cert_preflight/h200_switch_then_stay_S20_point_last_fast_read.json,work/d2a_cert_preflight/h200_switch_then_stay_S20_point_last_fast_read.json,113416,d74a7e5fc121f384e1bfc08f01155b5b91658913289a70b6f2ed0b48378a6591,Read current small bytes
02_current_runnable_runtime_and_frozen400_directions,Git,work/d2a_cert_preflight/h200_switch_then_stay_S40_average250.json,work/d2a_cert_preflight/h200_switch_then_stay_S40_average250.json,100992,15316db1b2dd79947d52a0ecc2cd997f40084fe9e164d3ec4620c020f379479f,Read current small bytes
02_current_runnable_runtime_and_frozen400_directions,Git,work/d2a_cert_preflight/h200_switch_then_stay_S40_point_last_fast_read.json,work/d2a_cert_preflight/h200_switch_then_stay_S40_point_last_fast_read.json,100706,d8af8ecac06cce8de12c92572ab8d7738755619d0327d72e139ca7ea99f5bd4d,Read current small bytes
02_current_runnable_runtime_and_frozen400_directions,Git,work/d2a_cert_preflight/h200_switch_then_stay_S60_average250.json,work/d2a_cert_preflight/h200_switch_then_stay_S60_average250.json,109983,9d9b5b37bfda6eaa46abf703a1e4522666b3a1807cf4bc8aa827a008e61a7cc1,Read current small bytes
02_current_runnable_runtime_and_frozen400_directions,Git,work/d2a_cert_preflight/h200_switch_then_stay_S60_point_last_fast_read.json,work/d2a_cert_preflight/h200_switch_then_stay_S60_point_last_fast_read.json,109832,d9e44dcd74afb345ea3296951fedd3dade421119161d6c07fa57d01b472e3f06,Read current small bytes
02_current_runnable_runtime_and_frozen400_directions,Git,work/d2a_cert_preflight/h200_switch_then_stay_S80_average250.json,work/d2a_cert_preflight/h200_switch_then_stay_S80_average250.json,98118,653c1348737e746c618fb13d86996d3700590328a174466b1cf61a3911a63fa1,Read current small bytes
02_current_runnable_runtime_and_frozen400_directions,Git,work/d2a_cert_preflight/h200_switch_then_stay_S80_point_last_fast_read.json,work/d2a_cert_preflight/h200_switch_then_stay_S80_point_last_fast_read.json,97906,5a4eedb4a1389e23c3940626f53e04fbabd092ac5fd1aa053ea7ad80c5ae2a6f,Read current small bytes
02_current_runnable_runtime_and_frozen400_directions,Git,work/d2a_cert_preflight/h200_terminal_balanced_average250.json,work/d2a_cert_preflight/h200_terminal_balanced_average250.json,80504,8c80a5f54df854d28bfc307b8786be38a130f67a3e15cfcd3e0ef4b89be14a66,Read current small bytes
02_current_runnable_runtime_and_frozen400_directions,Git,work/d2a_cert_preflight/h200_terminal_balanced_point_last_fast_read.json,work/d2a_cert_preflight/h200_terminal_balanced_point_last_fast_read.json,80489,8fac2a1148c81072f6edd4002ae76566dd0653227995adb692ee31d327da9e83,Read current small bytes
02_current_runnable_runtime_and_frozen400_directions,Git,work/d2a_cert_preflight/h240_fixed20_average250.json,work/d2a_cert_preflight/h240_fixed20_average250.json,116346,148076495eaf668b70571169382b5d2c12e7dfa9d95b4b214e1fa0ae5c7b60b9,Read current small bytes
02_current_runnable_runtime_and_frozen400_directions,Git,work/d2a_cert_preflight/h240_fixed20_point_last_fast_read.json,work/d2a_cert_preflight/h240_fixed20_point_last_fast_read.json,116432,e9eaf079cca4d269297bb131ab5189a2a79d5a0d782c9140c2b8b64850702faa,Read current small bytes
02_current_runnable_runtime_and_frozen400_directions,Git,work/d2a_cert_preflight/h240_fixed40_average250.json,work/d2a_cert_preflight/h240_fixed40_average250.json,139015,bec7e679fe7c9827080b4249713cde35517d9a81d4e64e49a444bee076468010,Read current small bytes
02_current_runnable_runtime_and_frozen400_directions,Git,work/d2a_cert_preflight/h240_fixed40_point_last_fast_read.json,work/d2a_cert_preflight/h240_fixed40_point_last_fast_read.json,138754,d25aac4a8fa7ecb38e06c1a0a0c5f658f963f725b655623fbcfa73e650572f31,Read current small bytes
02_current_runnable_runtime_and_frozen400_directions,Git,work/d2a_cert_preflight/h240_fixed76_average250.json,work/d2a_cert_preflight/h240_fixed76_average250.json,144834,b35133c7b8088c985738fde1ceb1e27e9e6113f50bfff745753b389a50e44b4b,Read current small bytes
02_current_runnable_runtime_and_frozen400_directions,Git,work/d2a_cert_preflight/h240_fixed76_point_last_fast_read.json,work/d2a_cert_preflight/h240_fixed76_point_last_fast_read.json,144505,b3bab775122989a476a9a85fc5d3e8ad40611f589755455d9b6ca67af985050c,Read current small bytes
02_current_runnable_runtime_and_frozen400_directions,Git,work/d2a_cert_preflight/h240_stay_average250.json,work/d2a_cert_preflight/h240_stay_average250.json,136170,e979a5e320bb81572a63d6e1db7d04be60f966030b8289e8a6658ea2e0f3be09,Read current small bytes
02_current_runnable_runtime_and_frozen400_directions,Git,work/d2a_cert_preflight/h240_stay_point_last_fast_read.json,work/d2a_cert_preflight/h240_stay_point_last_fast_read.json,135730,11da8e80a480b77211b723a80413ea061f4141c06695f4bae200d1152f78e539,Read current small bytes
02_current_runnable_runtime_and_frozen400_directions,Git,work/d2a_cert_preflight/h240_switch_then_stay_S100_average250.json,work/d2a_cert_preflight/h240_switch_then_stay_S100_average250.json,124613,46f014643154b6dac8c7e178dc385ef3254a429f5e0417d037ac2c17af2d184c,Read current small bytes
02_current_runnable_runtime_and_frozen400_directions,Git,work/d2a_cert_preflight/h240_switch_then_stay_S100_point_last_fast_read.json,work/d2a_cert_preflight/h240_switch_then_stay_S100_point_last_fast_read.json,124303,f489e4541867d072c67266d5caaba0aaa1475e9597b25dcdbf4d2ed43eda9c48,Read current small bytes
02_current_runnable_runtime_and_frozen400_directions,Git,work/d2a_cert_preflight/h240_switch_then_stay_S120_average250.json,work/d2a_cert_preflight/h240_switch_then_stay_S120_average250.json,126737,7ae36b3512649b7613feaec034cdc8d30e96e73f3833cca3625173b92d241ace,Read current small bytes
02_current_runnable_runtime_and_frozen400_directions,Git,work/d2a_cert_preflight/h240_switch_then_stay_S120_point_last_fast_read.json,work/d2a_cert_preflight/h240_switch_then_stay_S120_point_last_fast_read.json,126397,92c054e4b47d9194528b9f55f72b4c782faf35aff033bfeacda8abae8fed7c01,Read current small bytes
02_current_runnable_runtime_and_frozen400_directions,Git,work/d2a_cert_preflight/h240_switch_then_stay_S140_average250.json,work/d2a_cert_preflight/h240_switch_then_stay_S140_average250.json,114589,4ef61f5676154d69d06f67b3e8a06ea46f78d47755c56bc37df46a5a5ac54f34,Read current small bytes
02_current_runnable_runtime_and_frozen400_directions,Git,work/d2a_cert_preflight/h240_switch_then_stay_S140_point_last_fast_read.json,work/d2a_cert_preflight/h240_switch_then_stay_S140_point_last_fast_read.json,114084,7c1da471d9c515cc94c777e13047ef81d1616bf5f090f3f98743e32c654d9181,Read current small bytes
02_current_runnable_runtime_and_frozen400_directions,Git,work/d2a_cert_preflight/h240_switch_then_stay_S160_average250.json,work/d2a_cert_preflight/h240_switch_then_stay_S160_average250.json,116949,b84c9645f31be4677835a3a74564d05b4dfc543dee6f5a7a2940bd3ee100c23b,Read current small bytes
02_current_runnable_runtime_and_frozen400_directions,Git,work/d2a_cert_preflight/h240_switch_then_stay_S160_point_last_fast_read.json,work/d2a_cert_preflight/h240_switch_then_stay_S160_point_last_fast_read.json,116862,cef86e8d5f848069155b26c2e324ee2d0d4ba9f3a420ac5233b9f84d654a66ec,Read current small bytes
02_current_runnable_runtime_and_frozen400_directions,Git,work/d2a_cert_preflight/h240_switch_then_stay_S180_average250.json,work/d2a_cert_preflight/h240_switch_then_stay_S180_average250.json,120709,66383e11c7144111504f24a90d0cdc5e9f0a9805b5029fe804cceec2b865a298,Read current small bytes
02_current_runnable_runtime_and_frozen400_directions,Git,work/d2a_cert_preflight/h240_switch_then_stay_S180_point_last_fast_read.json,work/d2a_cert_preflight/h240_switch_then_stay_S180_point_last_fast_read.json,120644,be12aa6420600ae9e62bc3cdc3e36ad3e44d8d158ae939400fdac9bc3fb568bc,Read current small bytes
02_current_runnable_runtime_and_frozen400_directions,Git,work/d2a_cert_preflight/h240_switch_then_stay_S200_average250.json,work/d2a_cert_preflight/h240_switch_then_stay_S200_average250.json,107541,d437077af8acded09232e3f1424b68cb9a5c3942afe1a2a19305f2ce81a8c67d,Read current small bytes
02_current_runnable_runtime_and_frozen400_directions,Git,work/d2a_cert_preflight/h240_switch_then_stay_S200_point_last_fast_read.json,work/d2a_cert_preflight/h240_switch_then_stay_S200_point_last_fast_read.json,107631,de77d903c4da5934f8caf2e11832c9a26ab593b2bf77dbc0ccd9ed864dea2575,Read current small bytes
02_current_runnable_runtime_and_frozen400_directions,Git,work/d2a_cert_preflight/h240_switch_then_stay_S20_average250.json,work/d2a_cert_preflight/h240_switch_then_stay_S20_average250.json,136180,e2918714909cd4c3a37bd6e2494ef721558da10c1a78b3985e347b1ba030c35d,Read current small bytes
02_current_runnable_runtime_and_frozen400_directions,Git,work/d2a_cert_preflight/h240_switch_then_stay_S20_point_last_fast_read.json,work/d2a_cert_preflight/h240_switch_then_stay_S20_point_last_fast_read.json,135740,20911d83e34d2271531fcd3d07d6896a8b91be1644f50f804606bc8351722e0e,Read current small bytes
02_current_runnable_runtime_and_frozen400_directions,Git,work/d2a_cert_preflight/h240_switch_then_stay_S220_average250.json,work/d2a_cert_preflight/h240_switch_then_stay_S220_average250.json,110409,6ff5b1511b1815ceec0f8237236b72b0ce6654289165bd335c6f8f70d683ad4b,Read current small bytes
02_current_runnable_runtime_and_frozen400_directions,Git,work/d2a_cert_preflight/h240_switch_then_stay_S220_point_last_fast_read.json,work/d2a_cert_preflight/h240_switch_then_stay_S220_point_last_fast_read.json,110790,ac2ad50216f2139b68a02f02d7ba43efe61640c83fca32b1f2dfb8d645401c64,Read current small bytes
02_current_runnable_runtime_and_frozen400_directions,Git,work/d2a_cert_preflight/h240_switch_then_stay_S240_average250.json,work/d2a_cert_preflight/h240_switch_then_stay_S240_average250.json,110691,5ac19ea1e3d17a95cb4788ac5f386072a5d89a6c92cae8393ef71c42440f637e,Read current small bytes
02_current_runnable_runtime_and_frozen400_directions,Git,work/d2a_cert_preflight/h240_switch_then_stay_S240_point_last_fast_read.json,work/d2a_cert_preflight/h240_switch_then_stay_S240_point_last_fast_read.json,110454,10820edfed3121e41ec118ea9c0d6fea551d20d390035d4c096dc8c090842ae0,Read current small bytes
02_current_runnable_runtime_and_frozen400_directions,Git,work/d2a_cert_preflight/h240_switch_then_stay_S40_average250.json,work/d2a_cert_preflight/h240_switch_then_stay_S40_average250.json,123458,983baca991f14725dd0e359560d5eae9132ed8ffe5027e54f7f29543318b634d,Read current small bytes
02_current_runnable_runtime_and_frozen400_directions,Git,work/d2a_cert_preflight/h240_switch_then_stay_S40_point_last_fast_read.json,work/d2a_cert_preflight/h240_switch_then_stay_S40_point_last_fast_read.json,123070,47ac0fb811664166851bd0dd6516841b97fdd5e962e978bfe85dce77a3e9c482,Read current small bytes
02_current_runnable_runtime_and_frozen400_directions,Git,work/d2a_cert_preflight/h240_switch_then_stay_S60_average250.json,work/d2a_cert_preflight/h240_switch_then_stay_S60_average250.json,134209,8740665f7695dc158f8b0fdfe37d1974a1b85448db43d0af6980e39dc3f5d17f,Read current small bytes
02_current_runnable_runtime_and_frozen400_directions,Git,work/d2a_cert_preflight/h240_switch_then_stay_S60_point_last_fast_read.json,work/d2a_cert_preflight/h240_switch_then_stay_S60_point_last_fast_read.json,133956,e12f60c4aba2262620f768a378f933341192d1b62aeaf46d364810cd297cc8b8,Read current small bytes
02_current_runnable_runtime_and_frozen400_directions,Git,work/d2a_cert_preflight/h240_switch_then_stay_S80_average250.json,work/d2a_cert_preflight/h240_switch_then_stay_S80_average250.json,122344,0765e880ee0ac2c6f5647db1a4745842aa85bea603576b703675f4f13bba0908,Read current small bytes
02_current_runnable_runtime_and_frozen400_directions,Git,work/d2a_cert_preflight/h240_switch_then_stay_S80_point_last_fast_read.json,work/d2a_cert_preflight/h240_switch_then_stay_S80_point_last_fast_read.json,122030,7908508cda7b3a45273ccf314ae1dbc1a91e2914b2f75e720d98ec40cedb8bd3,Read current small bytes
02_current_runnable_runtime_and_frozen400_directions,Git,work/d2a_cert_preflight/h240_terminal_balanced_average250.json,work/d2a_cert_preflight/h240_terminal_balanced_average250.json,110693,dddcc311526b0942a22399f783c82e6062da6e6bb564e6f958b90a8703847b48,Read current small bytes
02_current_runnable_runtime_and_frozen400_directions,Git,work/d2a_cert_preflight/h240_terminal_balanced_point_last_fast_read.json,work/d2a_cert_preflight/h240_terminal_balanced_point_last_fast_read.json,110456,7c39826bd504e2827a4db5ba27aed64a30d3994ae29ee61cecaca46377816ed9,Read current small bytes
02_current_runnable_runtime_and_frozen400_directions,Git,work/d2a_cert_preflight/h300_fixed20_average250.json,work/d2a_cert_preflight/h300_fixed20_average250.json,144886,62fe576a46e0f5ff00c8b4844633b2d6f5ef8c1ebc18eee4a97e38bd12f0780b,Read current small bytes
02_current_runnable_runtime_and_frozen400_directions,Git,work/d2a_cert_preflight/h300_fixed20_point_last_fast_read.json,work/d2a_cert_preflight/h300_fixed20_point_last_fast_read.json,144834,59ca7763360ed6dda7f5130568fe1b20021ff433a66f7248f5c5d9710f052cee,Read current small bytes
02_current_runnable_runtime_and_frozen400_directions,Git,work/d2a_cert_preflight/h300_fixed40_average250.json,work/d2a_cert_preflight/h300_fixed40_average250.json,176222,c8c3d1e38e9bfc467d9fa0baf27d3b0ce7e8a374ea934b3ddce32c8307f600fc,Read current small bytes
02_current_runnable_runtime_and_frozen400_directions,Git,work/d2a_cert_preflight/h300_fixed40_point_last_fast_read.json,work/d2a_cert_preflight/h300_fixed40_point_last_fast_read.json,175890,e77133b5ee031a6d2f0b662b728fe1bef10c578ad31f3744c691380a8cf49689,Read current small bytes
02_current_runnable_runtime_and_frozen400_directions,Git,work/d2a_cert_preflight/h300_fixed76_average250.json,work/d2a_cert_preflight/h300_fixed76_average250.json,186071,3037efeddbe713778b31eedd61c153404b2c57ec569e802c3bf404c9243ba29c,Read current small bytes
02_current_runnable_runtime_and_frozen400_directions,Git,work/d2a_cert_preflight/h300_fixed76_point_last_fast_read.json,work/d2a_cert_preflight/h300_fixed76_point_last_fast_read.json,185589,ed24d5631229bac6f0cc7472a774ba6c3766719479252fbff9c3d3a4cb81a359,Read current small bytes
02_current_runnable_runtime_and_frozen400_directions,Git,work/d2a_cert_preflight/h300_stay_average250.json,work/d2a_cert_preflight/h300_stay_average250.json,169813,60446f54350bce757114545a90b5872c9bd2a27e9e0f2615cb9368c0b0d1ee64,Read current small bytes
02_current_runnable_runtime_and_frozen400_directions,Git,work/d2a_cert_preflight/h300_stay_point_last_fast_read.json,work/d2a_cert_preflight/h300_stay_point_last_fast_read.json,169215,619110fc7e537c3372bb32696085251b0709ad19e426b5dd264d4b6e97cb8870,Read current small bytes
02_current_runnable_runtime_and_frozen400_directions,Git,work/d2a_cert_preflight/h300_switch_then_stay_S100_average250.json,work/d2a_cert_preflight/h300_switch_then_stay_S100_average250.json,160956,6e0bfb3e841c1ade42c6751d6b78a2448a2fb5f998dffd1b15542c0ff5eb15d1,Read current small bytes
02_current_runnable_runtime_and_frozen400_directions,Git,work/d2a_cert_preflight/h300_switch_then_stay_S100_point_last_fast_read.json,work/d2a_cert_preflight/h300_switch_then_stay_S100_point_last_fast_read.json,160488,a3fdcd12fb6d0ca407a6a0de2905f450bdbbc79064e936d4fb6c54f0def63ac7,Read current small bytes
02_current_runnable_runtime_and_frozen400_directions,Git,work/d2a_cert_preflight/h300_switch_then_stay_S120_average250.json,work/d2a_cert_preflight/h300_switch_then_stay_S120_average250.json,163080,4bf4c634063cf66ff4ccc55da6a424d02ef92c5089ab062a5f4c93c8ab65c0b5,Read current small bytes
02_current_runnable_runtime_and_frozen400_directions,Git,work/d2a_cert_preflight/h300_switch_then_stay_S120_point_last_fast_read.json,work/d2a_cert_preflight/h300_switch_then_stay_S120_point_last_fast_read.json,162582,4e9cc874f6ce2403e3f8748c3ebc7e2c7a4dddabee2e7e620795ea2f3c974f44,Read current small bytes
02_current_runnable_runtime_and_frozen400_directions,Git,work/d2a_cert_preflight/h300_switch_then_stay_S140_average250.json,work/d2a_cert_preflight/h300_switch_then_stay_S140_average250.json,150932,644a1c07d17f823f6666926e715d2e33befe510180d5293681c0ab2265be9d58,Read current small bytes
02_current_runnable_runtime_and_frozen400_directions,Git,work/d2a_cert_preflight/h300_switch_then_stay_S140_point_last_fast_read.json,work/d2a_cert_preflight/h300_switch_then_stay_S140_point_last_fast_read.json,150269,c6f6614a69b94fc6ec8c83031e815889d59ba321f5f7ec230ec1a9fd8142bd1e,Read current small bytes
02_current_runnable_runtime_and_frozen400_directions,Git,work/d2a_cert_preflight/h300_switch_then_stay_S160_average250.json,work/d2a_cert_preflight/h300_switch_then_stay_S160_average250.json,153292,c50bb595f32bf38a59de63153ca2ded624a9f1d54860413c7bd468d3c09a73fe,Read current small bytes
02_current_runnable_runtime_and_frozen400_directions,Git,work/d2a_cert_preflight/h300_switch_then_stay_S160_point_last_fast_read.json,work/d2a_cert_preflight/h300_switch_then_stay_S160_point_last_fast_read.json,153047,a467ca81ce78edeb89aa8feee458123b17de94ec51a97a2e27dc9679800a943e,Read current small bytes
02_current_runnable_runtime_and_frozen400_directions,Git,work/d2a_cert_preflight/h300_switch_then_stay_S180_average250.json,work/d2a_cert_preflight/h300_switch_then_stay_S180_average250.json,157052,9bcb99a714eeb9e92a7e5a219c44143252f866de4ffe04e12ca353009763c992,Read current small bytes
02_current_runnable_runtime_and_frozen400_directions,Git,work/d2a_cert_preflight/h300_switch_then_stay_S180_point_last_fast_read.json,work/d2a_cert_preflight/h300_switch_then_stay_S180_point_last_fast_read.json,156829,97c2646688d35288de3fd194ae32177e16da83825ed2a447e0946dc2b1463aff,Read current small bytes
02_current_runnable_runtime_and_frozen400_directions,Git,work/d2a_cert_preflight/h300_switch_then_stay_S200_average250.json,work/d2a_cert_preflight/h300_switch_then_stay_S200_average250.json,143884,e7a306ab6a794ec8d7115eacc49c122eb84efbd79f1eeb29df190fa2c54f5f66,Read current small bytes
02_current_runnable_runtime_and_frozen400_directions,Git,work/d2a_cert_preflight/h300_switch_then_stay_S200_point_last_fast_read.json,work/d2a_cert_preflight/h300_switch_then_stay_S200_point_last_fast_read.json,143816,05a26d60a49670b13f10a6d47ab86c4a42c833f6e495f6e50c83c3018d1ffc71,Read current small bytes
02_current_runnable_runtime_and_frozen400_directions,Git,work/d2a_cert_preflight/h300_switch_then_stay_S20_average250.json,work/d2a_cert_preflight/h300_switch_then_stay_S20_average250.json,169823,982e7aacd9e7dd46ffd22cda1c2b245c5305b581bb6c23e51258e98d4400feeb,Read current small bytes
02_current_runnable_runtime_and_frozen400_directions,Git,work/d2a_cert_preflight/h300_switch_then_stay_S20_point_last_fast_read.json,work/d2a_cert_preflight/h300_switch_then_stay_S20_point_last_fast_read.json,169225,4d3e307c090ebb0cab69ac997160d6c897784bcc6c0d23b7d29d87e9948b1ad5,Read current small bytes
02_current_runnable_runtime_and_frozen400_directions,Git,work/d2a_cert_preflight/h300_switch_then_stay_S220_average250.json,work/d2a_cert_preflight/h300_switch_then_stay_S220_average250.json,146744,61432078970acd1f1ea46716024108177b34640c184088ba86fa31bb76e118ab,Read current small bytes
02_current_runnable_runtime_and_frozen400_directions,Git,work/d2a_cert_preflight/h300_switch_then_stay_S220_point_last_fast_read.json,work/d2a_cert_preflight/h300_switch_then_stay_S220_point_last_fast_read.json,147046,94e4ca8cf28e2c21b83f4ad10f60ae74000a66f265d787f4f3ade420114c2951,Read current small bytes
02_current_runnable_runtime_and_frozen400_directions,Git,work/d2a_cert_preflight/h300_switch_then_stay_S240_average250.json,work/d2a_cert_preflight/h300_switch_then_stay_S240_average250.json,150340,ccc52b32aefb4e67d19a902bc33ef5f35a6ad835c0dd2d303409f4ee38feefab,Read current small bytes
02_current_runnable_runtime_and_frozen400_directions,Git,work/d2a_cert_preflight/h300_switch_then_stay_S240_point_last_fast_read.json,work/d2a_cert_preflight/h300_switch_then_stay_S240_point_last_fast_read.json,149855,023c27fa4e806105c90f7b38850c1382132a423e3f957c16f417fa41ce758fcb,Read current small bytes
02_current_runnable_runtime_and_frozen400_directions,Git,work/d2a_cert_preflight/h300_switch_then_stay_S260_average250.json,work/d2a_cert_preflight/h300_switch_then_stay_S260_average250.json,138380,dee20b10101c2228765f5e40bcac85f08b3a9e070b8063706271043465cd6b45,Read current small bytes
02_current_runnable_runtime_and_frozen400_directions,Git,work/d2a_cert_preflight/h300_switch_then_stay_S260_point_last_fast_read.json,work/d2a_cert_preflight/h300_switch_then_stay_S260_point_last_fast_read.json,138064,29a52f2410fa95d4f4364b555aedec5541eea1148e1e135b28ed68fb684e2947,Read current small bytes
02_current_runnable_runtime_and_frozen400_directions,Git,work/d2a_cert_preflight/h300_switch_then_stay_S280_average250.json,work/d2a_cert_preflight/h300_switch_then_stay_S280_average250.json,139873,b2a51432d2c8b389be1c5942191deffcc6eb08a3b7fff2e7bf146fe552ce624c,Read current small bytes
02_current_runnable_runtime_and_frozen400_directions,Git,work/d2a_cert_preflight/h300_switch_then_stay_S280_point_last_fast_read.json,work/d2a_cert_preflight/h300_switch_then_stay_S280_point_last_fast_read.json,139348,3f50742ab3ec776d16f067fb186a06c75cbaa764181ed09750c0ef00adee2657,Read current small bytes
02_current_runnable_runtime_and_frozen400_directions,Git,work/d2a_cert_preflight/h300_switch_then_stay_S300_average250.json,work/d2a_cert_preflight/h300_switch_then_stay_S300_average250.json,139508,e03267c6c71bdfa6ef6275fbfb887c44970b390222170e49110b0140921dad0f,Read current small bytes
02_current_runnable_runtime_and_frozen400_directions,Git,work/d2a_cert_preflight/h300_switch_then_stay_S300_point_last_fast_read.json,work/d2a_cert_preflight/h300_switch_then_stay_S300_point_last_fast_read.json,138732,5fad5b836ab0875478efc00206dca25705621a1ed211ad15a6ec66ee31169a1e,Read current small bytes
02_current_runnable_runtime_and_frozen400_directions,Git,work/d2a_cert_preflight/h300_switch_then_stay_S40_average250.json,work/d2a_cert_preflight/h300_switch_then_stay_S40_average250.json,157161,c83a13785c96765f4fa1f6df728e5a6dc69c261063d3800fdeb94aa0cc7ca10e,Read current small bytes
02_current_runnable_runtime_and_frozen400_directions,Git,work/d2a_cert_preflight/h300_switch_then_stay_S40_point_last_fast_read.json,work/d2a_cert_preflight/h300_switch_then_stay_S40_point_last_fast_read.json,156615,eff1cd898cdaa22f70d315cb923dadd0b9d618cccaee84dbb630bd0161dccce9,Read current small bytes
02_current_runnable_runtime_and_frozen400_directions,Git,work/d2a_cert_preflight/h300_switch_then_stay_S60_average250.json,work/d2a_cert_preflight/h300_switch_then_stay_S60_average250.json,170552,f61ca4db336af07bd5b0de99d745c733b2a5b0b8bedec630ab4b1c5a07ccfcca,Read current small bytes
02_current_runnable_runtime_and_frozen400_directions,Git,work/d2a_cert_preflight/h300_switch_then_stay_S60_point_last_fast_read.json,work/d2a_cert_preflight/h300_switch_then_stay_S60_point_last_fast_read.json,170141,29673d75caf11033980058ccd44ede54f112e4374b5645afcba0937479027d4f,Read current small bytes
02_current_runnable_runtime_and_frozen400_directions,Git,work/d2a_cert_preflight/h300_switch_then_stay_S80_average250.json,work/d2a_cert_preflight/h300_switch_then_stay_S80_average250.json,158687,719e863e09d02c839f52a3148f8a88d10d1a2493a99870e37c10ca04afe41410,Read current small bytes
02_current_runnable_runtime_and_frozen400_directions,Git,work/d2a_cert_preflight/h300_switch_then_stay_S80_point_last_fast_read.json,work/d2a_cert_preflight/h300_switch_then_stay_S80_point_last_fast_read.json,158215,279f800efe7de9743672c3c697e9e46032ae55d5636f3890ac050b00531b7d77,Read current small bytes
02_current_runnable_runtime_and_frozen400_directions,Git,work/d2a_cert_preflight/h300_terminal_balanced_average250.json,work/d2a_cert_preflight/h300_terminal_balanced_average250.json,139510,2302b0c6964dd0dff38a4dce0732acad5cc96d2034c143b017358c30912538d2,Read current small bytes
02_current_runnable_runtime_and_frozen400_directions,Git,work/d2a_cert_preflight/h300_terminal_balanced_point_last_fast_read.json,work/d2a_cert_preflight/h300_terminal_balanced_point_last_fast_read.json,138734,55371cbcf935919ab8bd78d6553a72ad0bbadcc3b17aa713a3535a9f9a89d61e,Read current small bytes
02_current_runnable_runtime_and_frozen400_directions,Git,work/d2a_cert_preflight/h400_fixed20_average250.json,work/d2a_cert_preflight/h400_fixed20_average250.json,195315,82abfcb708b43f9239dafecdd4317c44c6ed0cf5dda01036c8b648750f866a4e,Read current small bytes
02_current_runnable_runtime_and_frozen400_directions,Git,work/d2a_cert_preflight/h400_fixed20_point_last_fast_read.json,work/d2a_cert_preflight/h400_fixed20_point_last_fast_read.json,195154,a29242b2e6e7dc7fae745759f6cd3c9d7736d22ed38d55e50b4340d58499311d,Read current small bytes
02_current_runnable_runtime_and_frozen400_directions,Git,work/d2a_cert_preflight/h400_fixed40_average250.json,work/d2a_cert_preflight/h400_fixed40_average250.json,235915,d4565f53856b6b4e8c78a9f655b68609c812983c50be1e028b391c2c77369366,Read current small bytes
02_current_runnable_runtime_and_frozen400_directions,Git,work/d2a_cert_preflight/h400_fixed40_point_last_fast_read.json,work/d2a_cert_preflight/h400_fixed40_point_last_fast_read.json,234548,02d12e76a55d9dc3e55645c39941d9ae33db83eb2057ca5b63a05be669560100,Read current small bytes
02_current_runnable_runtime_and_frozen400_directions,Git,work/d2a_cert_preflight/h400_fixed76_average250.json,work/d2a_cert_preflight/h400_fixed76_average250.json,256130,8b020e8a90f851b4be8c1958316e0481ebca73fa3077dd13b30a3d28860a605e,Read current small bytes
02_current_runnable_runtime_and_frozen400_directions,Git,work/d2a_cert_preflight/h400_fixed76_point_last_fast_read.json,work/d2a_cert_preflight/h400_fixed76_point_last_fast_read.json,255410,819cd66b7359bb9e933eb8762212423ed0c778ca93d7e05f3221d32824dcc90a,Read current small bytes
02_current_runnable_runtime_and_frozen400_directions,Git,work/d2a_cert_preflight/h400_stay_average250.json,work/d2a_cert_preflight/h400_stay_average250.json,225908,3b5529289e1011a92a0ea0ed85f24d8c18b8766033b346c6be0717a81edd906d,Read current small bytes
02_current_runnable_runtime_and_frozen400_directions,Git,work/d2a_cert_preflight/h400_stay_point_last_fast_read.json,work/d2a_cert_preflight/h400_stay_point_last_fast_read.json,225116,ab003c90871efbbf81266a2d7ac7e0a03a0131fefdd2dc7de2cdc459bf995ae3,Read current small bytes
02_current_runnable_runtime_and_frozen400_directions,Git,work/d2a_cert_preflight/h400_switch_then_stay_S100_average250.json,work/d2a_cert_preflight/h400_switch_then_stay_S100_average250.json,221543,bae7d28ffcff1cae4e7382e7c89041f48ffd9cae35b4214cff30cae48e88c2ae,Read current small bytes
02_current_runnable_runtime_and_frozen400_directions,Git,work/d2a_cert_preflight/h400_switch_then_stay_S100_point_last_fast_read.json,work/d2a_cert_preflight/h400_switch_then_stay_S100_point_last_fast_read.json,220881,df31d2260a4f3d17dc39043bcd3fe89996ace9e9369832bc17b4b16b3f0d1c4f,Read current small bytes
02_current_runnable_runtime_and_frozen400_directions,Git,work/d2a_cert_preflight/h400_switch_then_stay_S120_average250.json,work/d2a_cert_preflight/h400_switch_then_stay_S120_average250.json,223667,aeb01d7439c2d6fab16ab076007fdb71d10bd1cbe151171060b0b5dc4069669d,Read current small bytes
02_current_runnable_runtime_and_frozen400_directions,Git,work/d2a_cert_preflight/h400_switch_then_stay_S120_point_last_fast_read.json,work/d2a_cert_preflight/h400_switch_then_stay_S120_point_last_fast_read.json,222975,fec8bff5e16b3352412fec45f1fbf6448f20c32f63d05fb0b44c6d6bf5cff7bf,Read current small bytes
02_current_runnable_runtime_and_frozen400_directions,Git,work/d2a_cert_preflight/h400_switch_then_stay_S140_average250.json,work/d2a_cert_preflight/h400_switch_then_stay_S140_average250.json,211519,e669ae4431c128963cf71a4fa2b4eadc4df4b1699aa2d79105934e163aa83520,Read current small bytes
02_current_runnable_runtime_and_frozen400_directions,Git,work/d2a_cert_preflight/h400_switch_then_stay_S140_point_last_fast_read.json,work/d2a_cert_preflight/h400_switch_then_stay_S140_point_last_fast_read.json,210662,76704b09e560f3ecbaa0177572f5e240fb6fe72fa71c825ed9b7b1363ef9448d,Read current small bytes
02_current_runnable_runtime_and_frozen400_directions,Git,work/d2a_cert_preflight/h400_switch_then_stay_S160_average250.json,work/d2a_cert_preflight/h400_switch_then_stay_S160_average250.json,213879,a2144083b4176894c66e3bd6967d278a092a26b02fa316662ace982da6633583,Read current small bytes
02_current_runnable_runtime_and_frozen400_directions,Git,work/d2a_cert_preflight/h400_switch_then_stay_S160_point_last_fast_read.json,work/d2a_cert_preflight/h400_switch_then_stay_S160_point_last_fast_read.json,213440,c1e74a799c250de587705557f053b1fc0da31ceef1d310c90ba087421eec295d,Read current small bytes
02_current_runnable_runtime_and_frozen400_directions,Git,work/d2a_cert_preflight/h400_switch_then_stay_S180_average250.json,work/d2a_cert_preflight/h400_switch_then_stay_S180_average250.json,217639,8b4a6f3baebf1ad7ae30f95733f6a5168210a7d737f30571c36e31362b7f5ae4,Read current small bytes
02_current_runnable_runtime_and_frozen400_directions,Git,work/d2a_cert_preflight/h400_switch_then_stay_S180_point_last_fast_read.json,work/d2a_cert_preflight/h400_switch_then_stay_S180_point_last_fast_read.json,217222,a1788839c51ef9b26b973250d5bedb9678b1609007518233df1beb3cfdfe74dc,Read current small bytes
02_current_runnable_runtime_and_frozen400_directions,Git,work/d2a_cert_preflight/h400_switch_then_stay_S200_average250.json,work/d2a_cert_preflight/h400_switch_then_stay_S200_average250.json,204471,dacc4729c0bd45275db016aaacd82044730aa2c6e0703931673d5de266090b6a,Read current small bytes
02_current_runnable_runtime_and_frozen400_directions,Git,work/d2a_cert_preflight/h400_switch_then_stay_S200_point_last_fast_read.json,work/d2a_cert_preflight/h400_switch_then_stay_S200_point_last_fast_read.json,204209,8ae3502a4403224e74792925dd4306ec4a6ded751f1d23e11ff32798ba0a4771,Read current small bytes
02_current_runnable_runtime_and_frozen400_directions,Git,work/d2a_cert_preflight/h400_switch_then_stay_S20_average250.json,work/d2a_cert_preflight/h400_switch_then_stay_S20_average250.json,225918,1c8081cb75233e671aad63a77e8e041d054eb47a1c736524e49a22317d89d69f,Read current small bytes
02_current_runnable_runtime_and_frozen400_directions,Git,work/d2a_cert_preflight/h400_switch_then_stay_S20_point_last_fast_read.json,work/d2a_cert_preflight/h400_switch_then_stay_S20_point_last_fast_read.json,225126,10a76f4ad785e74f73ed058f3b3f8c35ccbc294a8848012e09b0cd05a4c656b6,Read current small bytes
02_current_runnable_runtime_and_frozen400_directions,Git,work/d2a_cert_preflight/h400_switch_then_stay_S220_average250.json,work/d2a_cert_preflight/h400_switch_then_stay_S220_average250.json,207331,ae5ff9eec65f2b9a8bfa0b64082d86639299c319bcb08f2e7bb3b49b2051a511,Read current small bytes
02_current_runnable_runtime_and_frozen400_directions,Git,work/d2a_cert_preflight/h400_switch_then_stay_S220_point_last_fast_read.json,work/d2a_cert_preflight/h400_switch_then_stay_S220_point_last_fast_read.json,207439,2ee0af93be375c7638cbbef87ad03c97b71acc8ab14784d78449ddd964a53f73,Read current small bytes
02_current_runnable_runtime_and_frozen400_directions,Git,work/d2a_cert_preflight/h400_switch_then_stay_S240_average250.json,work/d2a_cert_preflight/h400_switch_then_stay_S240_average250.json,210927,67f0b6d53e1ed3da180d605a16e4cb3adbe2b326a44f9a9538348e983020ab38,Read current small bytes
02_current_runnable_runtime_and_frozen400_directions,Git,work/d2a_cert_preflight/h400_switch_then_stay_S240_point_last_fast_read.json,work/d2a_cert_preflight/h400_switch_then_stay_S240_point_last_fast_read.json,210248,2c93bacd3beecf95ec3998a9179a2ab9bf2458ecfd05a68a270f94609ad09a15,Read current small bytes
02_current_runnable_runtime_and_frozen400_directions,Git,work/d2a_cert_preflight/h400_switch_then_stay_S260_average250.json,work/d2a_cert_preflight/h400_switch_then_stay_S260_average250.json,198967,b1d4c63712605d72747134d4ea196ca535e87acb2c5202e5ed938591f50d1ae1,Read current small bytes
02_current_runnable_runtime_and_frozen400_directions,Git,work/d2a_cert_preflight/h400_switch_then_stay_S260_point_last_fast_read.json,work/d2a_cert_preflight/h400_switch_then_stay_S260_point_last_fast_read.json,198457,6159af34116423f2cd6a4231cc6c9dd5ce0af02a8d23b0ca22ad4a85a63d1b41,Read current small bytes
02_current_runnable_runtime_and_frozen400_directions,Git,work/d2a_cert_preflight/h400_switch_then_stay_S280_average250.json,work/d2a_cert_preflight/h400_switch_then_stay_S280_average250.json,201429,cf8ff2cee31e4732b19c4688289f2d341183d0b700a35618dd5edd20147ef074,Read current small bytes
02_current_runnable_runtime_and_frozen400_directions,Git,work/d2a_cert_preflight/h400_switch_then_stay_S280_point_last_fast_read.json,work/d2a_cert_preflight/h400_switch_then_stay_S280_point_last_fast_read.json,200480,3597fd804db6b771598a0ae2dc78a44076f63eb7a01353c2c4d8f3682f6d418f,Read current small bytes
02_current_runnable_runtime_and_frozen400_directions,Git,work/d2a_cert_preflight/h400_switch_then_stay_S300_average250.json,work/d2a_cert_preflight/h400_switch_then_stay_S300_average250.json,205098,5d0755d7183d7287eb8be96f0a0ae20557f135eb9337e747c659698309e889e5,Read current small bytes
02_current_runnable_runtime_and_frozen400_directions,Git,work/d2a_cert_preflight/h400_switch_then_stay_S300_point_last_fast_read.json,work/d2a_cert_preflight/h400_switch_then_stay_S300_point_last_fast_read.json,204242,be8d08610e9b6407f80daf818ba4bf0242bcd76e027f314f2401b0b3478d3b7f,Read current small bytes
02_current_runnable_runtime_and_frozen400_directions,Git,work/d2a_cert_preflight/h400_switch_then_stay_S320_average250.json,work/d2a_cert_preflight/h400_switch_then_stay_S320_average250.json,208358,c82675424727f96ca033857a9bb79d0777d7d30c74c4ebff7d050210e3446f05,Read current small bytes
02_current_runnable_runtime_and_frozen400_directions,Git,work/d2a_cert_preflight/h400_switch_then_stay_S320_point_last_fast_read.json,work/d2a_cert_preflight/h400_switch_then_stay_S320_point_last_fast_read.json,207770,ab6f1ab8b02e930c24443d03d06b1d12506531ef9fdfe546321e1bdff9a1b835,Read current small bytes
02_current_runnable_runtime_and_frozen400_directions,Git,work/d2a_cert_preflight/h400_switch_then_stay_S340_average250.json,work/d2a_cert_preflight/h400_switch_then_stay_S340_average250.json,195284,cf21810b87cad84437479428070232e062e018cead6a6dd273c9fd4761c38294,Read current small bytes
02_current_runnable_runtime_and_frozen400_directions,Git,work/d2a_cert_preflight/h400_switch_then_stay_S340_point_last_fast_read.json,work/d2a_cert_preflight/h400_switch_then_stay_S340_point_last_fast_read.json,194572,f36136996cd4179f44e8fff5c6629f6cced6761e820571d340e85767f2b265f6,Read current small bytes
02_current_runnable_runtime_and_frozen400_directions,Git,work/d2a_cert_preflight/h400_switch_then_stay_S360_average250.json,work/d2a_cert_preflight/h400_switch_then_stay_S360_average250.json,198769,096b58e212020a467b9d1d438689eb9efb4a4ff3f5db4e75b25ad2d050e6f43e,Read current small bytes
02_current_runnable_runtime_and_frozen400_directions,Git,work/d2a_cert_preflight/h400_switch_then_stay_S360_point_last_fast_read.json,work/d2a_cert_preflight/h400_switch_then_stay_S360_point_last_fast_read.json,197734,a6d34d98eba8015e2695e3282611abb29e013b21f31b41badcb783166f00bc4c,Read current small bytes
02_current_runnable_runtime_and_frozen400_directions,Git,work/d2a_cert_preflight/h400_switch_then_stay_S380_average250.json,work/d2a_cert_preflight/h400_switch_then_stay_S380_average250.json,199122,52f5c657a81fb58c5719be0a1836d10677f994775f800383b65836073c45fd31,Read current small bytes
02_current_runnable_runtime_and_frozen400_directions,Git,work/d2a_cert_preflight/h400_switch_then_stay_S380_point_last_fast_read.json,work/d2a_cert_preflight/h400_switch_then_stay_S380_point_last_fast_read.json,198347,88ab56766c20b3fee6033cf328b97ef87cbf0771cee30d36ae1d527b0c69eb6c,Read current small bytes
02_current_runnable_runtime_and_frozen400_directions,Git,work/d2a_cert_preflight/h400_switch_then_stay_S400_average250.json,work/d2a_cert_preflight/h400_switch_then_stay_S400_average250.json,198220,40fd244a7e84129c4345a5236e8d75281e341e0ef403afd69f52ba16020d3ddd,Read current small bytes
02_current_runnable_runtime_and_frozen400_directions,Git,work/d2a_cert_preflight/h400_switch_then_stay_S400_point_last_fast_read.json,work/d2a_cert_preflight/h400_switch_then_stay_S400_point_last_fast_read.json,198241,b6b19b1f619a288fd278d6ff2a5eda6039de4642762e3108e78d13902a6305b7,Read current small bytes
02_current_runnable_runtime_and_frozen400_directions,Git,work/d2a_cert_preflight/h400_switch_then_stay_S40_average250.json,work/d2a_cert_preflight/h400_switch_then_stay_S40_average250.json,213348,d2407c134411b64bdc5f42fbc6fa4774b5b8e240ff77d8cebebead23b2f8a2d3,Read current small bytes
02_current_runnable_runtime_and_frozen400_directions,Git,work/d2a_cert_preflight/h400_switch_then_stay_S40_point_last_fast_read.json,work/d2a_cert_preflight/h400_switch_then_stay_S40_point_last_fast_read.json,212608,1c8a39de970782614ca78c036e5b1d3dfe4e93fb2f3ca4ebf579e999537b147e,Read current small bytes
02_current_runnable_runtime_and_frozen400_directions,Git,work/d2a_cert_preflight/h400_switch_then_stay_S60_average250.json,work/d2a_cert_preflight/h400_switch_then_stay_S60_average250.json,231139,972118e8804d39f9fbc44f0e529fe7a2eb773d0acde2faa926ed5e9682e18543,Read current small bytes
02_current_runnable_runtime_and_frozen400_directions,Git,work/d2a_cert_preflight/h400_switch_then_stay_S60_point_last_fast_read.json,work/d2a_cert_preflight/h400_switch_then_stay_S60_point_last_fast_read.json,230534,058fece0fb3da4de9abed733e8c194fb9dea4280800ed107a9d18997309686ab,Read current small bytes
02_current_runnable_runtime_and_frozen400_directions,Git,work/d2a_cert_preflight/h400_switch_then_stay_S80_average250.json,work/d2a_cert_preflight/h400_switch_then_stay_S80_average250.json,219274,125ddba26b516fa58a502d1bf57e3dbf8f08d4af620d5851bb87d60c425c6e04,Read current small bytes
02_current_runnable_runtime_and_frozen400_directions,Git,work/d2a_cert_preflight/h400_switch_then_stay_S80_point_last_fast_read.json,work/d2a_cert_preflight/h400_switch_then_stay_S80_point_last_fast_read.json,218608,9f7eaeacf4a6b8569165219f09708b7c9cb3dd1bc73abb4402d76d25dad0baaf,Read current small bytes
02_current_runnable_runtime_and_frozen400_directions,Git,work/d2a_cert_preflight/h400_terminal_balanced_average250.json,work/d2a_cert_preflight/h400_terminal_balanced_average250.json,198222,9738416ba757137891d4b3e3247d608770dfc3726b6fe4f825a33eaa2d093633,Read current small bytes
02_current_runnable_runtime_and_frozen400_directions,Git,work/d2a_cert_preflight/h400_terminal_balanced_point_last_fast_read.json,work/d2a_cert_preflight/h400_terminal_balanced_point_last_fast_read.json,198243,eacc592297a66dbe9c0477ccf4555b5fc8475d584511d222fc7c25557add6a09,Read current small bytes
02_current_runnable_runtime_and_frozen400_directions,Git,work/d2a_cert_preflight/h40_fixed20_average250.json,work/d2a_cert_preflight/h40_fixed20_average250.json,18174,eaea596818eba0803b49c361e94d9ba44bdc5aeec58d81c55c84cb280565a1fe,Read current small bytes
02_current_runnable_runtime_and_frozen400_directions,Git,work/d2a_cert_preflight/h40_fixed20_point_last_fast_read.json,work/d2a_cert_preflight/h40_fixed20_point_last_fast_read.json,18146,1b3367a92443986587cd4bd36e627ff0541300a3efdda53fc38ac43b804b1a30,Read current small bytes
02_current_runnable_runtime_and_frozen400_directions,Git,work/d2a_cert_preflight/h40_fixed40_average250.json,work/d2a_cert_preflight/h40_fixed40_average250.json,24665,ef9a9df7ed49298ef416cdfbf05991f94c485a9e344d5c69d136644c53ae9904,Read current small bytes
02_current_runnable_runtime_and_frozen400_directions,Git,work/d2a_cert_preflight/h40_fixed40_point_last_fast_read.json,work/d2a_cert_preflight/h40_fixed40_point_last_fast_read.json,24601,26c6001f08020189ad2995769157311d14151ca2041ea22ae1e9f451604eaec2,Read current small bytes
02_current_runnable_runtime_and_frozen400_directions,Git,work/d2a_cert_preflight/h40_fixed76_average250.json,work/d2a_cert_preflight/h40_fixed76_average250.json,24665,97bb3470908bf49b2ae40e537673e70873da11b5c43f476e0202ce61b85015c7,Read current small bytes
02_current_runnable_runtime_and_frozen400_directions,Git,work/d2a_cert_preflight/h40_fixed76_point_last_fast_read.json,work/d2a_cert_preflight/h40_fixed76_point_last_fast_read.json,24601,58177d4fe2a61c7cc449fb11bcf5ba3f6723869b10e1644eb399f221acd3faea,Read current small bytes
02_current_runnable_runtime_and_frozen400_directions,Git,work/d2a_cert_preflight/h40_stay_average250.json,work/d2a_cert_preflight/h40_stay_average250.json,24662,662e1781cc40a0d468492336458f7e5e771cdb0f37cf34fbdd4c4cbf44f97d46,Read current small bytes
02_current_runnable_runtime_and_frozen400_directions,Git,work/d2a_cert_preflight/h40_stay_point_last_fast_read.json,work/d2a_cert_preflight/h40_stay_point_last_fast_read.json,24598,17fbdbf6482f9b5bb40abf15657a2086cc79388645e547096e373faa206cd290,Read current small bytes
02_current_runnable_runtime_and_frozen400_directions,Git,work/d2a_cert_preflight/h40_switch_then_stay_S20_average250.json,work/d2a_cert_preflight/h40_switch_then_stay_S20_average250.json,24672,acbfb9ba245f920bef80b5b4ad204a30dc12cc530dc3024f6a6e03c37e11ab57,Read current small bytes
02_current_runnable_runtime_and_frozen400_directions,Git,work/d2a_cert_preflight/h40_switch_then_stay_S20_point_last_fast_read.json,work/d2a_cert_preflight/h40_switch_then_stay_S20_point_last_fast_read.json,24608,eed4cebadef8b42b91ce209a9c7a31fbfb1e4d777cbc1c1c7655fc2acfff5f9e,Read current small bytes
02_current_runnable_runtime_and_frozen400_directions,Git,work/d2a_cert_preflight/h40_switch_then_stay_S40_average250.json,work/d2a_cert_preflight/h40_switch_then_stay_S40_average250.json,11810,38f45677c76e7f2e67ba3f7350a2eb37577c0ddf6815a8cd0232898123ddb0a3,Read current small bytes
02_current_runnable_runtime_and_frozen400_directions,Git,work/d2a_cert_preflight/h40_switch_then_stay_S40_point_last_fast_read.json,work/d2a_cert_preflight/h40_switch_then_stay_S40_point_last_fast_read.json,11798,36ebd4d376cbefcd289d92a3938f1ceeb2077598bd5918e076a3f1097e282036,Read current small bytes
02_current_runnable_runtime_and_frozen400_directions,Git,work/d2a_cert_preflight/h40_terminal_balanced_average250.json,work/d2a_cert_preflight/h40_terminal_balanced_average250.json,11813,75a4865786313f0b37356e828718ed713661d5fb714bcd9da951a46903329d97,Read current small bytes
02_current_runnable_runtime_and_frozen400_directions,Git,work/d2a_cert_preflight/h40_terminal_balanced_point_last_fast_read.json,work/d2a_cert_preflight/h40_terminal_balanced_point_last_fast_read.json,11801,86a6fc6fc3d62f6ffe271ddb1b1b1b836b68854d772cba9f473d286558cdb01e,Read current small bytes
02_current_runnable_runtime_and_frozen400_directions,Git,work/d2a_cert_preflight/h500_fixed20_average250.json,work/d2a_cert_preflight/h500_fixed20_average250.json,244821,581c096dca1c0ec768e44aea9bffd848a3448c1aa9f86f91d34a2953b45196f9,Read current small bytes
02_current_runnable_runtime_and_frozen400_directions,Git,work/d2a_cert_preflight/h500_fixed20_point_last_fast_read.json,work/d2a_cert_preflight/h500_fixed20_point_last_fast_read.json,245885,8cd73c91f0c0ca46e806625bee1ce155ce9038528e5380c323595c8f71c70a50,Read current small bytes
02_current_runnable_runtime_and_frozen400_directions,Git,work/d2a_cert_preflight/h500_fixed40_average250.json,work/d2a_cert_preflight/h500_fixed40_average250.json,295718,6b029dd2d8a9d6cbe1844de9228fbac55f9463e9946df573bc7c1fd351c58707,Read current small bytes
02_current_runnable_runtime_and_frozen400_directions,Git,work/d2a_cert_preflight/h500_fixed40_point_last_fast_read.json,work/d2a_cert_preflight/h500_fixed40_point_last_fast_read.json,295548,3eb81c4c2da11b369b726c2a0750bae90f79cfb2ec4963a25031857aabb31170,Read current small bytes
02_current_runnable_runtime_and_frozen400_directions,Git,work/d2a_cert_preflight/h500_fixed76_average250.json,work/d2a_cert_preflight/h500_fixed76_average250.json,323748,ced5af3c55ba59eb3af6e8f42253cd1c57f5e53357f1860633bd20a18f29f098,Read current small bytes
02_current_runnable_runtime_and_frozen400_directions,Git,work/d2a_cert_preflight/h500_fixed76_point_last_fast_read.json,work/d2a_cert_preflight/h500_fixed76_point_last_fast_read.json,323922,4553caf52879cb4135f9e365ef30d37bccdceb30adbecc69e34155d6260fd4aa,Read current small bytes
02_current_runnable_runtime_and_frozen400_directions,Git,work/d2a_cert_preflight/h500_stay_average250.json,work/d2a_cert_preflight/h500_stay_average250.json,313912,11d6d2e758d9dfbeed1700a465e71c51158abf745739651a0b70b458a9af3088,Read current small bytes
02_current_runnable_runtime_and_frozen400_directions,Git,work/d2a_cert_preflight/h500_stay_point_last_fast_read.json,work/d2a_cert_preflight/h500_stay_point_last_fast_read.json,313061,8e34fd355a41e4bb4732d8e99603c09aca9f2e4591db54c62b5b2160ac3eb7ca,Read current small bytes
02_current_runnable_runtime_and_frozen400_directions,Git,work/d2a_cert_preflight/h500_switch_then_stay_S100_average250.json,work/d2a_cert_preflight/h500_switch_then_stay_S100_average250.json,291368,04a872be4f5e43568247def5695952a9faf038567572df3ffb2d7e8cb121ffb6,Read current small bytes
02_current_runnable_runtime_and_frozen400_directions,Git,work/d2a_cert_preflight/h500_switch_then_stay_S100_point_last_fast_read.json,work/d2a_cert_preflight/h500_switch_then_stay_S100_point_last_fast_read.json,290336,f5b1b52d5e7358968ccb67368178fca83af30fb146eca628128fa19205cb8db5,Read current small bytes
02_current_runnable_runtime_and_frozen400_directions,Git,work/d2a_cert_preflight/h500_switch_then_stay_S120_average250.json,work/d2a_cert_preflight/h500_switch_then_stay_S120_average250.json,293421,37aa021662ac7c292f8a4116c5ed8a73518f61cc2b4f1c2d5fe709fcc8363a30,Read current small bytes
02_current_runnable_runtime_and_frozen400_directions,Git,work/d2a_cert_preflight/h500_switch_then_stay_S120_point_last_fast_read.json,work/d2a_cert_preflight/h500_switch_then_stay_S120_point_last_fast_read.json,292741,76ea25a4da03cf7fe1a8c72d269d28ad020bb5f910432da336d100b90a1b1e0b,Read current small bytes
02_current_runnable_runtime_and_frozen400_directions,Git,work/d2a_cert_preflight/h500_switch_then_stay_S140_average250.json,work/d2a_cert_preflight/h500_switch_then_stay_S140_average250.json,281299,821b309bb88d4c817594eb517f003e821038c37ef199e69f02b9d288bb0e9f75,Read current small bytes
02_current_runnable_runtime_and_frozen400_directions,Git,work/d2a_cert_preflight/h500_switch_then_stay_S140_point_last_fast_read.json,work/d2a_cert_preflight/h500_switch_then_stay_S140_point_last_fast_read.json,280194,69742dd5a18f91162d87fdd602eb48bb81e10d507fd20d4525e5755330349083,Read current small bytes
02_current_runnable_runtime_and_frozen400_directions,Git,work/d2a_cert_preflight/h500_switch_then_stay_S160_average250.json,work/d2a_cert_preflight/h500_switch_then_stay_S160_average250.json,283646,14e19ecc588cede831c03c9f85df514bf0ff7452af06469aa97fc5b8d4a866c1,Read current small bytes
02_current_runnable_runtime_and_frozen400_directions,Git,work/d2a_cert_preflight/h500_switch_then_stay_S160_point_last_fast_read.json,work/d2a_cert_preflight/h500_switch_then_stay_S160_point_last_fast_read.json,283609,c3225256e782058cafaa3652bb91ef87170a30020e4b7b02035d3fd0bee56585,Read current small bytes
02_current_runnable_runtime_and_frozen400_directions,Git,work/d2a_cert_preflight/h500_switch_then_stay_S180_average250.json,work/d2a_cert_preflight/h500_switch_then_stay_S180_average250.json,287155,09862a0a0a292132b1560bc7f9527e445728a56c297b98a8432f623b990901ee,Read current small bytes
02_current_runnable_runtime_and_frozen400_directions,Git,work/d2a_cert_preflight/h500_switch_then_stay_S180_point_last_fast_read.json,work/d2a_cert_preflight/h500_switch_then_stay_S180_point_last_fast_read.json,286399,cab5fdbd50884567c45a7f538404ac3da854e32ec1a1cfdbeadc603b8ef9b22f,Read current small bytes
02_current_runnable_runtime_and_frozen400_directions,Git,work/d2a_cert_preflight/h500_switch_then_stay_S200_average250.json,work/d2a_cert_preflight/h500_switch_then_stay_S200_average250.json,274517,a4a7ab7a7ee1a075ed9d0852465b4386ee392c047abbbac3c546cff1c2ff51db,Read current small bytes
02_current_runnable_runtime_and_frozen400_directions,Git,work/d2a_cert_preflight/h500_switch_then_stay_S200_point_last_fast_read.json,work/d2a_cert_preflight/h500_switch_then_stay_S200_point_last_fast_read.json,273942,b9403e77b3ac60641376c862df619252e68fc6fb7fe280e850d17a608542a84d,Read current small bytes
02_current_runnable_runtime_and_frozen400_directions,Git,work/d2a_cert_preflight/h500_switch_then_stay_S20_average250.json,work/d2a_cert_preflight/h500_switch_then_stay_S20_average250.json,313922,17c70df1302f587b37850913375a877573a4f27791aa2dc0bb35e78c5b40f434,Read current small bytes
02_current_runnable_runtime_and_frozen400_directions,Git,work/d2a_cert_preflight/h500_switch_then_stay_S20_point_last_fast_read.json,work/d2a_cert_preflight/h500_switch_then_stay_S20_point_last_fast_read.json,313071,9c18b7b10a81467033040201044c1ced274b7e8e4392a3f0be6167f81f502a9c,Read current small bytes
02_current_runnable_runtime_and_frozen400_directions,Git,work/d2a_cert_preflight/h500_switch_then_stay_S220_average250.json,work/d2a_cert_preflight/h500_switch_then_stay_S220_average250.json,276066,a6e5724b3900140dd1ee8d8d547c8f1e2491dfce957c4bc6b4a7d601de18298d,Read current small bytes
02_current_runnable_runtime_and_frozen400_directions,Git,work/d2a_cert_preflight/h500_switch_then_stay_S220_point_last_fast_read.json,work/d2a_cert_preflight/h500_switch_then_stay_S220_point_last_fast_read.json,277252,85b231a6de2a8fe0328f3a837bc1bffb6f78f15c31bc6315a8f4fcee126bf4fc,Read current small bytes
02_current_runnable_runtime_and_frozen400_directions,Git,work/d2a_cert_preflight/h500_switch_then_stay_S240_average250.json,work/d2a_cert_preflight/h500_switch_then_stay_S240_average250.json,281113,d686e877c79e9a8ad9971d2cd84ded1c944a3850a3f25ec0fa4bdeb135516cce,Read current small bytes
02_current_runnable_runtime_and_frozen400_directions,Git,work/d2a_cert_preflight/h500_switch_then_stay_S240_point_last_fast_read.json,work/d2a_cert_preflight/h500_switch_then_stay_S240_point_last_fast_read.json,280741,acf6d00c2460cf0fad3cc632a9effc7dbe73cd07196a02eb6abad439bf8d7edb,Read current small bytes
02_current_runnable_runtime_and_frozen400_directions,Git,work/d2a_cert_preflight/h500_switch_then_stay_S260_average250.json,work/d2a_cert_preflight/h500_switch_then_stay_S260_average250.json,268813,a4d538ffe80d24d1a43accbc97a84186a1a8a37e0a7b80b2ac1be482e808b22c,Read current small bytes
02_current_runnable_runtime_and_frozen400_directions,Git,work/d2a_cert_preflight/h500_switch_then_stay_S260_point_last_fast_read.json,work/d2a_cert_preflight/h500_switch_then_stay_S260_point_last_fast_read.json,267830,ff653f446c4258748cbe9ee68e9c7af1ddfd95363e81d32dee1e69314ff198aa,Read current small bytes
02_current_runnable_runtime_and_frozen400_directions,Git,work/d2a_cert_preflight/h500_switch_then_stay_S280_average250.json,work/d2a_cert_preflight/h500_switch_then_stay_S280_average250.json,271101,584b72e14a14f96ca836437e90fc820f5ae96f11534940c8b580c77fb29b1b2a,Read current small bytes
02_current_runnable_runtime_and_frozen400_directions,Git,work/d2a_cert_preflight/h500_switch_then_stay_S280_point_last_fast_read.json,work/d2a_cert_preflight/h500_switch_then_stay_S280_point_last_fast_read.json,271644,970277b50fd5ba897ea8439fedbd31ff58a8a259d40eeee0c11f2abb21ae0818,Read current small bytes
02_current_runnable_runtime_and_frozen400_directions,Git,work/d2a_cert_preflight/h500_switch_then_stay_S300_average250.json,work/d2a_cert_preflight/h500_switch_then_stay_S300_average250.json,274834,b58a029da38dab9a71b2e0e97b909e368013cd8e6c49ff7426d6d2ac47e7b602,Read current small bytes
02_current_runnable_runtime_and_frozen400_directions,Git,work/d2a_cert_preflight/h500_switch_then_stay_S300_point_last_fast_read.json,work/d2a_cert_preflight/h500_switch_then_stay_S300_point_last_fast_read.json,273554,5ffb80a325f1685005d4289591e5077bf5435cb1971ea2c07f3092316981140b,Read current small bytes
02_current_runnable_runtime_and_frozen400_directions,Git,work/d2a_cert_preflight/h500_switch_then_stay_S320_average250.json,work/d2a_cert_preflight/h500_switch_then_stay_S320_average250.json,277817,7e4c6f8f4962de4beee3e67e46238d400516783138d30cbf6fd5129df0c90ab5,Read current small bytes
02_current_runnable_runtime_and_frozen400_directions,Git,work/d2a_cert_preflight/h500_switch_then_stay_S320_point_last_fast_read.json,work/d2a_cert_preflight/h500_switch_then_stay_S320_point_last_fast_read.json,277522,948e5d78ce3fd2e1203e36fe2573b6968a5b4e6d3631e9eb20b4561f14d83b6e,Read current small bytes
02_current_runnable_runtime_and_frozen400_directions,Git,work/d2a_cert_preflight/h500_switch_then_stay_S340_average250.json,work/d2a_cert_preflight/h500_switch_then_stay_S340_average250.json,264988,21acc23efb0b484f60b012c339dd6b3e30da1aa934113aba9c86151e25cbeb22,Read current small bytes
02_current_runnable_runtime_and_frozen400_directions,Git,work/d2a_cert_preflight/h500_switch_then_stay_S340_point_last_fast_read.json,work/d2a_cert_preflight/h500_switch_then_stay_S340_point_last_fast_read.json,265282,705e9e1ea2edc60dfc4988b6aef29a9109b58c3ca03a020eeefa8f247cc14bd7,Read current small bytes
02_current_runnable_runtime_and_frozen400_directions,Git,work/d2a_cert_preflight/h500_switch_then_stay_S360_average250.json,work/d2a_cert_preflight/h500_switch_then_stay_S360_average250.json,268423,00ed16a690d0ba6ed580ecfe494bb5caaa971733c506b6a12558e26267a8f11b,Read current small bytes
02_current_runnable_runtime_and_frozen400_directions,Git,work/d2a_cert_preflight/h500_switch_then_stay_S360_point_last_fast_read.json,work/d2a_cert_preflight/h500_switch_then_stay_S360_point_last_fast_read.json,268433,4b2f101800d4df461863196b6d77dbed30e95085c233c7e2c9c2deedaef425b6,Read current small bytes
02_current_runnable_runtime_and_frozen400_directions,Git,work/d2a_cert_preflight/h500_switch_then_stay_S380_average250.json,work/d2a_cert_preflight/h500_switch_then_stay_S380_average250.json,272847,5a6641ed438cd44bc26ac38fd8fe57925f57f35d0da22a7d91aba90b6a317754,Read current small bytes
02_current_runnable_runtime_and_frozen400_directions,Git,work/d2a_cert_preflight/h500_switch_then_stay_S380_point_last_fast_read.json,work/d2a_cert_preflight/h500_switch_then_stay_S380_point_last_fast_read.json,272284,750857717c9d6642bff10bfd23f31a0ad432d52e46f3077d486a3e8966f6325e,Read current small bytes
02_current_runnable_runtime_and_frozen400_directions,Git,work/d2a_cert_preflight/h500_switch_then_stay_S400_average250.json,work/d2a_cert_preflight/h500_switch_then_stay_S400_average250.json,275414,86d5c5a81ec980748b7df0266ea95d6d25c7733f9228c5225f4062d20f4e5e82,Read current small bytes
02_current_runnable_runtime_and_frozen400_directions,Git,work/d2a_cert_preflight/h500_switch_then_stay_S400_point_last_fast_read.json,work/d2a_cert_preflight/h500_switch_then_stay_S400_point_last_fast_read.json,274737,a73eca338c54f5de966bb18945b24b5555113a8b3b47e38a59b98df71262bef7,Read current small bytes
02_current_runnable_runtime_and_frozen400_directions,Git,work/d2a_cert_preflight/h500_switch_then_stay_S40_average250.json,work/d2a_cert_preflight/h500_switch_then_stay_S40_average250.json,300336,9cf4a715158ab9ce18f56fa9d940e72bf4f6a6a34fed7d26986b5ce01c1a6533,Read current small bytes
02_current_runnable_runtime_and_frozen400_directions,Git,work/d2a_cert_preflight/h500_switch_then_stay_S40_point_last_fast_read.json,work/d2a_cert_preflight/h500_switch_then_stay_S40_point_last_fast_read.json,299537,0bedb7bdb160db952ad4219f128c219537d2aa5fa80cf96c0f0ad4f6c2328264,Read current small bytes
02_current_runnable_runtime_and_frozen400_directions,Git,work/d2a_cert_preflight/h500_switch_then_stay_S420_average250.json,work/d2a_cert_preflight/h500_switch_then_stay_S420_average250.json,274287,6001009ade1fb1598b087374518b87fc48be097ec53fb3846b03f95ab7fc279b,Read current small bytes
02_current_runnable_runtime_and_frozen400_directions,Git,work/d2a_cert_preflight/h500_switch_then_stay_S420_point_last_fast_read.json,work/d2a_cert_preflight/h500_switch_then_stay_S420_point_last_fast_read.json,274910,da9bb1540b744404ef4240ea16fc2fa134b42284443dc04a17e60b254dfa4d14,Read current small bytes
02_current_runnable_runtime_and_frozen400_directions,Git,work/d2a_cert_preflight/h500_switch_then_stay_S440_average250.json,work/d2a_cert_preflight/h500_switch_then_stay_S440_average250.json,258396,8c06315cbb2b9d59bdb29ed9240c2312f83291312700699535af09c6997c5c1b,Read current small bytes
02_current_runnable_runtime_and_frozen400_directions,Git,work/d2a_cert_preflight/h500_switch_then_stay_S440_point_last_fast_read.json,work/d2a_cert_preflight/h500_switch_then_stay_S440_point_last_fast_read.json,256704,c7ac1b70d960deb98b50b96718bf0d3ef330d43a042ae39b9681c19eb8043afb,Read current small bytes
02_current_runnable_runtime_and_frozen400_directions,Git,work/d2a_cert_preflight/h500_switch_then_stay_S460_average250.json,work/d2a_cert_preflight/h500_switch_then_stay_S460_average250.json,257547,37f099327ff6cb2fb1eaf87f1e46fbb156e11203c251231248106336b5cdd789,Read current small bytes
02_current_runnable_runtime_and_frozen400_directions,Git,work/d2a_cert_preflight/h500_switch_then_stay_S460_point_last_fast_read.json,work/d2a_cert_preflight/h500_switch_then_stay_S460_point_last_fast_read.json,257067,0f6277deb4ae15928fe0e1ecd3c74532cdb16a6ba4d9f25f753bbc3362c38d64,Read current small bytes
02_current_runnable_runtime_and_frozen400_directions,Git,work/d2a_cert_preflight/h500_switch_then_stay_S480_average250.json,work/d2a_cert_preflight/h500_switch_then_stay_S480_average250.json,257920,cdb0ccc4ec17e0a41f60ba172e89fe6d8d3ae68fa954ed85085cc251aa8131e3,Read current small bytes
02_current_runnable_runtime_and_frozen400_directions,Git,work/d2a_cert_preflight/h500_switch_then_stay_S480_point_last_fast_read.json,work/d2a_cert_preflight/h500_switch_then_stay_S480_point_last_fast_read.json,257911,473c97c04ad6c1527a267166050733ba47206c0a538a4530dc7efdae3760d7a0,Read current small bytes
02_current_runnable_runtime_and_frozen400_directions,Git,work/d2a_cert_preflight/h500_switch_then_stay_S500_average250.json,work/d2a_cert_preflight/h500_switch_then_stay_S500_average250.json,257846,240d95edf71f45402cf2d370123417eb7be6418bde67bc4ef4dc079e702ba997,Read current small bytes
02_current_runnable_runtime_and_frozen400_directions,Git,work/d2a_cert_preflight/h500_switch_then_stay_S500_point_last_fast_read.json,work/d2a_cert_preflight/h500_switch_then_stay_S500_point_last_fast_read.json,254968,dc5761f78c7d12a2fd2f0c153000817d5812c212de53d9ef4fab174ba8e1cf1f,Read current small bytes
02_current_runnable_runtime_and_frozen400_directions,Git,work/d2a_cert_preflight/h500_switch_then_stay_S60_average250.json,work/d2a_cert_preflight/h500_switch_then_stay_S60_average250.json,301029,6caaf18e9445b764ef9b7fd7c501fe75a723605b88f9e6bba6712613a4fbc5b8,Read current small bytes
02_current_runnable_runtime_and_frozen400_directions,Git,work/d2a_cert_preflight/h500_switch_then_stay_S60_point_last_fast_read.json,work/d2a_cert_preflight/h500_switch_then_stay_S60_point_last_fast_read.json,300447,f3c107ae9f7cb7cbcb4c8a4437630f3d6b6dd70fbf6d45a9d0897197d8cb441c,Read current small bytes
02_current_runnable_runtime_and_frozen400_directions,Git,work/d2a_cert_preflight/h500_switch_then_stay_S80_average250.json,work/d2a_cert_preflight/h500_switch_then_stay_S80_average250.json,289121,100c739f30f150cc049079fb07b617863041907727f9cbdcc879a0c7b1fc66ad,Read current small bytes
02_current_runnable_runtime_and_frozen400_directions,Git,work/d2a_cert_preflight/h500_switch_then_stay_S80_point_last_fast_read.json,work/d2a_cert_preflight/h500_switch_then_stay_S80_point_last_fast_read.json,288229,fe6c1c8d30ad9ecd2095ac98995890bddc3723447f26add0f095f9539ec08131,Read current small bytes
02_current_runnable_runtime_and_frozen400_directions,Git,work/d2a_cert_preflight/h500_terminal_balanced_average250.json,work/d2a_cert_preflight/h500_terminal_balanced_average250.json,257848,737691d0d3115e70db63b2555df8c0691de4970e2ff05d15df0cb38196d9043e,Read current small bytes
02_current_runnable_runtime_and_frozen400_directions,Git,work/d2a_cert_preflight/h500_terminal_balanced_point_last_fast_read.json,work/d2a_cert_preflight/h500_terminal_balanced_point_last_fast_read.json,254970,64a4c23551ed1cb6336cc8390ebe8f55f96ec5171a395a58fd1cca2b157dc381,Read current small bytes
02_current_runnable_runtime_and_frozen400_directions,Git,work/d2a_cert_preflight/h600_fixed20_average250.json,work/d2a_cert_preflight/h600_fixed20_average250.json,296385,484ef2a8976db367c0c48168362e20137b6b456700af17acce45895e807bbfd5,Read current small bytes
02_current_runnable_runtime_and_frozen400_directions,Git,work/d2a_cert_preflight/h600_fixed20_point_last_fast_read.json,work/d2a_cert_preflight/h600_fixed20_point_last_fast_read.json,295851,21563d40e8ab420703c74dfb7faeb218f79cc9acebe30603add411cd62892dd8,Read current small bytes
02_current_runnable_runtime_and_frozen400_directions,Git,work/d2a_cert_preflight/h600_fixed40_average250.json,work/d2a_cert_preflight/h600_fixed40_average250.json,356040,6316cdfcb1dc1015c3c2c551bfa3a10e178914a0de3208bed9fc25a8a34900a5,Read current small bytes
02_current_runnable_runtime_and_frozen400_directions,Git,work/d2a_cert_preflight/h600_fixed40_point_last_fast_read.json,work/d2a_cert_preflight/h600_fixed40_point_last_fast_read.json,355370,5f0253d76362c9f3d12067af38b5be8f11ea639e7c25e308c5ade37e2f390f8c,Read current small bytes
02_current_runnable_runtime_and_frozen400_directions,Git,work/d2a_cert_preflight/h600_fixed76_average250.json,work/d2a_cert_preflight/h600_fixed76_average250.json,394207,b31ac17fc72d364ba47a478d3a1203c44a873161dfb0b96ab09734f3e8c3652b,Read current small bytes
02_current_runnable_runtime_and_frozen400_directions,Git,work/d2a_cert_preflight/h600_fixed76_point_last_fast_read.json,work/d2a_cert_preflight/h600_fixed76_point_last_fast_read.json,393565,cf46e02fd0ec160e9e3dbc5014fb2951f8af6a154b07a5a42a626752e246001d,Read current small bytes
02_current_runnable_runtime_and_frozen400_directions,Git,work/d2a_cert_preflight/h600_stay_average250.json,work/d2a_cert_preflight/h600_stay_average250.json,389876,25fe29e8d7a074922ca0713d5a6c5460b2da6e702c91036b3b5d2f094724f7ac,Read current small bytes
02_current_runnable_runtime_and_frozen400_directions,Git,work/d2a_cert_preflight/h600_stay_point_last_fast_read.json,work/d2a_cert_preflight/h600_stay_point_last_fast_read.json,389749,ddc0a9de26476bd3bfdd3c891383efac45d55e1eac7e91232fe160c5bf43e05b,Read current small bytes
02_current_runnable_runtime_and_frozen400_directions,Git,work/d2a_cert_preflight/h600_switch_then_stay_S100_average250.json,work/d2a_cert_preflight/h600_switch_then_stay_S100_average250.json,367222,d025224a7b5fb8a4be9ef057d8b2729753a8e63bb312dd2421e079d518dd24e1,Read current small bytes
02_current_runnable_runtime_and_frozen400_directions,Git,work/d2a_cert_preflight/h600_switch_then_stay_S100_point_last_fast_read.json,work/d2a_cert_preflight/h600_switch_then_stay_S100_point_last_fast_read.json,366344,cf06900ce626ea48b37a91cd3f2f25661e7d7ed89a6dd3b59e5cc9b87cd37968,Read current small bytes
02_current_runnable_runtime_and_frozen400_directions,Git,work/d2a_cert_preflight/h600_switch_then_stay_S120_average250.json,work/d2a_cert_preflight/h600_switch_then_stay_S120_average250.json,369916,ffd6560183c0b2d821cbdbf3f0bccfbd8b6c653c7f5fb8a7f41073a4f89ff4a6,Read current small bytes
02_current_runnable_runtime_and_frozen400_directions,Git,work/d2a_cert_preflight/h600_switch_then_stay_S120_point_last_fast_read.json,work/d2a_cert_preflight/h600_switch_then_stay_S120_point_last_fast_read.json,368374,b5c943a5149e2ddb6fdbeebf8bf2e23ae30fc8867b7cb6bc60632113e3201968,Read current small bytes
02_current_runnable_runtime_and_frozen400_directions,Git,work/d2a_cert_preflight/h600_switch_then_stay_S140_average250.json,work/d2a_cert_preflight/h600_switch_then_stay_S140_average250.json,357846,1924ea507225452a6ac071b05ba7d4db9db1e6be61b6cb25d54e6a1c4be6fd15,Read current small bytes
02_current_runnable_runtime_and_frozen400_directions,Git,work/d2a_cert_preflight/h600_switch_then_stay_S140_point_last_fast_read.json,work/d2a_cert_preflight/h600_switch_then_stay_S140_point_last_fast_read.json,356919,9ef3c3af5c00b31c7c31bb3831d860e8d80c6454c7ba8c924a7065f40cb517fb,Read current small bytes
02_current_runnable_runtime_and_frozen400_directions,Git,work/d2a_cert_preflight/h600_switch_then_stay_S160_average250.json,work/d2a_cert_preflight/h600_switch_then_stay_S160_average250.json,360931,8129a264c29acda5d837c5f64d89553e16bf041418c913b8b8145f61b20ac214,Read current small bytes
02_current_runnable_runtime_and_frozen400_directions,Git,work/d2a_cert_preflight/h600_switch_then_stay_S160_point_last_fast_read.json,work/d2a_cert_preflight/h600_switch_then_stay_S160_point_last_fast_read.json,359100,18095a057f42ffdffac9f12f94ecde4dd98aebc0785c4c7dcf9c0216ea06cf42,Read current small bytes
02_current_runnable_runtime_and_frozen400_directions,Git,work/d2a_cert_preflight/h600_switch_then_stay_S180_average250.json,work/d2a_cert_preflight/h600_switch_then_stay_S180_average250.json,363460,2f75e3a0952e7e5a0368dd8e2960c78e55f49a28c58a523d1f23e8cbe5bbc011,Read current small bytes
02_current_runnable_runtime_and_frozen400_directions,Git,work/d2a_cert_preflight/h600_switch_then_stay_S180_point_last_fast_read.json,work/d2a_cert_preflight/h600_switch_then_stay_S180_point_last_fast_read.json,362958,840ab33a79fb73320d0a30a34e4f4acb88f5f9515a83aa5f93a63eb603617241,Read current small bytes
02_current_runnable_runtime_and_frozen400_directions,Git,work/d2a_cert_preflight/h600_switch_then_stay_S200_average250.json,work/d2a_cert_preflight/h600_switch_then_stay_S200_average250.json,351454,ccb2cfd8a904c3240c9268d71cded1a5cd934aa5962699ca93fe09a2910fccfd,Read current small bytes
02_current_runnable_runtime_and_frozen400_directions,Git,work/d2a_cert_preflight/h600_switch_then_stay_S200_point_last_fast_read.json,work/d2a_cert_preflight/h600_switch_then_stay_S200_point_last_fast_read.json,350110,fc28dc9b72530eb3346e6c10990295d2071de6e36f99dba7ad4ceca9867aaffe,Read current small bytes
02_current_runnable_runtime_and_frozen400_directions,Git,work/d2a_cert_preflight/h600_switch_then_stay_S20_average250.json,work/d2a_cert_preflight/h600_switch_then_stay_S20_average250.json,389886,36c60df624c2ba6dbabba341b24a6ccb31d79f7af762964ec44ee440080db5e4,Read current small bytes
02_current_runnable_runtime_and_frozen400_directions,Git,work/d2a_cert_preflight/h600_switch_then_stay_S20_point_last_fast_read.json,work/d2a_cert_preflight/h600_switch_then_stay_S20_point_last_fast_read.json,389759,c07d24e12e5c018919eeb190a8a0cdd4945efcfa4031bb70ab936d92bdeb7604,Read current small bytes
02_current_runnable_runtime_and_frozen400_directions,Git,work/d2a_cert_preflight/h600_switch_then_stay_S220_average250.json,work/d2a_cert_preflight/h600_switch_then_stay_S220_average250.json,354016,06b715e8ac1ea468e49c32a2537e77bf577345b15cb05530c1d6ea2ab3206691,Read current small bytes
02_current_runnable_runtime_and_frozen400_directions,Git,work/d2a_cert_preflight/h600_switch_then_stay_S220_point_last_fast_read.json,work/d2a_cert_preflight/h600_switch_then_stay_S220_point_last_fast_read.json,354045,1fa871cfe9a4e572617d51b59e6f4fd6653c197c30820f177bb3d0fc21ac6ced,Read current small bytes
02_current_runnable_runtime_and_frozen400_directions,Git,work/d2a_cert_preflight/h600_switch_then_stay_S240_average250.json,work/d2a_cert_preflight/h600_switch_then_stay_S240_average250.json,356443,03dba52ece61f534846dd2c86922ac34f2d7ab93dbef24e03ea164e87ab14bf0,Read current small bytes
02_current_runnable_runtime_and_frozen400_directions,Git,work/d2a_cert_preflight/h600_switch_then_stay_S240_point_last_fast_read.json,work/d2a_cert_preflight/h600_switch_then_stay_S240_point_last_fast_read.json,355795,d11b18cda7e9d87dad7636fd96a0b2336d53c19189e6fe2c5949a3e11d993eee,Read current small bytes
02_current_runnable_runtime_and_frozen400_directions,Git,work/d2a_cert_preflight/h600_switch_then_stay_S260_average250.json,work/d2a_cert_preflight/h600_switch_then_stay_S260_average250.json,345618,0f60c1cb3c775117059bbbfd93ba62b7eb31f14e6badf07db7440be034f468bb,Read current small bytes
02_current_runnable_runtime_and_frozen400_directions,Git,work/d2a_cert_preflight/h600_switch_then_stay_S260_point_last_fast_read.json,work/d2a_cert_preflight/h600_switch_then_stay_S260_point_last_fast_read.json,345065,11c6b4e12fdbd3ad556bb1c6636e08d8b3ee05b67b38294faa1a392a2284713a,Read current small bytes
02_current_runnable_runtime_and_frozen400_directions,Git,work/d2a_cert_preflight/h600_switch_then_stay_S280_average250.json,work/d2a_cert_preflight/h600_switch_then_stay_S280_average250.json,348301,7a8ef848d2e6b682fef26a07bc19acf6248a2ea185615a737701e74452c8176c,Read current small bytes
02_current_runnable_runtime_and_frozen400_directions,Git,work/d2a_cert_preflight/h600_switch_then_stay_S280_point_last_fast_read.json,work/d2a_cert_preflight/h600_switch_then_stay_S280_point_last_fast_read.json,348264,e544dd0844d9b0222ba7dd07c25db3e9fe13b003693a8c269b9cc848bda61c58,Read current small bytes
02_current_runnable_runtime_and_frozen400_directions,Git,work/d2a_cert_preflight/h600_switch_then_stay_S300_average250.json,work/d2a_cert_preflight/h600_switch_then_stay_S300_average250.json,350752,db0015dd0a87f1d08dd61e4202d70806fbea9916ae9019fe0a3e01f03e786f4f,Read current small bytes
02_current_runnable_runtime_and_frozen400_directions,Git,work/d2a_cert_preflight/h600_switch_then_stay_S300_point_last_fast_read.json,work/d2a_cert_preflight/h600_switch_then_stay_S300_point_last_fast_read.json,351220,88bc6aed7e5df7918e5bee98f01b2f10cb7b655f01016dc3389f85714da25def,Read current small bytes
02_current_runnable_runtime_and_frozen400_directions,Git,work/d2a_cert_preflight/h600_switch_then_stay_S320_average250.json,work/d2a_cert_preflight/h600_switch_then_stay_S320_average250.json,355324,571516288cebaece27ca174c068a82f7b9542698c6855f631ffe9e2b666e4ca2,Read current small bytes
02_current_runnable_runtime_and_frozen400_directions,Git,work/d2a_cert_preflight/h600_switch_then_stay_S320_point_last_fast_read.json,work/d2a_cert_preflight/h600_switch_then_stay_S320_point_last_fast_read.json,352791,8ef1ebf216abfed3ff7c3f77ba11a5b6b99dd2dc72584678dcff038f24d26ae7,Read current small bytes
02_current_runnable_runtime_and_frozen400_directions,Git,work/d2a_cert_preflight/h600_switch_then_stay_S340_average250.json,work/d2a_cert_preflight/h600_switch_then_stay_S340_average250.json,342588,ee3fbb24e9110314d611fbc8090ea44f64166e8e7f8b8553d3e9f108a642406f,Read current small bytes
02_current_runnable_runtime_and_frozen400_directions,Git,work/d2a_cert_preflight/h600_switch_then_stay_S340_point_last_fast_read.json,work/d2a_cert_preflight/h600_switch_then_stay_S340_point_last_fast_read.json,340112,19bd5d68f34c90c3698ad9751ed01856444bebf159f9139b7ba75f5a9fb93b3c,Read current small bytes
02_current_runnable_runtime_and_frozen400_directions,Git,work/d2a_cert_preflight/h600_switch_then_stay_S360_average250.json,work/d2a_cert_preflight/h600_switch_then_stay_S360_average250.json,344808,e463039395831a858ffe801f500b63780173d634a973a1ff728ec574b617b4ba,Read current small bytes
02_current_runnable_runtime_and_frozen400_directions,Git,work/d2a_cert_preflight/h600_switch_then_stay_S360_point_last_fast_read.json,work/d2a_cert_preflight/h600_switch_then_stay_S360_point_last_fast_read.json,345874,3116286f5ed1d933384bf5a1b866a8fc304372480d4b0a36969ba88bf34fabb5,Read current small bytes
02_current_runnable_runtime_and_frozen400_directions,Git,work/d2a_cert_preflight/h600_switch_then_stay_S380_average250.json,work/d2a_cert_preflight/h600_switch_then_stay_S380_average250.json,349593,ba2cb5574fd4c6a513d6a726a0ef5a7f5efe4a23d8987d51004ab07dc1886230,Read current small bytes
02_current_runnable_runtime_and_frozen400_directions,Git,work/d2a_cert_preflight/h600_switch_then_stay_S380_point_last_fast_read.json,work/d2a_cert_preflight/h600_switch_then_stay_S380_point_last_fast_read.json,345964,d115ffd3fe7bc85872e888817ade96b4013c699b992cb1cd6a7e4179ef44b068,Read current small bytes
02_current_runnable_runtime_and_frozen400_directions,Git,work/d2a_cert_preflight/h600_switch_then_stay_S400_average250.json,work/d2a_cert_preflight/h600_switch_then_stay_S400_average250.json,351835,9fc0ffa7e2a9a8344ae0dac24e091390ae7638605320bcdc025edbac48ac24f9,Read current small bytes
02_current_runnable_runtime_and_frozen400_directions,Git,work/d2a_cert_preflight/h600_switch_then_stay_S400_point_last_fast_read.json,work/d2a_cert_preflight/h600_switch_then_stay_S400_point_last_fast_read.json,351611,80a64e910a8d41ad9cbff85d3c26f2709986cd39ea9b7cb12175417725c20b0a,Read current small bytes
02_current_runnable_runtime_and_frozen400_directions,Git,work/d2a_cert_preflight/h600_switch_then_stay_S40_average250.json,work/d2a_cert_preflight/h600_switch_then_stay_S40_average250.json,376400,1eae1416db032cc3ac2cc8d3a2006fa7163b666e5802e8fdcc14c2cc2fe7f77a,Read current small bytes
02_current_runnable_runtime_and_frozen400_directions,Git,work/d2a_cert_preflight/h600_switch_then_stay_S40_point_last_fast_read.json,work/d2a_cert_preflight/h600_switch_then_stay_S40_point_last_fast_read.json,376325,d0e38f2f2ac622564596dfac2f86693220d1f96d81c48d4d73dfc44f9cc71572,Read current small bytes
02_current_runnable_runtime_and_frozen400_directions,Git,work/d2a_cert_preflight/h600_switch_then_stay_S420_average250.json,work/d2a_cert_preflight/h600_switch_then_stay_S420_average250.json,351855,7339ef8244bc15708556bb9e0424e61a0b7660e97842b12e36750738cddcd8e7,Read current small bytes
02_current_runnable_runtime_and_frozen400_directions,Git,work/d2a_cert_preflight/h600_switch_then_stay_S420_point_last_fast_read.json,work/d2a_cert_preflight/h600_switch_then_stay_S420_point_last_fast_read.json,351432,fcdcda7fb7d6214e85b4b2c9f4e1172bb7572f796c018a5d10511d91c6cad5d5,Read current small bytes
02_current_runnable_runtime_and_frozen400_directions,Git,work/d2a_cert_preflight/h600_switch_then_stay_S440_average250.json,work/d2a_cert_preflight/h600_switch_then_stay_S440_average250.json,335323,c215206682ef409c0ec01154c3fbc38d166d096406a6f6fe110c8fc0fa3acbec,Read current small bytes
02_current_runnable_runtime_and_frozen400_directions,Git,work/d2a_cert_preflight/h600_switch_then_stay_S440_point_last_fast_read.json,work/d2a_cert_preflight/h600_switch_then_stay_S440_point_last_fast_read.json,335123,3ec5a39ff1d5d30af0a3a2b95bcc2d2d6e7633310e5a59b9af9a62b1f8fad760,Read current small bytes
02_current_runnable_runtime_and_frozen400_directions,Git,work/d2a_cert_preflight/h600_switch_then_stay_S460_average250.json,work/d2a_cert_preflight/h600_switch_then_stay_S460_average250.json,335442,2de9b711487e5b19cba87dc59e8a1e71dd1d46c6effd26951ef3527628d6fa47,Read current small bytes
02_current_runnable_runtime_and_frozen400_directions,Git,work/d2a_cert_preflight/h600_switch_then_stay_S460_point_last_fast_read.json,work/d2a_cert_preflight/h600_switch_then_stay_S460_point_last_fast_read.json,332559,6e91100ac616f7e4aafac4b00a7e46e34c5f1d79273d8077eddac5a286e6c127,Read current small bytes
02_current_runnable_runtime_and_frozen400_directions,Git,work/d2a_cert_preflight/h600_switch_then_stay_S480_average250.json,work/d2a_cert_preflight/h600_switch_then_stay_S480_average250.json,334839,1cd3a18303d88066e92d780adaf9f9460951309a4577e17a3bd511430bb32b79,Read current small bytes
02_current_runnable_runtime_and_frozen400_directions,Git,work/d2a_cert_preflight/h600_switch_then_stay_S480_point_last_fast_read.json,work/d2a_cert_preflight/h600_switch_then_stay_S480_point_last_fast_read.json,334657,bfb2270a9e003f85b4a39ed0dff5e5da2b035f36c07d5cf85bf85930b91524f2,Read current small bytes
02_current_runnable_runtime_and_frozen400_directions,Git,work/d2a_cert_preflight/h600_switch_then_stay_S500_average250.json,work/d2a_cert_preflight/h600_switch_then_stay_S500_average250.json,334024,4d270d6d9f30b63b7ecf042e0028ebece480bf9eead6ff24ea1f9e98c145fef7,Read current small bytes
02_current_runnable_runtime_and_frozen400_directions,Git,work/d2a_cert_preflight/h600_switch_then_stay_S500_point_last_fast_read.json,work/d2a_cert_preflight/h600_switch_then_stay_S500_point_last_fast_read.json,334761,c751998c497243afa2133381c163df0280dfc78565a4777035c3da16e2fc2aef,Read current small bytes
02_current_runnable_runtime_and_frozen400_directions,Git,work/d2a_cert_preflight/h600_switch_then_stay_S520_average250.json,work/d2a_cert_preflight/h600_switch_then_stay_S520_average250.json,335062,1a08755e0f4e707e629710601507f89cbebac64c7548fa40d6615aa7bb92cbdf,Read current small bytes
02_current_runnable_runtime_and_frozen400_directions,Git,work/d2a_cert_preflight/h600_switch_then_stay_S520_point_last_fast_read.json,work/d2a_cert_preflight/h600_switch_then_stay_S520_point_last_fast_read.json,334712,36d4b9bca20364ebfdc070cf0930e73b954d4638fe613b640f5c04c5c3a1af93,Read current small bytes
02_current_runnable_runtime_and_frozen400_directions,Git,work/d2a_cert_preflight/h600_switch_then_stay_S540_average250.json,work/d2a_cert_preflight/h600_switch_then_stay_S540_average250.json,319090,46dc31ac6153055d7cc32dd7cde4296727ea2066789aea7ac896ab5654084878,Read current small bytes
02_current_runnable_runtime_and_frozen400_directions,Git,work/d2a_cert_preflight/h600_switch_then_stay_S540_point_last_fast_read.json,work/d2a_cert_preflight/h600_switch_then_stay_S540_point_last_fast_read.json,317900,61bdc3dfdaf5866780326b32a7161a1be7fcfb75e108319c8e42e06860bbb40a,Read current small bytes
02_current_runnable_runtime_and_frozen400_directions,Git,work/d2a_cert_preflight/h600_switch_then_stay_S560_average250.json,work/d2a_cert_preflight/h600_switch_then_stay_S560_average250.json,318351,1390544c99370027946bace4e298a7c70766eb122ca3f534bde8319399beb487,Read current small bytes
02_current_runnable_runtime_and_frozen400_directions,Git,work/d2a_cert_preflight/h600_switch_then_stay_S560_point_last_fast_read.json,work/d2a_cert_preflight/h600_switch_then_stay_S560_point_last_fast_read.json,319039,fe89cf0e95ca69116396a1b2b5569c3da9479f5852256cd2356e2fa93061769e,Read current small bytes
02_current_runnable_runtime_and_frozen400_directions,Git,work/d2a_cert_preflight/h600_switch_then_stay_S580_average250.json,work/d2a_cert_preflight/h600_switch_then_stay_S580_average250.json,316371,f1a0a431a4caa0567ae6c012fa08a856fa675feee83c4ef934ee76f26cde7852,Read current small bytes
02_current_runnable_runtime_and_frozen400_directions,Git,work/d2a_cert_preflight/h600_switch_then_stay_S580_point_last_fast_read.json,work/d2a_cert_preflight/h600_switch_then_stay_S580_point_last_fast_read.json,317027,8825995945a2ba70c29237e2c54a3b1f097749ecec7877ab6acc15b9c9d62922,Read current small bytes
02_current_runnable_runtime_and_frozen400_directions,Git,work/d2a_cert_preflight/h600_switch_then_stay_S600_average250.json,work/d2a_cert_preflight/h600_switch_then_stay_S600_average250.json,316850,8127934671c502ee55c7fae5403c798e949834cc1c2443ee092da9d4e048f55a,Read current small bytes
02_current_runnable_runtime_and_frozen400_directions,Git,work/d2a_cert_preflight/h600_switch_then_stay_S600_point_last_fast_read.json,work/d2a_cert_preflight/h600_switch_then_stay_S600_point_last_fast_read.json,316825,3baaa4f36a96edeac9f4c5be7c3dab5629cc83494098f74528b4f574980b1443,Read current small bytes
02_current_runnable_runtime_and_frozen400_directions,Git,work/d2a_cert_preflight/h600_switch_then_stay_S60_average250.json,work/d2a_cert_preflight/h600_switch_then_stay_S60_average250.json,376783,496a4072625457f2841f26fdff8e12c8ed702b834302e9917463e54a6fdfbe50,Read current small bytes
02_current_runnable_runtime_and_frozen400_directions,Git,work/d2a_cert_preflight/h600_switch_then_stay_S60_point_last_fast_read.json,work/d2a_cert_preflight/h600_switch_then_stay_S60_point_last_fast_read.json,377009,5716fa615afc8fac8a305901765e154f360b3f1212861f53d3c8b267477d0606,Read current small bytes
02_current_runnable_runtime_and_frozen400_directions,Git,work/d2a_cert_preflight/h600_switch_then_stay_S80_average250.json,work/d2a_cert_preflight/h600_switch_then_stay_S80_average250.json,365808,9f20016302331ea1da3cd4ebe808d04806fa7b7f6a26c7dc20a0b8bc1a2af726,Read current small bytes
02_current_runnable_runtime_and_frozen400_directions,Git,work/d2a_cert_preflight/h600_switch_then_stay_S80_point_last_fast_read.json,work/d2a_cert_preflight/h600_switch_then_stay_S80_point_last_fast_read.json,364867,a295a52997900c94d61268acf39744ad732580b4b5e2836d211cabf9598a23f5,Read current small bytes
02_current_runnable_runtime_and_frozen400_directions,Git,work/d2a_cert_preflight/h600_terminal_balanced_average250.json,work/d2a_cert_preflight/h600_terminal_balanced_average250.json,316852,a6f4f44bd44848f4226d355496dc9d2edc1a7e9e8bb4587d5894139287ed51aa,Read current small bytes
02_current_runnable_runtime_and_frozen400_directions,Git,work/d2a_cert_preflight/h600_terminal_balanced_point_last_fast_read.json,work/d2a_cert_preflight/h600_terminal_balanced_point_last_fast_read.json,316827,cbe420fd66009db10f14d2b25b71812ae7d4508d2cb2fd2e1e7fb7dd22f6dbd7,Read current small bytes
02_current_runnable_runtime_and_frozen400_directions,Git,work/d2a_cert_preflight/h60_fixed20_average250.json,work/d2a_cert_preflight/h60_fixed20_average250.json,29290,80c33ef714c7cb2481fbbf25f37f119c6db7d9bc05c3a27b9a1f9de5f86d8ea0,Read current small bytes
02_current_runnable_runtime_and_frozen400_directions,Git,work/d2a_cert_preflight/h60_fixed20_point_last_fast_read.json,work/d2a_cert_preflight/h60_fixed20_point_last_fast_read.json,29226,b75aa320e1d48949763e9cc717229041418593f16f6b440065a11c547836f820,Read current small bytes
02_current_runnable_runtime_and_frozen400_directions,Git,work/d2a_cert_preflight/h60_fixed40_average250.json,work/d2a_cert_preflight/h60_fixed40_average250.json,32771,275c07e8e049495e77c6059e3c62962f858264594dc8d7849ddbc90398bc8ebd,Read current small bytes
02_current_runnable_runtime_and_frozen400_directions,Git,work/d2a_cert_preflight/h60_fixed40_point_last_fast_read.json,work/d2a_cert_preflight/h60_fixed40_point_last_fast_read.json,32703,45090a7de186123efc491c7a516cbfa470b845327604aeacb4b5a503ca1e07f4,Read current small bytes
02_current_runnable_runtime_and_frozen400_directions,Git,work/d2a_cert_preflight/h60_fixed76_average250.json,work/d2a_cert_preflight/h60_fixed76_average250.json,35741,262dde8178b0b0f50237df6a18394fd56e9780d5f83f252f20a5ed05ecbcacc1,Read current small bytes
02_current_runnable_runtime_and_frozen400_directions,Git,work/d2a_cert_preflight/h60_fixed76_point_last_fast_read.json,work/d2a_cert_preflight/h60_fixed76_point_last_fast_read.json,35641,68d2967d8a882f42c8ad0e8ee69012e1992c2e40c50c2f5f2a52294fd99c9b3a,Read current small bytes
02_current_runnable_runtime_and_frozen400_directions,Git,work/d2a_cert_preflight/h60_stay_average250.json,work/d2a_cert_preflight/h60_stay_average250.json,35738,9ff0783165e67dee11d765087306f9295f7c13e53c0e0caabccbbf96c47fdaf1,Read current small bytes
02_current_runnable_runtime_and_frozen400_directions,Git,work/d2a_cert_preflight/h60_stay_point_last_fast_read.json,work/d2a_cert_preflight/h60_stay_point_last_fast_read.json,35638,c857d60793d2a76560e20f7378523decfcc60457b0688f1a31c3e99aab2d8d93,Read current small bytes
02_current_runnable_runtime_and_frozen400_directions,Git,work/d2a_cert_preflight/h60_switch_then_stay_S20_average250.json,work/d2a_cert_preflight/h60_switch_then_stay_S20_average250.json,35748,c7eebe61150e102f18dfcdd7f7ea586e6454505d2991518468550ce41554685d,Read current small bytes
02_current_runnable_runtime_and_frozen400_directions,Git,work/d2a_cert_preflight/h60_switch_then_stay_S20_point_last_fast_read.json,work/d2a_cert_preflight/h60_switch_then_stay_S20_point_last_fast_read.json,35648,4c5e75dc541e4851c5eb95dfe8fb389a668bab0f0f17175d6b9e3d7ce97589e4,Read current small bytes
02_current_runnable_runtime_and_frozen400_directions,Git,work/d2a_cert_preflight/h60_switch_then_stay_S40_average250.json,work/d2a_cert_preflight/h60_switch_then_stay_S40_average250.json,22866,10ed17a7ad2ff9c7aa3877ba1e33e40bf2372ebe3cc7daa473e9cf236c1d0593,Read current small bytes
02_current_runnable_runtime_and_frozen400_directions,Git,work/d2a_cert_preflight/h60_switch_then_stay_S40_point_last_fast_read.json,work/d2a_cert_preflight/h60_switch_then_stay_S40_point_last_fast_read.json,22818,9f2c9a1d436541819dfc503d6ceb9c08faa089e309aee468d8ed3745450dec89,Read current small bytes
02_current_runnable_runtime_and_frozen400_directions,Git,work/d2a_cert_preflight/h60_switch_then_stay_S60_average250.json,work/d2a_cert_preflight/h60_switch_then_stay_S60_average250.json,25727,b57b57d7bbdbf752c3988fc62f2bb0938002995a9474109e8fbede9572293495,Read current small bytes
02_current_runnable_runtime_and_frozen400_directions,Git,work/d2a_cert_preflight/h60_switch_then_stay_S60_point_last_fast_read.json,work/d2a_cert_preflight/h60_switch_then_stay_S60_point_last_fast_read.json,25814,bafffb73f537e639b3e78c472701b821ca89583d52e212dda60e73ff7254deff,Read current small bytes
02_current_runnable_runtime_and_frozen400_directions,Git,work/d2a_cert_preflight/h60_terminal_balanced_average250.json,work/d2a_cert_preflight/h60_terminal_balanced_average250.json,25730,eda54ddbc6c4783eaf8680b2c90057e2b56b933bfb2df561135000c7e53fa35f,Read current small bytes
02_current_runnable_runtime_and_frozen400_directions,Git,work/d2a_cert_preflight/h60_terminal_balanced_point_last_fast_read.json,work/d2a_cert_preflight/h60_terminal_balanced_point_last_fast_read.json,25817,7fc23ddd8d7d82b235db4d433b385199208caccd072c5183ef1d342bda475a60,Read current small bytes
02_current_runnable_runtime_and_frozen400_directions,Git,work/d2a_cert_preflight/h80_fixed20_average250.json,work/d2a_cert_preflight/h80_fixed20_average250.json,38200,13296542e910079a20eed257730038065bfb4dffdc58bdcf1d4fa8ba1c213eab,Read current small bytes
02_current_runnable_runtime_and_frozen400_directions,Git,work/d2a_cert_preflight/h80_fixed20_point_last_fast_read.json,work/d2a_cert_preflight/h80_fixed20_point_last_fast_read.json,38246,9a652a5dbe61c286f894572eae705bf7e3a4f52a7bf3d20bd53ae776a537e498,Read current small bytes
02_current_runnable_runtime_and_frozen400_directions,Git,work/d2a_cert_preflight/h80_fixed40_average250.json,work/d2a_cert_preflight/h80_fixed40_average250.json,44767,ede8c3ded6db42d788e7d8124a2134240615d94a33d9f0b1684605f10e879f7a,Read current small bytes
02_current_runnable_runtime_and_frozen400_directions,Git,work/d2a_cert_preflight/h80_fixed40_point_last_fast_read.json,work/d2a_cert_preflight/h80_fixed40_point_last_fast_read.json,44671,25da19f4c0f632111a133ddc0ba35839f2cb993537085a6f8589736d50e88dfd,Read current small bytes
02_current_runnable_runtime_and_frozen400_directions,Git,work/d2a_cert_preflight/h80_fixed76_average250.json,work/d2a_cert_preflight/h80_fixed76_average250.json,46817,aab0f173985be704aa08eda55526c16ead2e2dc1856aca3db70e47ce591e4b7c,Read current small bytes
02_current_runnable_runtime_and_frozen400_directions,Git,work/d2a_cert_preflight/h80_fixed76_point_last_fast_read.json,work/d2a_cert_preflight/h80_fixed76_point_last_fast_read.json,46689,1d508e16a9b1a415a50f3c570f04a5b395ed8601ba985692d16273662ddf0ba8,Read current small bytes
02_current_runnable_runtime_and_frozen400_directions,Git,work/d2a_cert_preflight/h80_stay_average250.json,work/d2a_cert_preflight/h80_stay_average250.json,46814,ca466e01a1986db445bdb6830f36d827a71947b3b86eb7a9b4654424ec5b4c93,Read current small bytes
02_current_runnable_runtime_and_frozen400_directions,Git,work/d2a_cert_preflight/h80_stay_point_last_fast_read.json,work/d2a_cert_preflight/h80_stay_point_last_fast_read.json,46686,6dea9a40553adf1c736c19ca40b810dcf12c5d65fb29e636e407b10514c5ae1d,Read current small bytes
02_current_runnable_runtime_and_frozen400_directions,Git,work/d2a_cert_preflight/h80_switch_then_stay_S20_average250.json,work/d2a_cert_preflight/h80_switch_then_stay_S20_average250.json,46824,8f9eb2616501117df933b05fc1ce198c092f61b4ac1a8abc36fdbea23d9b6786,Read current small bytes
02_current_runnable_runtime_and_frozen400_directions,Git,work/d2a_cert_preflight/h80_switch_then_stay_S20_point_last_fast_read.json,work/d2a_cert_preflight/h80_switch_then_stay_S20_point_last_fast_read.json,46696,4c7a6791f39e7915ea93b950726465e5c1df33745b6acc8491393dc5bd6f8046,Read current small bytes
02_current_runnable_runtime_and_frozen400_directions,Git,work/d2a_cert_preflight/h80_switch_then_stay_S40_average250.json,work/d2a_cert_preflight/h80_switch_then_stay_S40_average250.json,33942,21e49cb249db0dcdbc0b89fc62262815cb27bb3653d2bcee5985e5d3ccc1f2e5,Read current small bytes
02_current_runnable_runtime_and_frozen400_directions,Git,work/d2a_cert_preflight/h80_switch_then_stay_S40_point_last_fast_read.json,work/d2a_cert_preflight/h80_switch_then_stay_S40_point_last_fast_read.json,33866,c4f8382b96470bc4a105d560de38fa446050dfe38856b12f7301679e4e90909f,Read current small bytes
02_current_runnable_runtime_and_frozen400_directions,Git,work/d2a_cert_preflight/h80_switch_then_stay_S60_average250.json,work/d2a_cert_preflight/h80_switch_then_stay_S60_average250.json,37663,18bcc7be03bfec01e092120cbaab814af83680da3758079ccb842f1f1246f58f,Read current small bytes
02_current_runnable_runtime_and_frozen400_directions,Git,work/d2a_cert_preflight/h80_switch_then_stay_S60_point_last_fast_read.json,work/d2a_cert_preflight/h80_switch_then_stay_S60_point_last_fast_read.json,37722,af6a82ca06a2247322509ff28a26078513403ee5b027fa4b6d325dc6dcd6b1bc,Read current small bytes
02_current_runnable_runtime_and_frozen400_directions,Git,work/d2a_cert_preflight/h80_switch_then_stay_S80_average250.json,work/d2a_cert_preflight/h80_switch_then_stay_S80_average250.json,25541,a2999e5fe5ed46cdedd737dfb260718bf1f435ddea60d2fe4de1bf4fbe275873,Read current small bytes
02_current_runnable_runtime_and_frozen400_directions,Git,work/d2a_cert_preflight/h80_switch_then_stay_S80_point_last_fast_read.json,work/d2a_cert_preflight/h80_switch_then_stay_S80_point_last_fast_read.json,25548,f740edd88d608eb40fa545cf96fd7b81de75d638f3d0bdfc83f961cbbe7e2eaa,Read current small bytes
02_current_runnable_runtime_and_frozen400_directions,Git,work/d2a_cert_preflight/h80_terminal_balanced_average250.json,work/d2a_cert_preflight/h80_terminal_balanced_average250.json,25544,dddbfd1c84b488fc6c3aa8eccd1695ca81ca0fd0918fb5474260c674477fbedb,Read current small bytes
02_current_runnable_runtime_and_frozen400_directions,Git,work/d2a_cert_preflight/h80_terminal_balanced_point_last_fast_read.json,work/d2a_cert_preflight/h80_terminal_balanced_point_last_fast_read.json,25551,676328d84c5f6185adfd914a6728078f464ccd326ece778fbf956102c91c87c3,Read current small bytes
02_current_runnable_runtime_and_frozen400_directions,Git,work/d2a_cert_preflight_summary.json,work/d2a_cert_preflight_summary.json,521,42a144aa1e509cbbbae53fd966a1fce0fc47cc7886321dd38d366f538b10fe06,Read current small bytes
02_current_runnable_runtime_and_frozen400_directions,Git,work/d2a_cert_prepare_detached_recovery.py,work/d2a_cert_prepare_detached_recovery.py,7560,e54059061b0ae0d7b13f2c84ebdb189fff2743cde334b8ff53a9dda2a779c3df,Read current small bytes
02_current_runnable_runtime_and_frozen400_directions,Git,work/d2a_cert_publish_live.py,work/d2a_cert_publish_live.py,5324,1531e119242b939603f329fde68e7e7a8cb9ec76c69cb387d6781ef4252392ef,Read current small bytes
02_current_runnable_runtime_and_frozen400_directions,Git,work/d2a_cert_rebind_derived.py,work/d2a_cert_rebind_derived.py,8350,2ac3f29121fc91d36f5a88c1517368ec5c1f026e0b06dbb3a3d4f71776ebb048,Read current small bytes
02_current_runnable_runtime_and_frozen400_directions,Git,work/d2a_cert_resume_detached.ps1,work/d2a_cert_resume_detached.ps1,6747,db06bdb17cd1339e777480b26cb93546f8bb81ac50d4f6afdab830f6e8c22466,Read current small bytes
02_current_runnable_runtime_and_frozen400_directions,Git,work/d2a_cert_resume_probe.py,work/d2a_cert_resume_probe.py,1789,8d8e4777b82cda7a52f2abb741a7403fc836805b18dd28297ab149f948007008,Read current small bytes
02_current_runnable_runtime_and_frozen400_directions,Git,work/d2a_cert_runner_audit_v1.md,work/d2a_cert_runner_audit_v1.md,18081,201d8d2334ed49b7e1dc59bb0dd2f6c9baac465d1503cd7dee4ad6a4cad8b8b2,Read current small bytes
02_current_runnable_runtime_and_frozen400_directions,Git,work/d2a_cert_sync_review_table.py,work/d2a_cert_sync_review_table.py,3967,d08683e1e1646465d059fd36614534af56e0c3d51c23b5f79fdccea7162928d8,Read current small bytes
02_current_runnable_runtime_and_frozen400_directions,Git,work/d2a_cert_verify.py,work/d2a_cert_verify.py,6653,208bf51131c28a173e5594c9df4e4d4a9c216afc5e8f1d043fce618a8ee54d2b,Read current small bytes
02_current_runnable_runtime_and_frozen400_directions,Git,work/d2a_cert_verify_artifact_bindings.py,work/d2a_cert_verify_artifact_bindings.py,3839,3540b8a9f9620fb5ef39ebe181e2d5b29f018a52251b952bf76e73599ff5e8b4,Read current small bytes
02_current_runnable_runtime_and_frozen400_directions,Git,work/d2a_core.py,work/d2a_core.py,6891,d14383c0fed9f740682c8b4671f36bb59cd295941603f96988c30336a3ead4f9,Read current small bytes
02_current_runnable_runtime_and_frozen400_directions,Git,work/d2a_discovery.py,work/d2a_discovery.py,1438,49e9e114ec3cd4556ff1a4c071676829cf85129366de115243db120a85b4daf7,Read current small bytes
02_current_runnable_runtime_and_frozen400_directions,Git,work/d2a_extract_r1.py,work/d2a_extract_r1.py,3250,50e88ffa2c14190e56397cebe645870a1176c15fbe613e03715eeee42ea0b473,Read current small bytes
02_current_runnable_runtime_and_frozen400_directions,Git,work/d2a_extraction_receipt.json,work/d2a_extraction_receipt.json,125180,7b33273440ea2bd3ac748428836b17940c76b31f55cf103611189190919b302b,Read current small bytes
02_current_runnable_runtime_and_frozen400_directions,Git,work/d2a_freeze.py,work/d2a_freeze.py,6514,25373c56b4ed2940aa082fad093902a895d7c6ade22713a7f8750aab5f092d37,Read current small bytes
02_current_runnable_runtime_and_frozen400_directions,Git,work/d2a_metadata_guard.py,work/d2a_metadata_guard.py,8003,b2bedb201eaafb5e59f40b55d96040e1895503643210e92b51bdb132b3114122,Read current small bytes
02_current_runnable_runtime_and_frozen400_directions,Git,work/d2a_metadata_guard_fixtures_v1.py,work/d2a_metadata_guard_fixtures_v1.py,5314,f286d6a5684118def4084ce767a3a1fca51e601a4357e38e9c921056a22c1109,Read current small bytes
02_current_runnable_runtime_and_frozen400_directions,Git,work/d2a_metadata_guard_selector_equivalence_v1.py,work/d2a_metadata_guard_selector_equivalence_v1.py,1624,dffb28d83926e7f6f2beda1f4797b55d56cff9e90e46e929d5b3297a4945823a,Read current small bytes
02_current_runnable_runtime_and_frozen400_directions,Git,work/d2a_smoke.py,work/d2a_smoke.py,15817,601046a25971f8881f220b2e135ab434a00294b891a0bd1147fb2da24a7daef8,Read current small bytes
02_current_runnable_runtime_and_frozen400_directions,Git,work/d2a_smoke_results.json,work/d2a_smoke_results.json,10001,58eb2395cad41991be5352abba63998248d99e81b32988ff4067ed84932a9089,Read current small bytes
00_original_user_research_inputs,Release_asset,inputs/CERTO_FDI_STAGE_D1_ACTUAL_DIRECTION_20260919_R1_20260926.zip,inputs/CERTO_FDI_STAGE_D1_ACTUAL_DIRECTION_20260919_R1_20260926.zip,114986329,f703091ace28d9017d0400e07984f4c34f03d5efdba14742f5a3a9f4ea94a60b,Existing imported-copy/source receipts; not rehashed in this plan
00_original_user_research_inputs,Release_asset,inputs/CERTO_FDI_TAC_ADMISSION_REVISION_20260909_FULL.zip,inputs/CERTO_FDI_TAC_ADMISSION_REVISION_20260909_FULL.zip,237126962,2b70de9459f4dd3b48202d14695587f7acb7c63df0a04bed769cad001321c4b9,Existing imported-copy/source receipts; not rehashed in this plan
